{
    "single_qubits": {
        "0": {
            "resonator": {
                "bare_frequency": 7086320000.0,
                "dressed_frequency": 7089152159.902996,
                "depletion_time": null,
                "bare_frequency_amplitude": null
            },
            "qubit": {
                "frequency_01": 5335594913.189317,
                "frequency_12": null,
                "maximum_frequency": 4102583259.0,
                "asymmetry": null,
                "sweetspot": -0.0015647825760739512,
                "flux_coefficients": null
            },
            "readout": {
                "fidelity": 0.8918416157321286,
                "coupling": null,
                "effective_temperature": 0.06072395667845101,
                "ground_state": [
                    -0.004795404806030712,
                    -0.002581270665190872
                ],
                "excited_state": [
                    -0.0056048927794490775,
                    -0.0009761440424538374
                ],
                "qudits_frequency": {}
            },
            "t1": [
                26553.38697065899,
                607.7769507236881
            ],
            "t2": [
                7993.805723773833,
                112.18384216633594
            ],
            "t2_spin_echo": [
                14201.329456581032,
                579.0644958054621
            ],
            "rb_fidelity": [
                0.0,
                null
            ]
        },
        "1": {
            "resonator": {
                "bare_frequency": 7269155770.187287,
                "dressed_frequency": 7279801771.794395,
                "depletion_time": null,
                "bare_frequency_amplitude": null
            },
            "qubit": {
                "frequency_01": 5466865573.312097,
                "frequency_12": null,
                "maximum_frequency": null,
                "asymmetry": null,
                "sweetspot": -0.1764589998577426,
                "flux_coefficients": null
            },
            "readout": {
                "fidelity": 0.8710712852748429,
                "coupling": 0.4999997494710076,
                "effective_temperature": 0.09679365141830454,
                "ground_state": [
                    0.002025432091662403,
                    0.0017884671306604804
                ],
                "excited_state": [
                    -0.0006163869875833568,
                    -0.000043729972734203205
                ],
                "qudits_frequency": {
                    "1": 7272995244.775732
                }
            },
            "t1": [
                18407.0,
                null
            ],
            "t2": [
                11505.0,
                null
            ],
            "t2_spin_echo": [
                13542.0,
                null
            ],
            "rb_fidelity": [
                0.0,
                null
            ]
        },
        "2": {
            "resonator": {
                "bare_frequency": 7475436419.948833,
                "dressed_frequency": 7480088530.6,
                "depletion_time": null,
                "bare_frequency_amplitude": null
            },
            "qubit": {
                "frequency_01": 5496881759.0,
                "frequency_12": null,
                "maximum_frequency": null,
                "asymmetry": null,
                "sweetspot": -0.002575038782624835,
                "flux_coefficients": null
            },
            "readout": {
                "fidelity": 0.44536578841781466,
                "coupling": 0.26954060531473856,
                "effective_temperature": 0.2914427185655201,
                "ground_state": [
                    0.00022203336787755902,
                    -0.0001805160045155317
                ],
                "excited_state": [
                    0.0008863502854772804,
                    -0.0008608590417114848
                ],
                "qudits_frequency": {}
            },
            "t1": [
                8507.0,
                null
            ],
            "t2": [
                3595.0,
                null
            ],
            "t2_spin_echo": [
                14121.0,
                null
            ],
            "rb_fidelity": [
                0.0,
                null
            ]
        },
        "3": {
            "resonator": {
                "bare_frequency": 7675750000.0,
                "dressed_frequency": 7682451519.0,
                "depletion_time": null,
                "bare_frequency_amplitude": null
            },
            "qubit": {
                "frequency_01": 5559624006.0,
                "frequency_12": null,
                "maximum_frequency": null,
                "asymmetry": null,
                "sweetspot": -0.06,
                "flux_coefficients": null
            },
            "readout": {
                "fidelity": 0.4491106058579644,
                "coupling": null,
                "effective_temperature": 0.24967662188063652,
                "ground_state": [
                    -0.000719570515876013,
                    -0.0001536448729784705
                ],
                "excited_state": [
                    -0.0015406220938261627,
                    -0.0005025493839070269
                ],
                "qudits_frequency": {}
            },
            "t1": [
                23964.0,
                null
            ],
            "t2": [
                3255.0,
                null
            ],
            "t2_spin_echo": [
                5900.0,
                null
            ],
            "rb_fidelity": [
                0.0,
                null
            ]
        },
        "4": {
            "resonator": {
                "bare_frequency": 7875100000.0,
                "dressed_frequency": 7818287855.98808,
                "depletion_time": null,
                "bare_frequency_amplitude": null
            },
            "qubit": {
                "frequency_01": 5676932861.117159,
                "frequency_12": null,
                "maximum_frequency": null,
                "asymmetry": null,
                "sweetspot": 0.045948734272566884,
                "flux_coefficients": null
            },
            "readout": {
                "fidelity": 0.8579644242343185,
                "coupling": 0.49999999999999994,
                "effective_temperature": null,
                "ground_state": [
                    0.0006515258994429122,
                    -0.0005329945732580831
                ],
                "excited_state": [
                    0.0009039271961622637,
                    -0.00232330085856834
                ],
                "qudits_frequency": {}
            },
            "t1": [
                7030.0,
                null
            ],
            "t2": [
                9573.0,
                null
            ],
            "t2_spin_echo": [
                8313.0,
                null
            ],
            "rb_fidelity": [
                0.0,
                null
            ]
        }
    },
    "two_qubits": {
        "0-2": {
            "rb_fidelity": [
                0.0,
                null
            ],
            "cz_fidelity": [
                0.0,
                null
            ],
            "coupling": null
        },
        "2-0": {
            "rb_fidelity": [
                0.0,
                null
            ],
            "cz_fidelity": [
                0.0,
                null
            ],
            "coupling": null
        },
        "1-2": {
            "rb_fidelity": [
                0.0,
                null
            ],
            "cz_fidelity": [
                0.0,
                null
            ],
            "coupling": null
        },
        "2-1": {
            "rb_fidelity": [
                0.0,
                null
            ],