{
    "single_qubits": {
        "D0": {
            "resonator": {
                "bare_frequency": 7075900000.0,
                "dressed_frequency": 7077957349.0,
                "depletion_time": null,
                "bare_frequency_amplitude": 0.8
            },
            "qubit": {
                "frequency_01": 3904963406.0,
                "frequency_12": 3630840978.5530863,
                "maximum_frequency": null,
                "asymmetry": null,
                "sweetspot": 0.0,
                "flux_coefficients": null
            },
            "readout": {
                "fidelity": 0.7984084880636605,
                "coupling": 0.0,
                "effective_temperature": 0.06811505050318452,
                "ground_state": [
                    0.0005426675537731935,
                    0.0006739313793415065
                ],
                "excited_state": [
                    -0.00028618836649091215,
                    0.001028210397826151
                ],
                "qudits_frequency": {}
            },
            "t1": [
                35922.12926625037,
                513.5881852332799
            ],
            "t2": [
                5189.422641794425,
                333.7379103588026
            ],
            "t2_spin_echo": [
                17125.98185333951,
                557.1730552477135
            ],
            "rb_fidelity": [
                0.0,
                0.0
            ]
        },
        "D1": {
            "resonator": {
                "bare_frequency": 7185080000.0,
                "dressed_frequency": 7188455274.0,
                "depletion_time": null,
                "bare_frequency_amplitude": null
            },
            "qubit": {
                "frequency_01": 4127307857.472892,
                "frequency_12": null,
                "maximum_frequency": null,
                "asymmetry": null,
                "sweetspot": 0.0,
                "flux_coefficients": null
            },
            "readout": {
                "fidelity": 0.9080612924716855,
                "coupling": 40784950.86901569,
                "effective_temperature": 0.050586939531262476,
                "ground_state": [
                    -0.0003685202282713799,
                    -0.0005842352807750355
                ],
                "excited_state": [
                    0.0007127565501845851,
                    -0.0019209144725857734
                ],
                "qudits_frequency": {
                    "1": 7186694346.069731
                }
            },
            "t1": [
                28630.652027792206,
                570.6455393098647
            ],
            "t2": [
                16827.535741934513,
                649.4115646400732
            ],
            "t2_spin_echo": [
                25535.973159189318,
                1020.8884840402193
            ],
            "rb_fidelity": [
                0.0,
                0.0
            ]
        },
        "D2": {
            "resonator": {
                "bare_frequency": 7291240000.0,
                "dressed_frequency": 7294200730.0,
                "depletion_time": null,
                "bare_frequency_amplitude": null
            },
            "qubit": {
                "frequency_01": 4180218094.2120605,
                "frequency_12": null,
                "maximum_frequency": null,
                "asymmetry": null,
                "sweetspot": 0.0,
                "flux_coefficients": null
            },
            "readout": {
                "fidelity": 0.8037974683544304,
                "coupling": null,
                "effective_temperature": 0.06099605309778901,
                "ground_state": [
                    0.0009400259674826398,
                    -0.00009537183720917359
                ],
                "excited_state": [
                    0.0017193374096474328,
                    -0.0006971327045607454
                ],
                "qudits_frequency": {}
            },
            "t1": [
                30387.82567938828,
                741.9419372384903
            ],
            "t2": [
                16911.957395064976,
                656.9158502443865
            ],
            "t2_spin_echo": [
                21470.423408607352,
                981.4533685224515
            ],
            "rb_fidelity": [
                0.0,
                0.0
            ]
        },
        "D3": {
            "resonator": {
                "bare_frequency": 7381810000.0,
                "dressed_frequency": 7384888221.0,
                "depletion_time": null,
                "bare_frequency_amplitude": null
            },
            "qubit": {
                "frequency_01": 4607735987.104608,
                "frequency_12": null,
                "maximum_frequency": null,
                "asymmetry": null,
                "sweetspot": 0.0,
                "flux_coefficients": null
            },
            "readout": {
                "fidelity": 0.6989389920424403,
                "coupling": null,
                "effective_temperature": 0.06229411583178374,
                "ground_state": [
                    -0.0007274779936898431,
                    0.0003263358003800764
                ],
                "excited_state": [
                    -0.0009837116878034628,
                    -0.0004960037267450981
                ],
                "qudits_frequency": {}
            },
            "t1": [
                4364.694587216811,
                40.08755500611511
            ],
            "t2": [
                6342.933469996506,
                188.486316064986
            ],
            "t2_spin_echo": [
                0.0,
                0.0
            ],
            "rb_fidelity": [
                0.0,
                0.0
            ]
        },
        "D4": {
            "resonator": {
                "bare_frequency": 7496525124.0,
                "dressed_frequency": 7496525124.0,
                "depletion_time": null,
                "bare_frequency_amplitude": null
            },
            "qubit": {
                "frequency_01": 4748214916.441682,
                "frequency_12": null,
                "maximum_frequency": null,
                "asymmetry": null,
                "sweetspot": 0.0,
                "flux_coefficients": null
            },
            "readout": {
                "fidelity": 0.8514588859416445,
                "coupling": 35637828.038601264,
                "effective_temperature": 0.07465137313343102,
                "ground_state": [
                    0.00010443976734408954,
                    0.0012284969438045086
                ],
                "excited_state": [
                    -0.0004348473991180729,
                    0.0005182067566044116
                ],
                "qudits_frequency": {
                    "1": 7497723059.931246
                }
            },
            "t1": [
                18120.196501027116,
                126.46236432236559
            ],
            "t2": [
                16899.147007390373,
                444.16742319239285
            ],
            "t2_spin_echo": [
                23468.233825266427,
                1149.132468530646
            ],
            "rb_fidelity": [
                0.0,
                0.0
            ]
        }
    },
    "two_qubits": {
        "D0-D1": {
            "rb_fidelity": [
                0.0,
                null
            ],
            "cz_fidelity": [
                0.0,
                null
            ],
            "coupling": null
        },
        "D1-D0": {
            "rb_fidelity": [
                0.0,
                null
            ],
            "cz_fidelity": [
                0.0,
                null
            ],
            "coupling": null
        },
        "D1-D2": {
            "rb_fidelity": [
                0.0,
                null
            ],