{
    "single_qubits": {
        "D0": {
            "resonator": {
                "bare_frequency": 7074315629.0,
                "dressed_frequency": 7076556684.0,
                "depletion_time": null,
                "bare_frequency_amplitude": 0.4
            },
            "qubit": {
                "frequency_01": 3808147259.096838,
                "frequency_12": null,
                "maximum_frequency": null,
                "asymmetry": null,
                "sweetspot": 0.0,
                "flux_coefficients": null
            },
            "readout": {
                "fidelity": 0.45799999999999996,
                "coupling": 33417258.086296286,
                "effective_temperature": 0.21449348438757748,
                "ground_state": [
                    -0.003367548119198828,
                    0.0030645764533463603
                ],
                "excited_state": [
                    -0.0022912506106497316,
                    0.0009953937469467512
                ],
                "qudits_frequency": {
                    "1": 7075873347.353968
                }
            },
            "t1": [
                24154.449355594443,
                501.7993509909122
            ],
            "t2": [
                0.0,
                0.0
            ],
            "t2_spin_echo": [
                0.0,
                0.0
            ],
            "rb_fidelity": [
                0.0,
                0.0
            ]
        },
        "D1": {
            "resonator": {
                "bare_frequency": 7185080000.0,
                "dressed_frequency": 7185844826.0,
                "depletion_time": null,
                "bare_frequency_amplitude": null
            },
            "qubit": {
                "frequency_01": 4013658876.0,
                "frequency_12": null,
                "maximum_frequency": null,
                "asymmetry": null,
                "sweetspot": 0.0,
                "flux_coefficients": null
            },
            "readout": {
                "fidelity": 0.5545,
                "coupling": 37584390.69051262,
                "effective_temperature": 0.14212401561751012,
                "ground_state": [
                    -0.0014511343429408892,
                    -0.0006881111382510992
                ],
                "excited_state": [
                    -0.0002288407425500733,
                    -0.001733935515388373
                ],
                "qudits_frequency": {
                    "1": 7184954219.193279
                }
            },
            "t1": [
                18185.274572613223,
                267.8433688848
            ],
            "t2": [
                6634.47319175689,
                291.9435110264415
            ],
            "t2_spin_echo": [
                0.0,
                0.0
            ],
            "rb_fidelity": [
                0.0,
                0.0
            ]
        },
        "D2": {
            "resonator": {
                "bare_frequency": 7289402709.0,
                "dressed_frequency": 7292015702.0,
                "depletion_time": null,
                "bare_frequency_amplitude": 0.4
            },
            "qubit": {
                "frequency_01": 4054825227.0,
                "frequency_12": null,
                "maximum_frequency": null,
                "asymmetry": null,
                "sweetspot": 0.0,
                "flux_coefficients": null
            },
            "readout": {
                "fidelity": 0.6128126253845125,
                "coupling": null,
                "effective_temperature": 0.09472005727399577,
                "ground_state": [
                    0.0017253253838529744,
                    -0.0003164740001692253
                ],
                "excited_state": [
                    0.0031070965126795934,
                    -0.0012675353742357502
                ],
                "qudits_frequency": {}
            },
            "t1": [
                26276.58801727238,
                187.57692382298924
            ],
            "t2": [
                8137.337653413849,
                382.57466391975953
            ],
            "t2_spin_echo": [
                0.0,
                0.0
            ],
            "rb_fidelity": [
                0.0,
                0.0
            ]
        },
        "D3": {
            "resonator": {
                "bare_frequency": 7381810000.0,
                "dressed_frequency": 7383465113.0,
                "depletion_time": null,
                "bare_frequency_amplitude": null
            },
            "qubit": {
                "frequency_01": 4476082793.140858,
                "frequency_12": null,
                "maximum_frequency": null,
                "asymmetry": null,
                "sweetspot": 0.0,
                "flux_coefficients": null
            },
            "readout": {
                "fidelity": null,
                "coupling": null,
                "effective_temperature": null,
                "ground_state": [
                    0.0,
                    0.0
                ],
                "excited_state": [
                    0.0,
                    0.0
                ],
                "qudits_frequency": {}
            },
            "t1": [
                0.0,
                0.0
            ],
            "t2": [
                0.0,
                0.0
            ],
            "t2_spin_echo": [
                0.0,
                0.0
            ],
            "rb_fidelity": [
                0.0,
                0.0
            ]
        },
        "D4": {
            "resonator": {
                "bare_frequency": 7496525124.0,
                "dressed_frequency": 7496713419.0,
                "depletion_time": null,
                "bare_frequency_amplitude": null
            },
            "qubit": {
                "frequency_01": 4704386970.308206,
                "frequency_12": null,
                "maximum_frequency": null,
                "asymmetry": null,
                "sweetspot": 0.0,
                "flux_coefficients": null
            },
            "readout": {
                "fidelity": null,
                "coupling": 35637828.038601264,
                "effective_temperature": null,
                "ground_state": [
                    0.0,
                    0.0
                ],
                "excited_state": [
                    0.0,
                    0.0
                ],
                "qudits_frequency": {
                    "1": 7497723059.931246
                }
            },
            "t1": [
                0.0,
                0.0
            ],
            "t2": [
                0.0,
                0.0
            ],
            "t2_spin_echo": [
                0.0,
                0.0
            ],
            "rb_fidelity": [
                0.0,
                0.0
            ]
        }
    },
    "two_qubits": {
        "D0-D1": {
            "rb_fidelity": [
                0.0,
                null
            ],
            "cz_fidelity": [
                0.0,
                null
            ],
            "coupling": null
        },
        "D1-D0": {
            "rb_fidelity": [
                0.0,
                null
            ],
            "cz_fidelity": [
                0.0,
                null
            ],
            "coupling": null
        },
        "D1-D2": {
            "rb_fidelity": [
                0.0,
                null
            ],
            "cz_fidelity": [
                0.0,
                null
            ],
            "coupling": null
        },
        "D2-D1": {
            "rb_fidelity": [
                0.0,
                null
            ],
            "cz_fidelity": [
                0.0,
                null
            ],
            "coupling": null
        },