{
    "single_qubits": {
        "D0": {
            "resonator": {
                "bare_frequency": 7076032483.0,
                "dressed_frequency": 7078359478.0,
                "depletion_time": null,
                "bare_frequency_amplitude": 0.8
            },
            "qubit": {
                "frequency_01": 3904838057.0,
                "frequency_12": null,
                "maximum_frequency": 4959934413.0,
                "asymmetry": null,
                "sweetspot": 0.24923002174836145,
                "flux_coefficients": null
            },
            "readout": {
                "fidelity": 0.8190450715527617,
                "coupling": 32400487.508362606,
                "effective_temperature": 0.06981157096515904,
                "ground_state": [
                    -0.00035834265014526444,
                    -0.00016126037599478973
                ],
                "excited_state": [
                    -0.0010117049610555114,
                    -0.00023254962470772243
                ],
                "qudits_frequency": {
                    "1": 7124209926.115187
                }
            },
            "t1": [
                21613.072749918065,
                1641.9494551037792
            ],
            "t2": [
                9411.51919854334,
                371.7361841814633
            ],
            "t2_spin_echo": [
                51409.02459487298,
                5876.114444244771
            ],
            "rb_fidelity": [
                0.0,
                null
            ]
        },
        "D1": {
            "resonator": {
                "bare_frequency": 7184927643.0,
                "dressed_frequency": 7187908000.0,
                "depletion_time": null,
                "bare_frequency_amplitude": 0.8
            },
            "qubit": {
                "frequency_01": 4127009337.0,
                "frequency_12": null,
                "maximum_frequency": 5565375100.0,
                "asymmetry": null,
                "sweetspot": 0.2666915320183898,
                "flux_coefficients": null
            },
            "readout": {
                "fidelity": 0.9038384378761536,
                "coupling": 23363914.164294254,
                "effective_temperature": 0.0585848013586932,
                "ground_state": [
                    -0.00026707079454521104,
                    -0.0003194471113640453
                ],
                "excited_state": [
                    -0.00028889310380852533,
                    -0.0012511323059281323
                ],
                "qudits_frequency": {
                    "1": 7362202426.070977
                }
            },
            "t1": [
                14456.887309910746,
                1181.6452511565412
            ],
            "t2": [
                1454.8860997258826,
                196.37717950884107
            ],
            "t2_spin_echo": [
                17124.434274915886,
                685.4498124427028
            ],
            "rb_fidelity": [
                0.0,
                null
            ]
        },
        "D2": {
            "resonator": {
                "bare_frequency": 7291092427.0,
                "dressed_frequency": 7293721000.0,
                "depletion_time": null,
                "bare_frequency_amplitude": 0.8
            },
            "qubit": {
                "frequency_01": 4180120837.0864167,
                "frequency_12": null,
                "maximum_frequency": 5654603536.0,
                "asymmetry": null,
                "sweetspot": -0.22036606290252278,
                "flux_coefficients": null
            },
            "readout": {
                "fidelity": 0.6846361185983828,
                "coupling": null,
                "effective_temperature": 0.17114183109651893,
                "ground_state": [
                    0.003467341141916073,
                    0.001131805172981977
                ],
                "excited_state": [
                    0.00683510504053222,
                    0.003260963933369937
                ],
                "qudits_frequency": {}
            },
            "t1": [
                10894.299859352604,
                2593.764476231177
            ],
            "t2": [
                7982.624577114873,
                362.6527625234233
            ],
            "t2_spin_echo": [
                13444.658677203252,
                739.7008929965252
            ],
            "rb_fidelity": [
                0.0,
                null
            ]
        },
        "D3": {
            "resonator": {
                "bare_frequency": 7381827803.0,
                "dressed_frequency": 7385173000.0,
                "depletion_time": null,
                "bare_frequency_amplitude": 0.8
            },
            "qubit": {
                "frequency_01": 4607662215.236812,
                "frequency_12": null,
                "maximum_frequency": 6250216238.0,
                "asymmetry": null,
                "sweetspot": 0.33320071993137856,
                "flux_coefficients": null
            },
            "readout": {
                "fidelity": 0.5782493368700266,
                "coupling": 22533403.697930478,
                "effective_temperature": 0.25055199446588583,
                "ground_state": [
                    -0.0010611482485103183,
                    -0.004422845416012356
                ],
                "excited_state": [
                    0.0014066969864246798,
                    -0.008852470102459585
                ],
                "qudits_frequency": {
                    "1": 7683670500.3862705
                }
            },
            "t1": [
                14770.477351279475,
                3479.000572174622
            ],
            "t2": [
                1331.3503640014737,
                305.25258768172523
            ],
            "t2_spin_echo": [
                28640.557468016625,
                1916.3927600144552
            ],
            "rb_fidelity": [
                0.0,
                null
            ]
        },
        "D4": {
            "resonator": {
                "bare_frequency": 7495638748.0,
                "dressed_frequency": 7498448000.0,
                "depletion_time": null,
                "bare_frequency_amplitude": 0.8
            },
            "qubit": {
                "frequency_01": 4791709495.700748,
                "frequency_12": null,
                "maximum_frequency": 5532009163.0,
                "asymmetry": null,
                "sweetspot": 0.19943829598554702,
                "flux_coefficients": null
            },
            "readout": {
                "fidelity": 0.32294429708222816,
                "coupling": 27333919.633227345,
                "effective_temperature": 0.3782072284571859,
                "ground_state": [
                    -0.0027960314206845133,
                    -0.0018994077079603439
                ],
                "excited_state": [
                    -0.003460576863685704,
                    -0.001295999850118157
                ],
                "qudits_frequency": {
                    "1": 7624014137.687557
                }
            },
            "t1": [
                23145.027260551535,
                2619.6717862586515
            ],
            "t2": [
                4597.075612368417,
                397.5891312864995
            ],
            "t2_spin_echo": [
                0.0,
                null
            ],
            "rb_fidelity": [
                0.0,
                null
            ]
        }
    },
    "two_qubits": {
        "D0-D1": {
            "rb_fidelity": [
                0.0,
                null
            ],
            "cz_fidelity": [
                0.0,
                null
            ],
            "coupling": null
        },