{
    "single_qubits": {
        "D0": {
            "resonator": {
                "bare_frequency": 7074315629.0,
                "dressed_frequency": 7076556684.0,
                "depletion_time": null,
                "bare_frequency_amplitude": 0.4
            },
            "qubit": {
                "frequency_01": 3808147259.096838,
                "frequency_12": null,
                "maximum_frequency": null,
                "asymmetry": null,
                "sweetspot": 0.0,
                "flux_coefficients": null
            },
            "readout": {
                "fidelity": 0.45799999999999996,
                "coupling": 33417258.086296286,
                "effective_temperature": 0.21449348438757748,
                "ground_state": [
                    -0.003367548119198828,
                    0.0030645764533463603
                ],
                "excited_state": [
                    -0.0022912506106497316,
                    0.0009953937469467512
                ],
                "qudits_frequency": {
                    "1": 7075873347.353968
                }
            },
            "t1": [
                24154.449355594443,
                501.7993509909122
            ],
            "t2": [
                0.0,
                0.0
            ],
            "t2_spin_echo": [
                0.0,
                0.0
            ],
            "rb_fidelity": [
                0.0,
                0.0
            ]
        },
        "D1": {
            "resonator": {
                "bare_frequency": 7183530001.0,
                "dressed_frequency": 7185730001.0,
                "depletion_time": null,
                "bare_frequency_amplitude": 0.6
            },
            "qubit": {
                "frequency_01": 4013700261.0,
                "frequency_12": null,
                "maximum_frequency": null,
                "asymmetry": null,
                "sweetspot": 0.0,
                "flux_coefficients": null
            },
            "readout": {
                "fidelity": 0.6120689655172414,
                "coupling": 37584390.69051262,
                "effective_temperature": 0.1319557672218717,
                "ground_state": [
                    -0.002956571507902101,
                    0.00030894980033554576
                ],
                "excited_state": [
                    -0.004871571776773676,
                    -0.0031003004331887634
                ],
                "qudits_frequency": {
                    "1": 7184954219.193279
                }
            },
            "t1": [
                3729.3347121645356,
                175.67164878923583
            ],
            "t2": [
                4781.80530532531,
                389.19380070335137
            ],
            "t2_spin_echo": [
                6514.283972259705,
                488.3794983946896
            ],
            "rb_fidelity": [
                0.0,
                0.0
            ]
        },
        "D2": {
            "resonator": {
                "bare_frequency": 7289625074.0,
                "dressed_frequency": 7291556201.0,
                "depletion_time": null,
                "bare_frequency_amplitude": 0.6
            },
            "qubit": {
                "frequency_01": 4054739228.0,
                "frequency_12": null,
                "maximum_frequency": null,
                "asymmetry": null,
                "sweetspot": 0.0,
                "flux_coefficients": null
            },
            "readout": {
                "fidelity": 0.4870000000000001,
                "coupling": null,
                "effective_temperature": 0.1733239589281894,
                "ground_state": [
                    0.0005690886663409869,
                    0.0008176758671226185
                ],
                "excited_state": [
                    -0.00045742232535417684,
                    0.0016075161211529067
                ],
                "qudits_frequency": {}
            },
            "t1": [
                44730.24794583734,
                11791.161967572945
            ],
            "t2": [
                19196.322250271387,
                4764.482391447495
            ],
            "t2_spin_echo": [
                6306.974218197324,
                1512.2820041122363
            ],
            "rb_fidelity": [
                0.0,
                0.0
            ]
        },
        "D3": {
            "resonator": {
                "bare_frequency": 7381810000.0,
                "dressed_frequency": 7383399617.0,
                "depletion_time": null,
                "bare_frequency_amplitude": null
            },
            "qubit": {
                "frequency_01": 4475628675.744519,
                "frequency_12": null,
                "maximum_frequency": null,
                "asymmetry": null,
                "sweetspot": 0.0,
                "flux_coefficients": null
            },
            "readout": {
                "fidelity": null,
                "coupling": null,
                "effective_temperature": null,
                "ground_state": [
                    0.0,
                    0.0
                ],
                "excited_state": [
                    0.0,
                    0.0
                ],
                "qudits_frequency": {}
            },
            "t1": [
                0.0,
                0.0
            ],
            "t2": [
                0.0,
                0.0
            ],
            "t2_spin_echo": [
                0.0,
                0.0
            ],
            "rb_fidelity": [
                0.0,
                0.0
            ]
        },
        "D4": {
            "resonator": {
                "bare_frequency": 7496525124.0,
                "dressed_frequency": 7496713419.0,
                "depletion_time": null,
                "bare_frequency_amplitude": null
            },
            "qubit": {
                "frequency_01": 4704386970.308206,
                "frequency_12": null,
                "maximum_frequency": null,
                "asymmetry": null,
                "sweetspot": 0.0,
                "flux_coefficients": null
            },
            "readout": {
                "fidelity": null,
                "coupling": 35637828.038601264,
                "effective_temperature": null,
                "ground_state": [
                    0.0,
                    0.0
                ],
                "excited_state": [
                    0.0,
                    0.0
                ],
                "qudits_frequency": {
                    "1": 7497723059.931246
                }
            },
            "t1": [
                0.0,
                0.0
            ],
            "t2": [
                0.0,
                0.0
            ],
            "t2_spin_echo": [
                0.0,
                0.0
            ],
            "rb_fidelity": [
                0.0,
                0.0
            ]
        }
    },
    "two_qubits": {
        "D0-D1": {
            "rb_fidelity": [
                0.0,
                null
            ],
            "cz_fidelity": [
                0.0,
                null
            ],
            "coupling": null
        },
        "D1-D0": {
            "rb_fidelity": [
                0.0,
                null
            ],
            "cz_fidelity": [
                0.0,
                null
            ],
            "coupling": null
        },
        "D1-D2": {
            "rb_fidelity": [
                0.0,
                null
            ],
            "cz_fidelity": [
                0.0,
                null
            ],
            "coupling": null
        },
        "D2-D1": {
            "rb_fidelity": [
                0.0,
                null
            ],
            "cz_fidelity": [
                0.0,
                null
            ],
            "coupling": null
        },