{
    "single_qubits": {
        "0": {
            "resonator": {
                "bare_frequency": 7199690000.0,
                "dressed_frequency": 7202160000.0,
                "depletion_time": 0
            },
            "qubit": {
                "omega_01": 4773712100.0,
                "omega_12": 4482584846.0,
                "asymmetry": 0.0,
                "sweetspot": 0.409
            },
            "readout": {
                "fidelity": 0.9129329945165172,
                "ground_state": [
                    -1.7097556464382704,
                    -0.015632583033504968
                ],
                "excited_state": [
                    -2.0223811576700514,
                    -1.2652375440417905
                ]
            },
            "coherence": {
                "t1": 46859,
                "t2": 4540,
                "t2_spin_echo": 4100
            },
            "rb_fidelity": 0.0
        },
        "1": {
            "resonator": {
                "bare_frequency": 7400000000.0,
                "dressed_frequency": 7335058801.0,
                "depletion_time": 0
            },
            "qubit": {
                "omega_01": 4811079000.0,
                "omega_12": 0.0,
                "asymmetry": 0.0,
                "sweetspot": -0.47
            },
            "readout": {
                "fidelity": 0.7685003274394238,
                "ground_state": [
                    -0.0007361571568675495,
                    -0.001881304447954196
                ],
                "excited_state": [
                    -0.0004619412588283601,
                    -0.00470789641418373
                ]
            },
            "coherence": {
                "t1": 3246.261636989574,
                "t2": 838.9989333869181,
                "t2_spin_echo": 0
            },
            "rb_fidelity": 0.0
        },
        "2": {
            "resonator": {
                "bare_frequency": 7488602714.0,
                "dressed_frequency": 7493067320.0,
                "depletion_time": 0
            },
            "qubit": {
                "omega_01": 5515362000.0,
                "omega_12": 5205873098.0,
                "asymmetry": 0.0,
                "sweetspot": 0.831
            },
            "readout": {
                "fidelity": 0.913200481476528,
                "ground_state": [
                    1.201037142212208,
                    -0.24122669973666677
                ],
                "excited_state": [
                    1.3834845820439825,
                    1.897983393053962
                ]
            },
            "coherence": {
                "t1": 46813,
                "t2": 3300,
                "t2_spin_echo": 3880
            },
            "rb_fidelity": 0.0
        },
        "3": {
            "resonator": {
                "bare_frequency": 7667554261.0,
                "dressed_frequency": 7659836000.0,
                "depletion_time": 0
            },
            "qubit": {
                "omega_01": 6329762000.0,
                "omega_12": 0.0,
                "asymmetry": 0.0,
                "sweetspot": -1.279
            },
            "readout": {
                "fidelity": 0.9168115554366725,
                "ground_state": [
                    -1.6928692447969682,
                    2.020426790030685
                ],
                "excited_state": [
                    -1.4353965648529003,
                    0.3202565358194581
                ]
            },
            "coherence": {
                "t1": 10829,
                "t2": 2370,
                "t2_spin_echo": 5800
            },
            "rb_fidelity": 0.0
        },
        "4": {
            "resonator": {
                "bare_frequency": 8000000000.0,
                "dressed_frequency": 7793375000.0,
                "depletion_time": 0
            },
            "qubit": {
                "omega_01": 6236435899.0,
                "omega_12": 6236413000.0,
                "asymmetry": 0.0,
                "sweetspot": -0.275
            },
            "readout": {
                "fidelity": 0.8649190851945967,
                "ground_state": [
                    -1.4738806395390935,
                    -0.7876024809323895
                ],
                "excited_state": [
                    0.4607527116652988,
                    -1.6144958546982089
                ]
            },
            "coherence": {
                "t1": 21984,
                "t2": 1760,
                "t2_spin_echo": 3530
            },
            "rb_fidelity": 0.0
        }
    },
    "two_qubits": {}
}
