{
    "single_qubits": {
        "0": {
            "resonator": {
                "bare_frequency": 7203310200.0,
                "dressed_frequency": 7205752361.0,
                "depletion_time": null,
                "bare_frequency_amplitude": null
            },
            "qubit": {
                "frequency_01": 4768288843.0,
                "frequency_12": null,
                "maximum_frequency": 4775404149.0,
                "asymmetry": null,
                "sweetspot": 0.47570018801994596,
                "flux_coefficients": null
            },
            "readout": {
                "fidelity": 0.6869519000797236,
                "coupling": null,
                "effective_temperature": 0.01822024706620904,
                "ground_state": [
                    -0.0006311354435459955,
                    0.002439279821002295
                ],
                "excited_state": [
                    -0.0013944362801280137,
                    0.003482925893460187
                ],
                "qudits_frequency": {}
            },
            "t1": [
                26260.07585591958,
                938.1852537423154
            ],
            "t2": [
                17474.61210160513,
                711.1196250642414
            ],
            "t2_spin_echo": [
                21217.0,
                null
            ],
            "rb_fidelity": [
                0.0,
                null
            ]
        },
        "1": {
            "resonator": {
                "bare_frequency": 7400000000.0,
                "dressed_frequency": 7338811828.0,
                "depletion_time": null,
                "bare_frequency_amplitude": null
            },
            "qubit": {
                "frequency_01": 4813610914.0,
                "frequency_12": null,
                "maximum_frequency": 4818235230.0,
                "asymmetry": null,
                "sweetspot": 0.36505205115081735,
                "flux_coefficients": null
            },
            "readout": {
                "fidelity": 0.8028169014084507,
                "coupling": null,
                "effective_temperature": 0.01409244920211103,
                "ground_state": [
                    0.0013994608819085964,
                    -0.0007422685479620162
                ],
                "excited_state": [
                    0.0034495941094743296,
                    -0.0006238453975231952
                ],
                "qudits_frequency": {}
            },
            "t1": [
                38056.370637707856,
                1658.9585213678463
            ],
            "t2": [
                10981.08324312985,
                294.18675669148024
            ],
            "t2_spin_echo": [
                0.0,
                null
            ],
            "rb_fidelity": [
                0.0,
                null
            ]
        },
        "2": {
            "resonator": {
                "bare_frequency": 7488602714.0,
                "dressed_frequency": 7500288377.0,
                "depletion_time": null,
                "bare_frequency_amplitude": null
            },
            "qubit": {
                "frequency_01": 5518116808.0,
                "frequency_12": null,
                "maximum_frequency": 5522320926.0,
                "asymmetry": null,
                "sweetspot": 0.5369102857054234,
                "flux_coefficients": [
                    -61.824201712789744,
                    -0.24235553096325033,
                    0.000014939520450257324
                ]
            },
            "readout": {
                "fidelity": 0.6726016476215785,
                "coupling": null,
                "effective_temperature": 0.02749610747515534,
                "ground_state": [
                    -0.0020289853283004516,
                    -0.004285740644409595
                ],
                "excited_state": [
                    0.0011317193668524761,
                    -0.005046431148445039
                ],
                "qudits_frequency": {}
            },
            "t1": [
                19663.2095927454,
                669.5592979039681
            ],
            "t2": [
                16972.01790346656,
                864.9297196443276
            ],
            "t2_spin_echo": [
                0.0,
                null
            ],
            "rb_fidelity": [
                0.0,
                null
            ]
        },
        "3": {
            "resonator": {
                "bare_frequency": 7667554261.0,
                "dressed_frequency": 7663867172.0,
                "depletion_time": null,
                "bare_frequency_amplitude": null
            },
            "qubit": {
                "frequency_01": 6333083967.0,
                "frequency_12": null,
                "maximum_frequency": 6334677126.0,
                "asymmetry": null,
                "sweetspot": 0.8037358650143375,
                "flux_coefficients": [
                    -65.55992540872688,
                    -0.19560596591678328,
                    -0.0007072071733933425
                ]
            },
            "readout": {
                "fidelity": 0.7889981397820888,
                "coupling": null,
                "effective_temperature": 0.01586211926625592,
                "ground_state": [
                    0.0024925221673843213,
                    -0.0023433874284707512
                ],
                "excited_state": [
                    0.003987520086719354,
                    -0.0030096884615919296
                ],
                "qudits_frequency": {}
            },
            "t1": [
                35135.70804275309,
                1407.5206707142609
            ],
            "t2": [
                20129.854876013193,
                750.1663997426139
            ],
            "t2_spin_echo": [
                24769.0,
                null
            ],
            "rb_fidelity": [
                0.0,
                null
            ]
        },
        "4": {
            "resonator": {
                "bare_frequency": 8000000000.0,
                "dressed_frequency": 7796464524.0,
                "depletion_time": null,
                "bare_frequency_amplitude": null
            },
            "qubit": {
                "frequency_01": 6239164926.0,
                "frequency_12": null,
                "maximum_frequency": null,
                "asymmetry": null,
                "sweetspot": 0.023,
                "flux_coefficients": [
                    69.82678788195469,
                    -0.03465251296265737,
                    0.0003602023870738302
                ]
            },
            "readout": {
                "fidelity": 0.961348134278454,
                "coupling": null,
                "effective_temperature": 0.008933917170543747,
                "ground_state": [
                    -0.004950790760995827,
                    0.002710385630101611
                ],
                "excited_state": [
                    -0.0063995409657750454,
                    -0.00196770400604064
                ],
                "qudits_frequency": {}
            },
            "t1": [
                36198.05803177922,
                1140.1429129713183
            ],
            "t2": [
                3559.0109186689033,
                96.67365473804263
            ],
            "t2_spin_echo": [
                0.0,
                null
            ],
            "rb_fidelity": [
                0.0,
                null
            ]
        }
    },
    "two_qubits": {
        "0-2": {
            "rb_fidelity": [
                0.0,
                null
            ],
            "cz_fidelity": [
                0.0,
                null
            ],
            "coupling": null
        },
        "2-0": {
            "rb_fidelity": [
                0.0,
                null
            ],