{
    "single_qubits": {
        "0": {
            "resonator": {
                "bare_frequency": 7203310200.0,
                "dressed_frequency": 7205757099.0,
                "depletion_time": null,
                "bare_frequency_amplitude": null
            },
            "qubit": {
                "frequency_01": 4578872958.671315,
                "frequency_12": 4768288843.0,
                "maximum_frequency": 4775303879.0,
                "asymmetry": null,
                "sweetspot": 0.4439812651693012,
                "flux_coefficients": null
            },
            "readout": {
                "fidelity": 0.9157416075966296,
                "coupling": 30975869.818399157,
                "effective_temperature": 0.009359889977051816,
                "ground_state": [
                    -0.003692748978541884,
                    -0.0015913449241675137
                ],
                "excited_state": [
                    -0.005149087048663452,
                    -0.0029848549040192604
                ],
                "qudits_frequency": {
                    "1": 7205026572.787628
                }
            },
            "t1": [
                17943.689360098204,
                563.4332332231081
            ],
            "t2": [
                11661.751470016907,
                837.8392603772085
            ],
            "t2_spin_echo": [
                21217.0,
                null
            ],
            "rb_fidelity": [
                0.0,
                null
            ]
        },
        "1": {
            "resonator": {
                "bare_frequency": 7400000000.0,
                "dressed_frequency": 7338810350.0,
                "depletion_time": null,
                "bare_frequency_amplitude": null
            },
            "qubit": {
                "frequency_01": 4813610914.0,
                "frequency_12": null,
                "maximum_frequency": 4818145089.0,
                "asymmetry": null,
                "sweetspot": 0.38091003966032205,
                "flux_coefficients": null
            },
            "readout": {
                "fidelity": 0.9485087601979403,
                "coupling": 31136108.341248725,
                "effective_temperature": 0.0077901842672133004,
                "ground_state": [
                    -0.001357539035365031,
                    -0.0011510964397355374
                ],
                "excited_state": [
                    -0.0019674197589671914,
                    -0.003180120298752288
                ],
                "qudits_frequency": {
                    "1": 7338042524.618903
                }
            },
            "t1": [
                39225.887676753395,
                1520.5995346589632
            ],
            "t2": [
                5254.484062903938,
                366.9431214382005
            ],
            "t2_spin_echo": [
                0.0,
                null
            ],
            "rb_fidelity": [
                0.0,
                null
            ]
        },
        "2": {
            "resonator": {
                "bare_frequency": 7488602714.0,
                "dressed_frequency": 7500268215.0,
                "depletion_time": null,
                "bare_frequency_amplitude": null
            },
            "qubit": {
                "frequency_01": 5518116808.0,
                "frequency_12": null,
                "maximum_frequency": 5521549274.0,
                "asymmetry": null,
                "sweetspot": 0.529447157592364,
                "flux_coefficients": [
                    -59.52892007354071,
                    0.012156049478242488,
                    -0.0001111289929954913
                ]
            },
            "readout": {
                "fidelity": 0.9182827337167314,
                "coupling": 25950048.80943949,
                "effective_temperature": 0.011765747534963776,
                "ground_state": [
                    0.0035496700372362206,
                    0.0012027486806202327
                ],
                "excited_state": [
                    0.004463201609683162,
                    0.0046759103107846195
                ],
                "qudits_frequency": {
                    "1": 7499588746.576128
                }
            },
            "t1": [
                27228.730951167418,
                512.1949023084995
            ],
            "t2": [
                13949.223281442719,
                863.5550063994327
            ],
            "t2_spin_echo": [
                0.0,
                null
            ],
            "rb_fidelity": [
                0.0,
                null
            ]
        },
        "3": {
            "resonator": {
                "bare_frequency": 7667554261.0,
                "dressed_frequency": 7663826439.0,
                "depletion_time": null,
                "bare_frequency_amplitude": null
            },
            "qubit": {
                "frequency_01": 6333083967.0,
                "frequency_12": null,
                "maximum_frequency": 6334714526.0,
                "asymmetry": null,
                "sweetspot": 0.7954447539841497,
                "flux_coefficients": [
                    -63.16784985899634,
                    -0.16862749839062832,
                    0.00009668521332065189
                ]
            },
            "readout": {
                "fidelity": 0.9366055904774643,
                "coupling": 19361287.69888759,
                "effective_temperature": 0.011053140935504227,
                "ground_state": [
                    0.0006997455379421939,
                    -0.003545850154374423
                ],
                "excited_state": [
                    0.002116175664129687,
                    -0.004799877347092554
                ],
                "qudits_frequency": {
                    "1": 7663263055.172934
                }
            },
            "t1": [
                33210.329793340185,
                1030.7944105550346
            ],
            "t2": [
                8444.407473842874,
                747.8759910391087
            ],
            "t2_spin_echo": [
                24769.0,
                null
            ],
            "rb_fidelity": [
                0.0,
                null
            ]
        },
        "4": {
            "resonator": {
                "bare_frequency": 8000000000.0,
                "dressed_frequency": 7796598782.0,
                "depletion_time": null,
                "bare_frequency_amplitude": null
            },
            "qubit": {
                "frequency_01": 6239164926.0,
                "frequency_12": null,
                "maximum_frequency": 6243856500.0,
                "asymmetry": null,
                "sweetspot": -0.08169820486103328,
                "flux_coefficients": [
                    -69.88332254077011,
                    0.01339390938980912,
                    9.621176249569164e-6
                ]
            },
            "readout": {
                "fidelity": 0.9530560385181224,
                "coupling": 21203104.98543834,
                "effective_temperature": 0.009363591449341962,
                "ground_state": [
                    0.0018335470884432267,
                    -0.002303382249334368
                ],
                "excited_state": [
                    0.004016967888652951,
                    -0.002887886798292522
                ],
                "qudits_frequency": {
                    "1": 7796021458.514635
                }
            },
            "t1": [
                35268.20189993534,
                1097.3303590309936
            ],
            "t2": [
                13678.277437472008,
                934.9675322778049
            ],
            "t2_spin_echo": [
                0.0,
                null
            ],