{
    "single_qubits": {
        "0": {
            "resonator": {
                "bare_frequency": 7203310200.0,
                "dressed_frequency": 7202797579.0,
                "depletion_time": null,
                "bare_frequency_amplitude": null
            },
            "qubit": {
                "frequency_01": 4768288843.0,
                "frequency_12": null,
                "maximum_frequency": null,
                "asymmetry": null,
                "sweetspot": 0.342,
                "flux_coefficients": null
            },
            "readout": {
                "fidelity": 0.899424903035977,
                "coupling": null,
                "effective_temperature": 0.009246808968823112,
                "ground_state": [
                    0.00505592273113719,
                    0.003520209754731892
                ],
                "excited_state": [
                    0.0035242879990190846,
                    0.005454525735163985
                ],
                "qudits_frequency": {}
            },
            "t1": [
                53113.0,
                null
            ],
            "t2": [
                8205.0,
                null
            ],
            "t2_spin_echo": [
                21217.0,
                null
            ],
            "rb_fidelity": [
                0.0,
                null
            ]
        },
        "1": {
            "resonator": {
                "bare_frequency": 7400000000.0,
                "dressed_frequency": 7335680370.0,
                "depletion_time": null,
                "bare_frequency_amplitude": null
            },
            "qubit": {
                "frequency_01": 4813610914.0,
                "frequency_12": null,
                "maximum_frequency": null,
                "asymmetry": null,
                "sweetspot": 0.408,
                "flux_coefficients": null
            },
            "readout": {
                "fidelity": 0.9323257991172931,
                "coupling": null,
                "effective_temperature": 0.009521182155750893,
                "ground_state": [
                    -0.0019922095311182414,
                    0.010212656915698868
                ],
                "excited_state": [
                    -0.005419490783928358,
                    0.0031950627749451218
                ],
                "qudits_frequency": {}
            },
            "t1": [
                33604.0,
                null
            ],
            "t2": [
                13037.0,
                null
            ],
            "t2_spin_echo": [
                0.0,
                null
            ],
            "rb_fidelity": [
                0.0,
                null
            ]
        },
        "2": {
            "resonator": {
                "bare_frequency": 7488602714.0,
                "dressed_frequency": 7495827724.0,
                "depletion_time": null,
                "bare_frequency_amplitude": null
            },
            "qubit": {
                "frequency_01": 5518116808.0,
                "frequency_12": null,
                "maximum_frequency": null,
                "asymmetry": null,
                "sweetspot": 0.589,
                "flux_coefficients": [
                    60.60370787641982,
                    -0.028527152480155128,
                    0.00030016721829152526
                ]
            },
            "readout": {
                "fidelity": 0.9586732646783469,
                "coupling": null,
                "effective_temperature": 0.010554110733937165,
                "ground_state": [
                    0.0030127113146991404,
                    -0.002478258956382681
                ],
                "excited_state": [
                    0.004311687911024734,
                    0.0006287872907876872
                ],
                "qudits_frequency": {}
            },
            "t1": [
                30644.0,
                null
            ],
            "t2": [
                480.0,
                null
            ],
            "t2_spin_echo": [
                0.0,
                null
            ],
            "rb_fidelity": [
                0.0,
                null
            ]
        },
        "3": {
            "resonator": {
                "bare_frequency": 7667554261.0,
                "dressed_frequency": 7660581126.0,
                "depletion_time": null,
                "bare_frequency_amplitude": null
            },
            "qubit": {
                "frequency_01": 6333083967.0,
                "frequency_12": null,
                "maximum_frequency": null,
                "asymmetry": null,
                "sweetspot": 0.624,
                "flux_coefficients": [
                    62.264266752260575,
                    -0.04758161300178534,
                    0.0004063229934912003
                ]
            },
            "readout": {
                "fidelity": 0.8338905978333557,
                "coupling": null,
                "effective_temperature": 0.018811804055428642,
                "ground_state": [
                    0.00043146792914612917,
                    0.003018845658079354
                ],
                "excited_state": [
                    -0.00042629955812015203,
                    0.0020626227815943284
                ],
                "qudits_frequency": {}
            },
            "t1": [
                37204.0,
                null
            ],
            "t2": [
                24301.0,
                null
            ],
            "t2_spin_echo": [
                24769.0,
                null
            ],
            "rb_fidelity": [
                0.0,
                null
            ]
        },
        "4": {
            "resonator": {
                "bare_frequency": 8000000000.0,
                "dressed_frequency": 7793642218.0,
                "depletion_time": null,
                "bare_frequency_amplitude": null
            },
            "qubit": {
                "frequency_01": 6239164926.0,
                "frequency_12": null,
                "maximum_frequency": null,
                "asymmetry": null,
                "sweetspot": 0.023,
                "flux_coefficients": [
                    69.82678788195469,
                    -0.03465251296265737,
                    0.0003602023870738302
                ]
            },
            "readout": {
                "fidelity": 0.9741875083589675,
                "coupling": null,
                "effective_temperature": 0.009232970823889339,
                "ground_state": [
                    -0.004200581275496127,
                    0.0035515455156465677
                ],
                "excited_state": [
                    -0.006622364453824905,
                    -0.0008744557486652483
                ],
                "qudits_frequency": {}
            },
            "t1": [
                35563.0,
                null
            ],
            "t2": [
                697.0,
                null
            ],
            "t2_spin_echo": [
                0.0,
                null
            ],
            "rb_fidelity": [
                0.0,
                null
            ]
        }
    },
    "two_qubits": {
        "0-2": {
            "rb_fidelity": [
                0.0,
                null
            ],
            "cz_fidelity": [
                0.0,
                null
            ],
            "coupling": null
        },
        "2-0": {
            "rb_fidelity": [
                0.0,
                null
            ],
            "cz_fidelity": [
                0.0,
                null
            ],
            "coupling": null
        },
        "1-2": {
            "rb_fidelity": [
                0.0,
                null
            ],
            "cz_fidelity": [
                0.0,
                null
            ],
            "coupling": null
        },