{
    "modes": {
        "1": {
            "octave_name": "octave2",
            "octave_channel": 1
        },
        "2": {
            "octave_name": "octave1",
            "octave_channel": 2
        },
        "3": {
            "octave_name": "octave1",
            "octave_channel": 3
        },
        "4": {
            "octave_name": "octave1",
            "octave_channel": 1
        },
        "5": {
            "octave_name": "octave1",
            "octave_channel": 4
        },
        "6": {
            "octave_name": "octave2",
            "octave_channel": 2
        }
    },
    "lo_modes": {
        "1": {
            "mode_id": 1,
            "lo_freq": 7550000000,
            "gain": -10.0,
            "latest": 1
        },
        "2": {
            "mode_id": 2,
            "lo_freq": 4900000000.0,
            "gain": 0.0,
            "latest": 2
        },
        "3": {
            "mode_id": 3,
            "lo_freq": 4900000000.0,
            "gain": 0.0,
            "latest": 3
        },
        "4": {
            "mode_id": 4,
            "lo_freq": 5700000000.0,
            "gain": 10.0,
            "latest": 4
        },
        "5": {
            "mode_id": 5,
            "lo_freq": 6500000000.0,
            "gain": 0.0,
            "latest": 5
        },
        "6": {
            "mode_id": 6,
            "lo_freq": 6500000000.0,
            "gain": 0.0,
            "latest": 6
        }
    },
    "lo_cal": {
        "1": {
            "i0": 0.028035942286506004,
            "q0": -0.011708914390044834,
            "lo_mode_id": 1,
            "dc_gain": -0.009313484151859064,
            "dc_phase": -0.06368649341472403,
            "temperature": 58.4375,
            "timestamp": 1728555011.621872,
            "method": "auto"
        },
        "2": {
            "i0": 0.029510097944361643,
            "q0": 0.036725028044282876,
            "lo_mode_id": 2,
            "dc_gain": 0.007719351683952436,
            "dc_phase": 0.18816069115761117,
            "temperature": 59.5,
            "timestamp": 1728555085.447531,
            "method": "auto"
        },
        "3": {
            "i0": 0.01619254948976476,
            "q0": 0.028254306787719285,
            "lo_mode_id": 3,
            "dc_gain": 0.008744561896323555,
            "dc_phase": 0.191184613028981,
            "temperature": 54.875,
            "timestamp": 1728555102.247863,
            "method": "auto"
        },
        "4": {
            "i0": 0.023456555963836914,
            "q0": 0.01565339486414088,
            "lo_mode_id": 4,
            "dc_gain": -0.013359137024201329,
            "dc_phase": 0.008028908432863973,
            "temperature": 53.375,
            "timestamp": 1728555120.413349,
            "method": "auto"
        },
        "5": {
            "i0": -0.012202128170599371,
            "q0": 0.028255144518542448,
            "lo_mode_id": 5,
            "dc_gain": 0.0021085284346242794,
            "dc_phase": -0.0733929539473496,
            "temperature": 51.0,
            "timestamp": 1728555137.2554877,
            "method": "auto"
        },
        "6": {
            "i0": 0.012486785234290233,
            "q0": 0.015738148611967977,
            "lo_mode_id": 6,
            "dc_gain": -0.0018810260208055318,
            "dc_phase": -0.08192374494394078,
            "temperature": 56.0625,
            "timestamp": 1728555154.7899745,
            "method": "auto"
        }
    },
    "if_modes": {
        "1": {
            "lo_mode_id": 1,
            "if_freq": -347551064,
            "latest": 1
        },
        "2": {
            "lo_mode_id": 1,
            "if_freq": -217665199,
            "latest": 2
        },
        "3": {
            "lo_mode_id": 1,
            "if_freq": -56795338,
            "latest": 3
        },
        "4": {
            "lo_mode_id": 1,
            "if_freq": 110383000,
            "latest": 4
        },
        "5": {
            "lo_mode_id": 1,
            "if_freq": 243718235,
            "latest": 5
        },
        "6": {
            "lo_mode_id": 2,
            "if_freq": -126598153.0,
            "latest": 6
        },
        "7": {
            "lo_mode_id": 3,
            "if_freq": -91615606.0,
            "latest": 7
        },
        "8": {
            "lo_mode_id": 4,
            "if_freq": -187828514.0,
            "latest": 8
        },
        "9": {
            "lo_mode_id": 5,
            "if_freq": -170703765.0,
            "latest": 9
        },
        "10": {
            "lo_mode_id": 6,
            "if_freq": -263774100.0,
            "latest": 10
        }
    },
    "if_cal": {
        "1": {
            "if_mode_id": 1,
            "gain": -0.013091400846378873,
            "phase": 0.07211645601220427,
            "temperature": 58.4375,
            "timestamp": 1728555011.625944,
            "method": "auto"
        },
        "2": {
            "if_mode_id": 2,
            "gain": -0.013224450358485044,
            "phase": 0.021501765971699588,
            "temperature": 58.4375,
            "timestamp": 1728555011.6275969,
            "method": "auto"
        },
        "3": {
            "if_mode_id": 3,
            "gain": -0.009848918715510807,
            "phase": -0.04218230748486979,
            "temperature": 58.4375,
            "timestamp": 1728555011.6294217,
            "method": "auto"
        },
        "4": {
            "if_mode_id": 4,
            "gain": -0.009971871368747833,
            "phase": -0.11220233758039787,
            "temperature": 58.4375,
            "timestamp": 1728555011.6312494,
            "method": "auto"
        },
        "5": {
            "if_mode_id": 5,
            "gain": -0.009851398558092004,
            "phase": -0.17592155656256014,
            "temperature": 58.4375,
            "timestamp": 1728555011.6330907,
            "method": "auto"
        },
        "6": {
            "if_mode_id": 6,
            "gain": 0.008738539009554671,
            "phase": 0.20917642727768634,
            "temperature": 59.5,
            "timestamp": 1728555085.4544985,
            "method": "auto"
        },
        "7": {
            "if_mode_id": 7,
            "gain": 0.007528385155430679,
            "phase": 0.21223393014263756,
            "temperature": 54.875,
            "timestamp": 1728555102.2554321,
            "method": "auto"
        },
        "8": {
            "if_mode_id": 8,
            "gain": -0.009320739852219618,
            "phase": 0.08978771195972685,
            "temperature": 53.375,
            "timestamp": 1728555120.422252,
            "method": "auto"
        },
        "9": {
            "if_mode_id": 9,
            "gain": 0.006239034457793947,
            "phase": -0.004418620892254321,
            "temperature": 51.0,
            "timestamp": 1728555137.2645822,
            "method": "auto"
        },
        "10": {
            "if_mode_id": 10,
            "gain": 0.0022756932993787155,
            "phase": -0.05814743852671666,
            "temperature": 56.0625,
            "timestamp": 1728555154.7983007,
            "method": "auto"
        }
    }
}