{
    "single_qubits": {
        "0": {
            "resonator": {
                "bare_frequency": 7203310200.0,
                "dressed_frequency": 7205675549.0,
                "depletion_time": null,
                "bare_frequency_amplitude": null
            },
            "qubit": {
                "frequency_01": 4768288843.0,
                "frequency_12": null,
                "maximum_frequency": 4775063315.0,
                "asymmetry": null,
                "sweetspot": 0.470551557191086,
                "flux_coefficients": null
            },
            "readout": {
                "fidelity": 0.9125317640765013,
                "coupling": 29433758.619706504,
                "effective_temperature": 0.009184796002302235,
                "ground_state": [
                    -0.0023225716425512724,
                    0.0028589913146413104
                ],
                "excited_state": [
                    -0.0031084440657523954,
                    0.0012028882153191731
                ],
                "qudits_frequency": {
                    "1": 7204964668.419416
                }
            },
            "t1": [
                26260.07585591958,
                938.1852537423154
            ],
            "t2": [
                17474.61210160513,
                711.1196250642414
            ],
            "t2_spin_echo": [
                21217.0,
                null
            ],
            "rb_fidelity": [
                0.0,
                null
            ]
        },
        "1": {
            "resonator": {
                "bare_frequency": 7400000000.0,
                "dressed_frequency": 7338786858.0,
                "depletion_time": null,
                "bare_frequency_amplitude": null
            },
            "qubit": {
                "frequency_01": 4813610914.0,
                "frequency_12": null,
                "maximum_frequency": 4818188484.0,
                "asymmetry": null,
                "sweetspot": 0.3567186102764078,
                "flux_coefficients": null
            },
            "readout": {
                "fidelity": 0.9394142035575767,
                "coupling": 31325526.269033693,
                "effective_temperature": 0.008708601481933857,
                "ground_state": [
                    0.002739922523946184,
                    -0.001033176829542994
                ],
                "excited_state": [
                    0.0022732451188423996,
                    0.0015695990646556687
                ],
                "qudits_frequency": {
                    "1": 7338009654.457476
                }
            },
            "t1": [
                38056.370637707856,
                1658.9585213678463
            ],
            "t2": [
                10981.08324312985,
                294.18675669148024
            ],
            "t2_spin_echo": [
                0.0,
                null
            ],
            "rb_fidelity": [
                0.0,
                null
            ]
        },
        "2": {
            "resonator": {
                "bare_frequency": 7488602714.0,
                "dressed_frequency": 7500164062.0,
                "depletion_time": null,
                "bare_frequency_amplitude": null
            },
            "qubit": {
                "frequency_01": 5518116808.0,
                "frequency_12": null,
                "maximum_frequency": 5521859929.0,
                "asymmetry": null,
                "sweetspot": 0.5312918712990764,
                "flux_coefficients": [
                    -61.7938299092033,
                    0.06434291788637515,
                    0.00021701316267178558
                ]
            },
            "readout": {
                "fidelity": 0.9043734117961749,
                "coupling": 25730159.522489555,
                "effective_temperature": 0.01165329782979071,
                "ground_state": [
                    -0.0007539707778592891,
                    -0.0044514127204420715
                ],
                "excited_state": [
                    0.0013007802652837568,
                    -0.0027108535083862524
                ],
                "qudits_frequency": {
                    "1": 7499496025.161983
                }
            },
            "t1": [
                19663.2095927454,
                669.5592979039681
            ],
            "t2": [
                16972.01790346656,
                864.9297196443276
            ],
            "t2_spin_echo": [
                0.0,
                null
            ],
            "rb_fidelity": [
                0.0,
                null
            ]
        },
        "3": {
            "resonator": {
                "bare_frequency": 7667554261.0,
                "dressed_frequency": 7663772193.0,
                "depletion_time": null,
                "bare_frequency_amplitude": null
            },
            "qubit": {
                "frequency_01": 6333083967.0,
                "frequency_12": null,
                "maximum_frequency": 6334779669.0,
                "asymmetry": null,
                "sweetspot": 0.7990710870805151,
                "flux_coefficients": [
                    -65.43265130294648,
                    -0.21109731177434077,
                    -0.00039782344135345747
                ]
            },
            "readout": {
                "fidelity": 0.9253711381570149,
                "coupling": 16926135.6648109,
                "effective_temperature": 0.013795383185919434,
                "ground_state": [
                    0.0023380851413434163,
                    -0.0013386931977982883
                ],
                "excited_state": [
                    0.0018807503645020213,
                    -0.0000866038035474328
                ],
                "qudits_frequency": {
                    "1": 7663341597.890477
                }
            },
            "t1": [
                35135.70804275309,
                1407.5206707142609
            ],
            "t2": [
                20129.854876013193,
                750.1663997426139
            ],
            "t2_spin_echo": [
                24769.0,
                null
            ],
            "rb_fidelity": [
                0.0,
                null
            ]
        },
        "4": {
            "resonator": {
                "bare_frequency": 8000000000.0,
                "dressed_frequency": 7796509967.0,
                "depletion_time": null,
                "bare_frequency_amplitude": null
            },
            "qubit": {
                "frequency_01": 6239164926.0,
                "frequency_12": null,
                "maximum_frequency": 6243984440.0,
                "asymmetry": null,
                "sweetspot": -0.07582987735477473,
                "flux_coefficients": [
                    69.82678788195469,
                    -0.03465251296265737,
                    0.0003602023870738302
                ]
            },
            "readout": {
                "fidelity": 0.9618831081984754,
                "coupling": 20506499.901864115,
                "effective_temperature": 0.00886968951278643,
                "ground_state": [
                    -0.0020591622245972516,
                    -0.005023645548808294
                ],
                "excited_state": [
                    -0.000132523526900813,
                    -0.002897377106114092
                ],
                "qudits_frequency": {
                    "1": 7795969925.1182995
                }
            },
            "t1": [
                36198.05803177922,
                1140.1429129713183
            ],
            "t2": [
                3559.0109186689033,
                96.67365473804263
            ],
            "t2_spin_echo": [
                0.0,
                null
            ],