{
    "single_qubits": {
        "0": {
            "resonator": {
                "bare_frequency": 7203310200.0,
                "dressed_frequency": 7205670517.0,
                "depletion_time": null,
                "bare_frequency_amplitude": null
            },
            "qubit": {
                "frequency_01": 4768288843.0,
                "frequency_12": 4768288843.0,
                "maximum_frequency": 4775234709.0,
                "asymmetry": null,
                "sweetspot": 0.47542516543032876,
                "flux_coefficients": null
            },
            "readout": {
                "fidelity": 0.8566269894342651,
                "coupling": 29236692.09440067,
                "effective_temperature": 0.008855400529100586,
                "ground_state": [
                    0.0010193466350869995,
                    -0.003633820438549808
                ],
                "excited_state": [
                    0.002862853558465761,
                    -0.0032377044311680384
                ],
                "qudits_frequency": {
                    "1": 7204969121.736191
                }
            },
            "t1": [
                26260.07585591958,
                938.1852537423154
            ],
            "t2": [
                17474.61210160513,
                711.1196250642414
            ],
            "t2_spin_echo": [
                21217.0,
                null
            ],
            "rb_fidelity": [
                0.0,
                null
            ]
        },
        "1": {
            "resonator": {
                "bare_frequency": 7400000000.0,
                "dressed_frequency": 7338783471.0,
                "depletion_time": null,
                "bare_frequency_amplitude": null
            },
            "qubit": {
                "frequency_01": 4813610914.0,
                "frequency_12": null,
                "maximum_frequency": 4818400762.0,
                "asymmetry": null,
                "sweetspot": 0.3612981245395635,
                "flux_coefficients": null
            },
            "readout": {
                "fidelity": 0.9140029423565601,
                "coupling": 31245264.548066963,
                "effective_temperature": 0.009057193768364738,
                "ground_state": [
                    -0.0006223048548835968,
                    -0.002017636842967252
                ],
                "excited_state": [
                    0.00034221704968064325,
                    -0.004243177011902038
                ],
                "qudits_frequency": {
                    "1": 7338010243.686919
                }
            },
            "t1": [
                38056.370637707856,
                1658.9585213678463
            ],
            "t2": [
                10981.08324312985,
                294.18675669148024
            ],
            "t2_spin_echo": [
                0.0,
                null
            ],
            "rb_fidelity": [
                0.0,
                null
            ]
        },
        "2": {
            "resonator": {
                "bare_frequency": 7488602714.0,
                "dressed_frequency": 7500162058.0,
                "depletion_time": null,
                "bare_frequency_amplitude": null
            },
            "qubit": {
                "frequency_01": 5518116808.0,
                "frequency_12": null,
                "maximum_frequency": 5521732790.0,
                "asymmetry": null,
                "sweetspot": 0.5347210367348649,
                "flux_coefficients": [
                    -61.74194829134844,
                    0.038418036227511054,
                    -0.00022374318710662651
                ]
            },
            "readout": {
                "fidelity": 0.9196201685167849,
                "coupling": 25381168.941654313,
                "effective_temperature": 0.010079203219232613,
                "ground_state": [
                    0.0033738101333296556,
                    0.0013958769129317095
                ],
                "excited_state": [
                    0.0015219610911353443,
                    0.003170780668634773
                ],
                "qudits_frequency": {
                    "1": 7499512019.416331
                }
            },
            "t1": [
                19663.2095927454,
                669.5592979039681
            ],
            "t2": [
                16972.01790346656,
                864.9297196443276
            ],
            "t2_spin_echo": [
                0.0,
                null
            ],
            "rb_fidelity": [
                0.0,
                null
            ]
        },
        "3": {
            "resonator": {
                "bare_frequency": 7667554261.0,
                "dressed_frequency": 7663763718.0,
                "depletion_time": null,
                "bare_frequency_amplitude": null
            },
            "qubit": {
                "frequency_01": 6333083967.0,
                "frequency_12": null,
                "maximum_frequency": 6334702915.0,
                "asymmetry": null,
                "sweetspot": 0.8036553966185815,
                "flux_coefficients": [
                    -63.07811758528646,
                    0.25006088742382027,
                    -0.0003454467145634904
                ]
            },
            "readout": {
                "fidelity": 0.967099103918684,
                "coupling": 16900834.242265623,
                "effective_temperature": 0.010777416698767785,
                "ground_state": [
                    -0.00014274882106376615,
                    -0.0028412136727470868
                ],
                "excited_state": [
                    0.0014590446079807261,
                    -0.002502379561050126
                ],
                "qudits_frequency": {
                    "1": 7663334407.197855
                }
            },
            "t1": [
                35135.70804275309,
                1407.5206707142609
            ],
            "t2": [
                20129.854876013193,
                750.1663997426139
            ],
            "t2_spin_echo": [
                24769.0,
                null
            ],
            "rb_fidelity": [
                0.0,
                null
            ]
        },
        "4": {
            "resonator": {
                "bare_frequency": 8000000000.0,
                "dressed_frequency": 7796504249.0,
                "depletion_time": null,
                "bare_frequency_amplitude": null
            },
            "qubit": {
                "frequency_01": 6239164926.0,
                "frequency_12": null,
                "maximum_frequency": 6243978102.0,
                "asymmetry": null,
                "sweetspot": -0.07458798541755325,
                "flux_coefficients": [
                    -72.59778531263477,
                    0.09056961031086655,
                    -0.00012062487500776408
                ]
            },
            "readout": {
                "fidelity": 0.9672328473986893,
                "coupling": 20494718.545980692,
                "effective_temperature": 0.008796653572452412,
                "ground_state": [
                    0.0008631903065632715,
                    -0.004539218762049916
                ],
                "excited_state": [
                    0.00427672367403975,
                    -0.0033598726719191356
                ],
                "qudits_frequency": {
                    "1": 7795964824.9277525
                }
            },
            "t1": [
                36198.05803177922,
                1140.1429129713183
            ],
            "t2": [
                3559.0109186689033,
                96.67365473804263
            ],
            "t2_spin_echo": [
                0.0,
                null
            ],