{
    "single_qubits": {
        "0": {
            "resonator": {
                "bare_frequency": 7203310200.0,
                "dressed_frequency": 7202797579.0,
                "depletion_time": null,
                "bare_frequency_amplitude": null
            },
            "qubit": {
                "frequency_01": 4768288843.0,
                "frequency_12": null,
                "maximum_frequency": null,
                "asymmetry": null,
                "sweetspot": 0.342,
                "flux_coefficients": null
            },
            "readout": {
                "fidelity": 0.9034372074361375,
                "coupling": null,
                "effective_temperature": 0.01037340692742974,
                "ground_state": [
                    0.0032577394907317325,
                    0.003468499357623812
                ],
                "excited_state": [
                    0.0017637627504958305,
                    0.004661421726612352
                ],
                "qudits_frequency": {}
            },
            "t1": [
                46336.883775933435,
                2271.2235607523507
            ],
            "t2": [
                12208.398955968372,
                503.6912423682789
            ],
            "t2_spin_echo": [
                21217.0,
                null
            ],
            "rb_fidelity": [
                0.0,
                null
            ]
        },
        "1": {
            "resonator": {
                "bare_frequency": 7400000000.0,
                "dressed_frequency": 7335680370.0,
                "depletion_time": null,
                "bare_frequency_amplitude": null
            },
            "qubit": {
                "frequency_01": 4813610914.0,
                "frequency_12": null,
                "maximum_frequency": null,
                "asymmetry": null,
                "sweetspot": 0.408,
                "flux_coefficients": null
            },
            "readout": {
                "fidelity": 0.9293834425571753,
                "coupling": null,
                "effective_temperature": 0.009193674906892291,
                "ground_state": [
                    -0.004200736760685106,
                    0.009783147918299349
                ],
                "excited_state": [
                    -0.006300869307265142,
                    0.0019764233416927138
                ],
                "qudits_frequency": {}
            },
            "t1": [
                40431.23119479911,
                1511.643649131985
            ],
            "t2": [
                19071.769987674208,
                531.1226294247459
            ],
            "t2_spin_echo": [
                0.0,
                null
            ],
            "rb_fidelity": [
                0.0,
                null
            ]
        },
        "2": {
            "resonator": {
                "bare_frequency": 7488602714.0,
                "dressed_frequency": 7495827724.0,
                "depletion_time": null,
                "bare_frequency_amplitude": null
            },
            "qubit": {
                "frequency_01": 5518116808.0,
                "frequency_12": null,
                "maximum_frequency": null,
                "asymmetry": null,
                "sweetspot": 0.589,
                "flux_coefficients": [
                    60.60370787641982,
                    -0.028527152480155128,
                    0.00030016721829152526
                ]
            },
            "readout": {
                "fidelity": 0.9142704293165709,
                "coupling": null,
                "effective_temperature": 0.01230348561646738,
                "ground_state": [
                    0.0030170478224833563,
                    -0.0012284131408942026
                ],
                "excited_state": [
                    0.0031683377954464667,
                    0.0014713025862749397
                ],
                "qudits_frequency": {}
            },
            "t1": [
                34959.065087276955,
                1030.1566837985017
            ],
            "t2": [
                11058.774616644761,
                271.8363618520556
            ],
            "t2_spin_echo": [
                0.0,
                null
            ],
            "rb_fidelity": [
                0.0,
                null
            ]
        },
        "3": {
            "resonator": {
                "bare_frequency": 7667554261.0,
                "dressed_frequency": 7660581126.0,
                "depletion_time": null,
                "bare_frequency_amplitude": null
            },
            "qubit": {
                "frequency_01": 6333083967.0,
                "frequency_12": null,
                "maximum_frequency": null,
                "asymmetry": null,
                "sweetspot": 0.624,
                "flux_coefficients": [
                    62.264266752260575,
                    -0.04758161300178534,
                    0.0004063229934912003
                ]
            },
            "readout": {
                "fidelity": 0.9170790423966833,
                "coupling": null,
                "effective_temperature": 0.014174295699503068,
                "ground_state": [
                    -0.0001507822880240398,
                    0.0035299507119420136
                ],
                "excited_state": [
                    -0.0011650984231180825,
                    0.002356763683499636
                ],
                "qudits_frequency": {}
            },
            "t1": [
                32849.4530366879,
                900.2414764366818
            ],
            "t2": [
                27973.9449018314,
                1276.4605337428052
            ],
            "t2_spin_echo": [
                24769.0,
                null
            ],
            "rb_fidelity": [
                0.0,
                null
            ]
        },
        "4": {
            "resonator": {
                "bare_frequency": 8000000000.0,
                "dressed_frequency": 7793642218.0,
                "depletion_time": null,
                "bare_frequency_amplitude": null
            },
            "qubit": {
                "frequency_01": 6239164926.0,
                "frequency_12": null,
                "maximum_frequency": null,
                "asymmetry": null,
                "sweetspot": 0.023,
                "flux_coefficients": [
                    69.82678788195469,
                    -0.03465251296265737,
                    0.0003602023870738302
                ]
            },
            "readout": {
                "fidelity": 0.9521198341580849,
                "coupling": null,
                "effective_temperature": 0.009201243986274546,
                "ground_state": [
                    -0.00375673774430271,
                    0.003920563134791511
                ],
                "excited_state": [
                    -0.006524942479494566,
                    -0.00006616761031293671
                ],
                "qudits_frequency": {}
            },
            "t1": [
                36198.05803177922,
                1140.1429129713183
            ],
            "t2": [
                3559.0109186689033,
                96.67365473804263
            ],
            "t2_spin_echo": [
                0.0,
                null
            ],
            "rb_fidelity": [
                0.0,
                null
            ]
        }
    },
    "two_qubits": {
        "0-2": {
            "rb_fidelity": [
                0.0,
                null
            ],
            "cz_fidelity": [
                0.0,
                null
            ],
            "coupling": null
        },
        "2-0": {
            "rb_fidelity": [
                0.0,
                null
            ],
            "cz_fidelity": [
                0.0,
                null
            ],