{
    "single_qubits": {
        "0": {
            "resonator": {
                "bare_frequency": 7199853317.0,
                "dressed_frequency": 7201503317.0,
                "depletion_time": null,
                "bare_frequency_amplitude": null
            },
            "qubit": {
                "frequency_01": 4774766374.0,
                "frequency_12": 4558268326.959584,
                "maximum_frequency": null,
                "asymmetry": null,
                "sweetspot": 0.3791308111355492,
                "flux_coefficients": null
            },
            "readout": {
                "fidelity": 0.7374005305039788,
                "coupling": 28506705.57023722,
                "effective_temperature": 0.09773846310095713,
                "ground_state": [
                    0.0023585709437468788,
                    0.00002408485215400553
                ],
                "excited_state": [
                    0.004394829716192035,
                    -0.0017917485590610068
                ],
                "qudits_frequency": {
                    "1": 7200735251.479016
                }
            },
            "t1": [
                47299.22535447803,
                2495.5495197484324
            ],
            "t2": [
                11062.26402485454,
                377.82528816342733
            ],
            "t2_spin_echo": [
                21217.0,
                null
            ],
            "rb_fidelity": [
                0.0,
                null
            ]
        },
        "1": {
            "resonator": {
                "bare_frequency": 7332438340.0,
                "dressed_frequency": 7335038340.0,
                "depletion_time": null,
                "bare_frequency_amplitude": null
            },
            "qubit": {
                "frequency_01": 4815650815.0,
                "frequency_12": 4598837502.542103,
                "maximum_frequency": null,
                "asymmetry": null,
                "sweetspot": 0.16440410064616673,
                "flux_coefficients": null
            },
            "readout": {
                "fidelity": 0.6883289124668435,
                "coupling": 29351551.622976717,
                "effective_temperature": 0.11108259641587714,
                "ground_state": [
                    0.00019425537404506183,
                    -0.0008452300888896456
                ],
                "excited_state": [
                    -0.000961509710788512,
                    -0.0024296612902494305
                ],
                "qudits_frequency": {
                    "1": 7334177992.032784
                }
            },
            "t1": [
                37105.71109255304,
                1207.6926086304939
            ],
            "t2": [
                23177.87615925842,
                693.2217221464523
            ],
            "t2_spin_echo": [
                0.0,
                null
            ],
            "rb_fidelity": [
                0.0,
                null
            ]
        },
        "2": {
            "resonator": {
                "bare_frequency": 7488602714.0,
                "dressed_frequency": 7496109174.0,
                "depletion_time": null,
                "bare_frequency_amplitude": null
            },
            "qubit": {
                "frequency_01": 5518080640.0,
                "frequency_12": 5307639180.46136,
                "maximum_frequency": null,
                "asymmetry": null,
                "sweetspot": -0.08329817788734344,
                "flux_coefficients": [
                    60.60370787641982,
                    -0.028527152480155128,
                    0.00030016721829152526
                ]
            },
            "readout": {
                "fidelity": 0.9157824933687002,
                "coupling": 64808668.616189465,
                "effective_temperature": 0.06714430538775201,
                "ground_state": [
                    0.0014909389730083011,
                    -0.00312013526628257
                ],
                "excited_state": [
                    0.004203438200951374,
                    0.0010900328519836884
                ],
                "qudits_frequency": {
                    "1": 7491862356.180661
                }
            },
            "t1": [
                31917.54639403597,
                912.143413866002
            ],
            "t2": [
                9017.850370904544,
                249.302456635688
            ],
            "t2_spin_echo": [
                0.0,
                null
            ],
            "rb_fidelity": [
                0.0,
                null
            ]
        },
        "3": {
            "resonator": {
                "bare_frequency": 7667554261.0,
                "dressed_frequency": 7658686633.0,
                "depletion_time": null,
                "bare_frequency_amplitude": null
            },
            "qubit": {
                "frequency_01": 6333405940.0,
                "frequency_12": 6126341382.623346,
                "maximum_frequency": null,
                "asymmetry": null,
                "sweetspot": -0.23304304921743593,
                "flux_coefficients": [
                    62.264266752260575,
                    -0.04758161300178534,
                    0.0004063229934912003
                ]
            },
            "readout": {
                "fidelity": 0.9190981432360742,
                "coupling": 18546920.38092546,
                "effective_temperature": 0.0801058411696295,
                "ground_state": [
                    -0.0006367161254749323,
                    0.002657381257277048
                ],
                "excited_state": [
                    -0.0028637662316205762,
                    0.0003890543384314746
                ],
                "qudits_frequency": {
                    "1": 7658167487.594926
                }
            },
            "t1": [
                30845.953277678345,
                779.9910956317988
            ],
            "t2": [
                26129.26712143675,
                1141.2399823582005
            ],
            "t2_spin_echo": [
                24769.0,
                null
            ],
            "rb_fidelity": [
                0.0,
                null
            ]
        },
        "4": {
            "resonator": {
                "bare_frequency": 8000000000.0,
                "dressed_frequency": 7793642218.0,
                "depletion_time": null,
                "bare_frequency_amplitude": null
            },
            "qubit": {
                "frequency_01": 6242994783.443847,
                "frequency_12": 6041421968.146196,
                "maximum_frequency": null,
                "asymmetry": null,
                "sweetspot": -0.24,
                "flux_coefficients": [
                    69.82678788195469,
                    -0.03465251296265737,
                    0.0003602023870738302
                ]
            },
            "readout": {
                "fidelity": 0.9297730307076102,
                "coupling": null,
                "effective_temperature": 0.08147677560188657,
                "ground_state": [
                    -0.0018480487044251395,
                    -0.0005130854133369591
                ],
                "excited_state": [
                    0.0006938266383077394,
                    -0.0018158085692718657
                ],
                "qudits_frequency": {}
            },
            "t1": [
                33683.61088624057,
                931.943560843745
            ],
            "t2": [
                3389.576278677567,
                102.65556364551624
            ],
            "t2_spin_echo": [
                0.0,
                null
            ],
            "rb_fidelity": [
                0.0,
                null
            ]
        }
    },