{
    "single_qubits": {
        "0": {
            "resonator": {
                "bare_frequency": 7203310200.0,
                "dressed_frequency": 7202797579.0,
                "depletion_time": null,
                "bare_frequency_amplitude": null
            },
            "qubit": {
                "frequency_01": 4768288843.0,
                "frequency_12": null,
                "maximum_frequency": null,
                "asymmetry": null,
                "sweetspot": 0.342,
                "flux_coefficients": null
            },
            "readout": {
                "fidelity": 0.9102581249164103,
                "coupling": null,
                "effective_temperature": 0.009321473796686974,
                "ground_state": [
                    0.004307796360329873,
                    0.00234228059269164
                ],
                "excited_state": [
                    0.0031834553024882666,
                    0.003953435065510503
                ],
                "qudits_frequency": {}
            },
            "t1": [
                46336.883775933435,
                2271.2235607523507
            ],
            "t2": [
                12208.398955968372,
                503.6912423682789
            ],
            "t2_spin_echo": [
                21217.0,
                null
            ],
            "rb_fidelity": [
                0.0,
                null
            ]
        },
        "1": {
            "resonator": {
                "bare_frequency": 7400000000.0,
                "dressed_frequency": 7335680370.0,
                "depletion_time": null,
                "bare_frequency_amplitude": null
            },
            "qubit": {
                "frequency_01": 4813610914.0,
                "frequency_12": null,
                "maximum_frequency": null,
                "asymmetry": null,
                "sweetspot": 0.408,
                "flux_coefficients": null
            },
            "readout": {
                "fidelity": 0.9396816905175873,
                "coupling": null,
                "effective_temperature": 0.009061847048958856,
                "ground_state": [
                    -0.0038927818648393335,
                    0.010935830186830149
                ],
                "excited_state": [
                    -0.006637001930033123,
                    0.002630296910735428
                ],
                "qudits_frequency": {}
            },
            "t1": [
                40431.23119479911,
                1511.643649131985
            ],
            "t2": [
                19071.769987674208,
                531.1226294247459
            ],
            "t2_spin_echo": [
                0.0,
                null
            ],
            "rb_fidelity": [
                0.0,
                null
            ]
        },
        "2": {
            "resonator": {
                "bare_frequency": 7488602714.0,
                "dressed_frequency": 7495827724.0,
                "depletion_time": null,
                "bare_frequency_amplitude": null
            },
            "qubit": {
                "frequency_01": 5518116808.0,
                "frequency_12": null,
                "maximum_frequency": null,
                "asymmetry": null,
                "sweetspot": 0.589,
                "flux_coefficients": [
                    -60.276439916652464,
                    -0.06798942353900823,
                    -0.0004479410827892619
                ]
            },
            "readout": {
                "fidelity": 0.9241674468369666,
                "coupling": null,
                "effective_temperature": 0.011322341364773293,
                "ground_state": [
                    0.003041006758894262,
                    -0.0012434307729945956
                ],
                "excited_state": [
                    0.0031201326291645944,
                    0.0015071609935746787
                ],
                "qudits_frequency": {}
            },
            "t1": [
                34959.065087276955,
                1030.1566837985017
            ],
            "t2": [
                11058.774616644761,
                271.8363618520556
            ],
            "t2_spin_echo": [
                0.0,
                null
            ],
            "rb_fidelity": [
                0.0,
                null
            ]
        },
        "3": {
            "resonator": {
                "bare_frequency": 7667554261.0,
                "dressed_frequency": 7660581126.0,
                "depletion_time": null,
                "bare_frequency_amplitude": null
            },
            "qubit": {
                "frequency_01": 6333083967.0,
                "frequency_12": null,
                "maximum_frequency": null,
                "asymmetry": null,
                "sweetspot": 0.624,
                "flux_coefficients": [
                    -64.90587479299383,
                    0.023026661829544805,
                    -0.00012138789989919345
                ]
            },
            "readout": {
                "fidelity": 0.9450314297178012,
                "coupling": null,
                "effective_temperature": 0.012654052384419424,
                "ground_state": [
                    -0.0007899828610720667,
                    0.003486497533435472
                ],
                "excited_state": [
                    -0.0015937688666916123,
                    0.0020959088921355612
                ],
                "qudits_frequency": {}
            },
            "t1": [
                32849.4530366879,
                900.2414764366818
            ],
            "t2": [
                27973.9449018314,
                1276.4605337428052
            ],
            "t2_spin_echo": [
                24769.0,
                null
            ],
            "rb_fidelity": [
                0.0,
                null
            ]
        },
        "4": {
            "resonator": {
                "bare_frequency": 8000000000.0,
                "dressed_frequency": 7793642218.0,
                "depletion_time": null,
                "bare_frequency_amplitude": null
            },
            "qubit": {
                "frequency_01": 6239164926.0,
                "frequency_12": null,
                "maximum_frequency": null,
                "asymmetry": null,
                "sweetspot": 0.023,
                "flux_coefficients": [
                    69.82678788195469,
                    -0.03465251296265737,
                    0.0003602023870738302
                ]
            },
            "readout": {
                "fidelity": 0.9588070081583524,
                "coupling": null,
                "effective_temperature": 0.009103889414805527,
                "ground_state": [
                    -0.00503065564589077,
                    0.0025997441764621363
                ],
                "excited_state": [
                    -0.006395990296777787,
                    -0.0021861072839446383
                ],
                "qudits_frequency": {}
            },
            "t1": [
                36198.05803177922,
                1140.1429129713183
            ],
            "t2": [
                3559.0109186689033,
                96.67365473804263
            ],
            "t2_spin_echo": [
                0.0,
                null
            ],
            "rb_fidelity": [
                0.0,
                null
            ]
        }
    },
    "two_qubits": {
        "0-2": {
            "rb_fidelity": [
                0.0,
                null
            ],
            "cz_fidelity": [
                0.0,
                null
            ],
            "coupling": null
        },
        "2-0": {
            "rb_fidelity": [
                0.0,
                null
            ],
            "cz_fidelity": [
                0.0,
                null
            ],