{
    "single_qubits": {
        "0": {
            "resonator": {
                "bare_frequency": 7203310200.0,
                "dressed_frequency": 7205752361.0,
                "depletion_time": null,
                "bare_frequency_amplitude": null
            },
            "qubit": {
                "frequency_01": 4768288843.0,
                "frequency_12": null,
                "maximum_frequency": null,
                "asymmetry": null,
                "sweetspot": 0.342,
                "flux_coefficients": null
            },
            "readout": {
                "fidelity": 0.9145379162765814,
                "coupling": null,
                "effective_temperature": 0.009515627242016605,
                "ground_state": [
                    0.004352464182538807,
                    0.002305351137801971
                ],
                "excited_state": [
                    0.003228046937678864,
                    0.003919395933148694
                ],
                "qudits_frequency": {}
            },
            "t1": [
                46336.883775933435,
                2271.2235607523507
            ],
            "t2": [
                12208.398955968372,
                503.6912423682789
            ],
            "t2_spin_echo": [
                21217.0,
                null
            ],
            "rb_fidelity": [
                0.0,
                null
            ]
        },
        "1": {
            "resonator": {
                "bare_frequency": 7400000000.0,
                "dressed_frequency": 7338811828.0,
                "depletion_time": null,
                "bare_frequency_amplitude": null
            },
            "qubit": {
                "frequency_01": 4813610914.0,
                "frequency_12": null,
                "maximum_frequency": null,
                "asymmetry": null,
                "sweetspot": 0.408,
                "flux_coefficients": null
            },
            "readout": {
                "fidelity": 0.9378092817975124,
                "coupling": null,
                "effective_temperature": 0.008757883570163922,
                "ground_state": [
                    -0.0035816945856585397,
                    0.010596379234636145
                ],
                "excited_state": [
                    -0.006245101285009472,
                    0.0026132626548933603
                ],
                "qudits_frequency": {}
            },
            "t1": [
                40431.23119479911,
                1511.643649131985
            ],
            "t2": [
                19071.769987674208,
                531.1226294247459
            ],
            "t2_spin_echo": [
                0.0,
                null
            ],
            "rb_fidelity": [
                0.0,
                null
            ]
        },
        "2": {
            "resonator": {
                "bare_frequency": 7488602714.0,
                "dressed_frequency": 7500288377.0,
                "depletion_time": null,
                "bare_frequency_amplitude": null
            },
            "qubit": {
                "frequency_01": 5518116808.0,
                "frequency_12": null,
                "maximum_frequency": null,
                "asymmetry": null,
                "sweetspot": 0.589,
                "flux_coefficients": [
                    -60.276439916652464,
                    -0.06798942353900823,
                    -0.0004479410827892619
                ]
            },
            "readout": {
                "fidelity": 0.9388792296375552,
                "coupling": null,
                "effective_temperature": 0.010357421084899236,
                "ground_state": [
                    0.003143484077661354,
                    -0.0013150777234472398
                ],
                "excited_state": [
                    0.0032251034396822255,
                    0.001513653063006431
                ],
                "qudits_frequency": {}
            },
            "t1": [
                34959.065087276955,
                1030.1566837985017
            ],
            "t2": [
                11058.774616644761,
                271.8363618520556
            ],
            "t2_spin_echo": [
                0.0,
                null
            ],
            "rb_fidelity": [
                0.0,
                null
            ]
        },
        "3": {
            "resonator": {
                "bare_frequency": 7667554261.0,
                "dressed_frequency": 7663867172.0,
                "depletion_time": null,
                "bare_frequency_amplitude": null
            },
            "qubit": {
                "frequency_01": 6333083967.0,
                "frequency_12": null,
                "maximum_frequency": null,
                "asymmetry": null,
                "sweetspot": 0.624,
                "flux_coefficients": [
                    -64.90587479299383,
                    0.023026661829544805,
                    -0.00012138789989919345
                ]
            },
            "readout": {
                "fidelity": 0.9387454861575498,
                "coupling": null,
                "effective_temperature": 0.013552038634439148,
                "ground_state": [
                    -0.0007540352462288168,
                    0.003521725095171696
                ],
                "excited_state": [
                    -0.0015638603548466625,
                    0.0021294727034630646
                ],
                "qudits_frequency": {}
            },
            "t1": [
                32849.4530366879,
                900.2414764366818
            ],
            "t2": [
                27973.9449018314,
                1276.4605337428052
            ],
            "t2_spin_echo": [
                24769.0,
                null
            ],
            "rb_fidelity": [
                0.0,
                null
            ]
        },
        "4": {
            "resonator": {
                "bare_frequency": 8000000000.0,
                "dressed_frequency": 7796464524.0,
                "depletion_time": null,
                "bare_frequency_amplitude": null
            },
            "qubit": {
                "frequency_01": 6239164926.0,
                "frequency_12": null,
                "maximum_frequency": null,
                "asymmetry": null,
                "sweetspot": 0.023,
                "flux_coefficients": [
                    69.82678788195469,
                    -0.03465251296265737,
                    0.0003602023870738302
                ]
            },
            "readout": {
                "fidelity": 0.961348134278454,
                "coupling": null,
                "effective_temperature": 0.008933917170543747,
                "ground_state": [
                    -0.004950790760995827,
                    0.002710385630101611
                ],
                "excited_state": [
                    -0.0063995409657750454,
                    -0.00196770400604064
                ],
                "qudits_frequency": {}
            },
            "t1": [
                36198.05803177922,
                1140.1429129713183
            ],
            "t2": [
                3559.0109186689033,
                96.67365473804263
            ],
            "t2_spin_echo": [
                0.0,
                null
            ],
            "rb_fidelity": [
                0.0,
                null
            ]
        }
    },
    "two_qubits": {
        "0-2": {
            "rb_fidelity": [
                0.0,
                null
            ],
            "cz_fidelity": [
                0.0,
                null
            ],
            "coupling": null
        },
        "2-0": {
            "rb_fidelity": [
                0.0,
                null
            ],
            "cz_fidelity": [
                0.0,
                null
            ],