{
    "modes": {
        "1": {
            "octave_name": "octave3",
            "octave_channel": 1
        },
        "2": {
            "octave_name": "octave2",
            "octave_channel": 1
        },
        "3": {
            "octave_name": "octave2",
            "octave_channel": 2
        },
        "4": {
            "octave_name": "octave2",
            "octave_channel": 3
        },
        "5": {
            "octave_name": "octave2",
            "octave_channel": 4
        },
        "6": {
            "octave_name": "octave2",
            "octave_channel": 5
        }
    },
    "lo_modes": {
        "1": {
            "mode_id": 1,
            "lo_freq": 7550000000,
            "gain": -20.0,
            "latest": 23
        },
        "2": {
            "mode_id": 2,
            "lo_freq": 4500000000.0,
            "gain": 20.0,
            "latest": 16
        },
        "3": {
            "mode_id": 3,
            "lo_freq": 4700000000.0,
            "gain": 20.0,
            "latest": 18
        },
        "4": {
            "mode_id": 4,
            "lo_freq": 5400000000.0,
            "gain": 0.0,
            "latest": 20
        },
        "5": {
            "mode_id": 5,
            "lo_freq": 6500000000.0,
            "gain": -10.0,
            "latest": 22
        },
        "6": {
            "mode_id": 6,
            "lo_freq": 6400000000.0,
            "gain": 15.0,
            "latest": 24
        }
    },
    "lo_cal": {
        "1": {
            "i0": 0.015976198150171855,
            "q0": -0.010354359678419819,
            "lo_mode_id": 1,
            "dc_gain": 0.006736567798062643,
            "dc_phase": -0.10688561594699006,
            "temperature": 56.5625,
            "timestamp": 1710167384.268584,
            "method": "auto"
        },
        "2": {
            "i0": -0.03036448622939133,
            "q0": 0.0027170006147484074,
            "lo_mode_id": 2,
            "dc_gain": -0.08309892534033592,
            "dc_phase": 0.11296564458348562,
            "temperature": 57.9375,
            "timestamp": 1710167393.541166,
            "method": "auto"
        },
        "3": {
            "i0": 0.009425064252634178,
            "q0": -0.00418598412226024,
            "lo_mode_id": 1,
            "dc_gain": -0.05149896710310353,
            "dc_phase": -0.20556150551088748,
            "temperature": 56.5625,
            "timestamp": 1710167496.910444,
            "method": "auto"
        },
        "4": {
            "i0": -0.13479218440247584,
            "q0": -0.04022370444030039,
            "lo_mode_id": 3,
            "dc_gain": -0.05042489580153797,
            "dc_phase": 0.1033670492413307,
            "temperature": 59.5625,
            "timestamp": 1710167506.0251784,
            "method": "auto"
        },
        "5": {
            "i0": 0.013828827017198524,
            "q0": -0.013683659068169672,
            "lo_mode_id": 1,
            "dc_gain": -0.05095644287271872,
            "dc_phase": -0.09254030764393503,
            "temperature": 56.5625,
            "timestamp": 1710167539.4675362,
            "method": "auto"
        },
        "6": {
            "i0": -0.0005532979901386408,
            "q0": -0.0034124801338433672,
            "lo_mode_id": 4,
            "dc_gain": 0.0060566156421510975,
            "dc_phase": 0.09583383266786875,
            "temperature": 57.875,
            "timestamp": 1710167548.8179972,
            "method": "auto"
        },
        "7": {
            "i0": 0.014385472420854584,
            "q0": -0.012337818572825135,
            "lo_mode_id": 1,
            "dc_gain": -0.10181084007950547,
            "dc_phase": -0.07422457690964547,
            "temperature": 56.5625,
            "timestamp": 1710167576.3305933,
            "method": "auto"
        },
        "8": {
            "i0": -0.012486927410785364,
            "q0": -0.002568532719086295,
            "lo_mode_id": 5,
            "dc_gain": -0.012529275006749274,
            "dc_phase": -0.049952467921021426,
            "temperature": 50.9375,
            "timestamp": 1710167585.4540145,
            "method": "auto"
        },
        "9": {
            "i0": 0.012705313455381603,
            "q0": -0.009349468620435427,
            "lo_mode_id": 1,
            "dc_gain": -0.05219920939164646,
            "dc_phase": -0.14154390552524146,
            "temperature": 56.625,
            "timestamp": 1710167661.8841014,
            "method": "auto"
        },
        "10": {
            "i0": -0.0012959001436241933,
            "q0": 0.007327006421845352,
            "lo_mode_id": 6,
            "dc_gain": -0.01600124309226958,
            "dc_phase": -0.04296527840864366,
            "temperature": 52.375,
            "timestamp": 1710167671.0074775,
            "method": "auto"
        },
        "11": {
            "i0": 0.025079135155735392,
            "q0": -0.011226762016182498,
            "lo_mode_id": 1,
            "dc_gain": -0.04378504949517992,
            "dc_phase": -0.06638518973113378,
            "temperature": 56.5625,
            "timestamp": 1710167696.9421778,
            "method": "auto"
        },
        "12": {
            "i0": -0.0013042756262889874,
            "q0": 0.007324547510990943,
            "lo_mode_id": 6,
            "dc_gain": -0.01588983164570068,
            "dc_phase": -0.04297433915722993,
            "temperature": 52.3125,
            "timestamp": 1710167706.143236,
            "method": "auto"
        },
        "13": {
            "i0": 0.010627558911936178,
            "q0": -0.006269227743141533,
            "lo_mode_id": 1,
            "dc_gain": -0.08543230182817874,
            "dc_phase": -0.10142519920498118,
            "temperature": 56.5625,
            "timestamp": 1710167732.001162,
            "method": "auto"
        },
        "14": {
            "i0": -0.001286849894514915,
            "q0": 0.007328591579703522,
            "lo_mode_id": 6,
            "dc_gain": -0.015949890833074853,
            "dc_phase": -0.042968017333698094,
            "temperature": 52.375,
            "timestamp": 1710167741.1366565,
            "method": "auto"
        },
        "15": {
            "i0": 0.01604675899868663,
            "q0": -0.01794832005332104,
            "lo_mode_id": 1,
            "dc_gain": -0.010299688339873714,
            "dc_phase": -0.12388905359552929,
            "temperature": 56.625,
            "timestamp": 1710168055.9109085,
            "method": "auto"
        },
        "16": {
            "i0": -0.029399764228266987,
            "q0": 0.0032526431240775654,
            "lo_mode_id": 2,
            "dc_gain": -0.08304425994923992,
            "dc_phase": 0.11296280872033229,
            "temperature": 58.0,
            "timestamp": 1710168065.2019253,
            "method": "auto"
        },
        "17": {
            "i0": 0.014369178124191912,
            "q0": -0.013878550438090137,
            "lo_mode_id": 1,
            "dc_gain": -0.04153680740131949,
            "dc_phase": -0.04913935872828476,
            "temperature": 56.625,
            "timestamp": 1710168074.600261,
            "method": "auto"
        },
        "18": {
            "i0": -0.03547990492588819,
            "q0": 0.0033961749456624633,
            "lo_mode_id": 3,
            "dc_gain": -0.0489218133205247,
            "dc_phase": 0.10348039146449735,
            "temperature": 59.625,
            "timestamp": 1710168084.0750074,
            "method": "auto"
        },
        "19": {
            "i0": 0.012898109775685087,
            "q0": -0.01014367956020662,
            "lo_mode_id": 1,
            "dc_gain": -0.12256556580578315,
            "dc_phase": -0.14811410722320106,
            "temperature": 56.625,
            "timestamp": 1710168094.2094197,
            "method": "auto"
        },
        "20": {
            "i0": -0.0005554721781308814,
            "q0": -0.0034245105616235887,