{
    "single_qubits": {
        "0": {
            "resonator": {
                "bare_frequency": 7201374552.0,
                "dressed_frequency": 7201512803.0,
                "depletion_time": null,
                "bare_frequency_amplitude": 0.14
            },
            "qubit": {
                "frequency_01": 4775646860.0,
                "frequency_12": null,
                "maximum_frequency": 4774844722.0,
                "asymmetry": null,
                "sweetspot": 0.6441721640223141,
                "flux_coefficients": null
            },
            "readout": {
                "fidelity": 0.6804528032801498,
                "coupling": 29483517.536670517,
                "effective_temperature": 0.11855903410576438,
                "ground_state": [
                    0.0022444953507475456,
                    0.0013425492147632393
                ],
                "excited_state": [
                    0.0004905699167434946,
                    0.002177728121082534
                ],
                "qudits_frequency": {
                    "1": 7200796128.732049
                }
            },
            "t1": [
                47299.22535447803,
                2495.5495197484324
            ],
            "t2": [
                11062.26402485454,
                377.82528816342733
            ],
            "t2_spin_echo": [
                21217.0,
                null
            ],
            "rb_fidelity": [
                0.9961821031898341,
                0.002305167020912825
            ]
        },
        "1": {
            "resonator": {
                "bare_frequency": 7334777787.0,
                "dressed_frequency": 7335027787.0,
                "depletion_time": null,
                "bare_frequency_amplitude": null
            },
            "qubit": {
                "frequency_01": 4815896982.113243,
                "frequency_12": null,
                "maximum_frequency": null,
                "asymmetry": null,
                "sweetspot": 0.408,
                "flux_coefficients": null
            },
            "readout": {
                "fidelity": 0.7462131278235451,
                "coupling": null,
                "effective_temperature": 0.09399997456615174,
                "ground_state": [
                    -0.00014781833168859329,
                    -0.0003073382776625145
                ],
                "excited_state": [
                    0.000277357335151186,
                    -0.002510530178332445
                ],
                "qudits_frequency": {}
            },
            "t1": [
                37105.71109255304,
                1207.6926086304939
            ],
            "t2": [
                23177.87615925842,
                693.2217221464523
            ],
            "t2_spin_echo": [
                0.0,
                null
            ],
            "rb_fidelity": [
                0.0,
                null
            ]
        },
        "2": {
            "resonator": {
                "bare_frequency": 7496172386.0,
                "dressed_frequency": 7496272386.0,
                "depletion_time": null,
                "bare_frequency_amplitude": null
            },
            "qubit": {
                "frequency_01": 5519432876.595067,
                "frequency_12": null,
                "maximum_frequency": null,
                "asymmetry": null,
                "sweetspot": 0.589,
                "flux_coefficients": [
                    60.60370787641982,
                    -0.028527152480155128,
                    0.00030016721829152526
                ]
            },
            "readout": {
                "fidelity": 0.9208722741433022,
                "coupling": null,
                "effective_temperature": 0.06440928247357171,
                "ground_state": [
                    0.00088943294897906,
                    -0.0028662428681640547
                ],
                "excited_state": [
                    0.004416413601677871,
                    0.0004195012554327982
                ],
                "qudits_frequency": {}
            },
            "t1": [
                31917.54639403597,
                912.143413866002
            ],
            "t2": [
                9017.850370904544,
                249.302456635688
            ],
            "t2_spin_echo": [
                0.0,
                null
            ],
            "rb_fidelity": [
                0.0,
                null
            ]
        },
        "3": {
            "resonator": {
                "bare_frequency": 7658742747.0,
                "dressed_frequency": 7658842747.0,
                "depletion_time": null,
                "bare_frequency_amplitude": null
            },
            "qubit": {
                "frequency_01": 6333674713.811758,
                "frequency_12": null,
                "maximum_frequency": null,
                "asymmetry": null,
                "sweetspot": 0.624,
                "flux_coefficients": [
                    62.264266752260575,
                    -0.04758161300178534,
                    0.0004063229934912003
                ]
            },
            "readout": {
                "fidelity": 0.905028927458834,
                "coupling": null,
                "effective_temperature": 0.08306590275611032,
                "ground_state": [
                    -0.00020252377224439771,
                    0.002371261782856521
                ],
                "excited_state": [
                    -0.0028637810164950945,
                    0.0007992934834243566
                ],
                "qudits_frequency": {}
            },
            "t1": [
                30845.953277678345,
                779.9910956317988
            ],
            "t2": [
                26129.26712143675,
                1141.2399823582005
            ],
            "t2_spin_echo": [
                24769.0,
                null
            ],
            "rb_fidelity": [
                0.0,
                null
            ]
        },
        "4": {
            "resonator": {
                "bare_frequency": 7791372896.0,
                "dressed_frequency": 7791472896.0,
                "depletion_time": null,
                "bare_frequency_amplitude": null
            },
            "qubit": {
                "frequency_01": 6243081170.3025255,
                "frequency_12": null,
                "maximum_frequency": null,
                "asymmetry": null,
                "sweetspot": 0.023,
                "flux_coefficients": [
                    69.82678788195469,
                    -0.03465251296265737,
                    0.0003602023870738302
                ]
            },
            "readout": {
                "fidelity": 0.9297730307076102,
                "coupling": null,
                "effective_temperature": 0.08147677560188657,
                "ground_state": [
                    -0.0018480487044251395,
                    -0.0005130854133369591
                ],
                "excited_state": [
                    0.0006938266383077394,
                    -0.0018158085692718657
                ],
                "qudits_frequency": {}
            },
            "t1": [
                33683.61088624057,
                931.943560843745
            ],
            "t2": [
                3389.576278677567,
                102.65556364551624
            ],
            "t2_spin_echo": [
                0.0,
                null
            ],
            "rb_fidelity": [
                0.0,
                null
            ]
        }
    },
    "two_qubits": {
        "0-2": {
            "rb_fidelity": [
                0.0,
                null
            ],
            "cz_fidelity": [
                0.0,
                null
            ],
            "coupling": null
        },