{
    "single_qubits": {
        "0": {
            "resonator": {
                "bare_frequency": 7203310200.0,
                "dressed_frequency": 7205190386.138826,
                "depletion_time": null,
                "bare_frequency_amplitude": null
            },
            "qubit": {
                "frequency_01": 4768288843.0,
                "frequency_12": null,
                "maximum_frequency": null,
                "asymmetry": null,
                "sweetspot": 0.342,
                "flux_coefficients": null
            },
            "readout": {
                "fidelity": 0.9106593553564264,
                "coupling": null,
                "effective_temperature": 0.009246778767144338,
                "ground_state": [
                    0.0045118842625038015,
                    0.004381358558635168
                ],
                "excited_state": [
                    0.002622257321235951,
                    0.0060596079814078515
                ],
                "qudits_frequency": {}
            },
            "t1": [
                47299.22535447803,
                2495.5495197484324
            ],
            "t2": [
                11062.26402485454,
                377.82528816342733
            ],
            "t2_spin_echo": [
                21217.0,
                null
            ],
            "rb_fidelity": [
                0.0,
                null
            ]
        },
        "1": {
            "resonator": {
                "bare_frequency": 7400000000.0,
                "dressed_frequency": 7335680370.0,
                "depletion_time": null,
                "bare_frequency_amplitude": null
            },
            "qubit": {
                "frequency_01": 4813610914.0,
                "frequency_12": null,
                "maximum_frequency": null,
                "asymmetry": null,
                "sweetspot": 0.408,
                "flux_coefficients": null
            },
            "readout": {
                "fidelity": 0.9424903035976997,
                "coupling": null,
                "effective_temperature": 0.008685682330995715,
                "ground_state": [
                    -0.00351580887117808,
                    0.00962870668956103
                ],
                "excited_state": [
                    -0.005768498974049237,
                    0.0021811357612268353
                ],
                "qudits_frequency": {}
            },
            "t1": [
                37105.71109255304,
                1207.6926086304939
            ],
            "t2": [
                23177.87615925842,
                693.2217221464523
            ],
            "t2_spin_echo": [
                0.0,
                null
            ],
            "rb_fidelity": [
                0.0,
                null
            ]
        },
        "2": {
            "resonator": {
                "bare_frequency": 7488602714.0,
                "dressed_frequency": 7495827724.0,
                "depletion_time": null,
                "bare_frequency_amplitude": null
            },
            "qubit": {
                "frequency_01": 5518116808.0,
                "frequency_12": null,
                "maximum_frequency": null,
                "asymmetry": null,
                "sweetspot": 0.589,
                "flux_coefficients": [
                    60.60370787641982,
                    -0.028527152480155128,
                    0.00030016721829152526
                ]
            },
            "readout": {
                "fidelity": 0.953323525478133,
                "coupling": null,
                "effective_temperature": 0.00997363070225102,
                "ground_state": [
                    0.0033496020303101486,
                    -0.0019106433393710253
                ],
                "excited_state": [
                    0.0040580839321258414,
                    0.0012956016434296034
                ],
                "qudits_frequency": {}
            },
            "t1": [
                31917.54639403597,
                912.143413866002
            ],
            "t2": [
                9017.850370904544,
                249.302456635688
            ],
            "t2_spin_echo": [
                0.0,
                null
            ],
            "rb_fidelity": [
                0.0,
                null
            ]
        },
        "3": {
            "resonator": {
                "bare_frequency": 7667554261.0,
                "dressed_frequency": 7660581126.0,
                "depletion_time": null,
                "bare_frequency_amplitude": null
            },
            "qubit": {
                "frequency_01": 6333083967.0,
                "frequency_12": null,
                "maximum_frequency": null,
                "asymmetry": null,
                "sweetspot": 0.624,
                "flux_coefficients": [
                    62.264266752260575,
                    -0.04758161300178534,
                    0.0004063229934912003
                ]
            },
            "readout": {
                "fidelity": 0.8936739333957469,
                "coupling": null,
                "effective_temperature": 0.016894418091340423,
                "ground_state": [
                    -0.000019527248276622153,
                    0.003055879490918719
                ],
                "excited_state": [
                    -0.0008090589211931582,
                    0.001918103486116165
                ],
                "qudits_frequency": {}
            },
            "t1": [
                30845.953277678345,
                779.9910956317988
            ],
            "t2": [
                26129.26712143675,
                1141.2399823582005
            ],
            "t2_spin_echo": [
                24769.0,
                null
            ],
            "rb_fidelity": [
                0.0,
                null
            ]
        },
        "4": {
            "resonator": {
                "bare_frequency": 8000000000.0,
                "dressed_frequency": 7793642218.0,
                "depletion_time": null,
                "bare_frequency_amplitude": null
            },
            "qubit": {
                "frequency_01": 6239164926.0,
                "frequency_12": null,
                "maximum_frequency": null,
                "asymmetry": null,
                "sweetspot": 0.023,
                "flux_coefficients": [
                    69.82678788195469,
                    -0.03465251296265737,
                    0.0003602023870738302
                ]
            },
            "readout": {
                "fidelity": 0.9791360171191654,
                "coupling": null,
                "effective_temperature": 0.008597804343841142,
                "ground_state": [
                    -0.0047517892344151975,
                    0.0031715031328487155
                ],
                "excited_state": [
                    -0.006726865797549371,
                    -0.0016820635454761835
                ],
                "qudits_frequency": {}
            },
            "t1": [
                33683.61088624057,
                931.943560843745
            ],
            "t2": [
                3389.576278677567,
                102.65556364551624
            ],
            "t2_spin_echo": [
                0.0,
                null
            ],
            "rb_fidelity": [
                0.0,
                null
            ]
        }
    },
    "two_qubits": {
        "0-2": {
            "rb_fidelity": [
                0.0,
                null
            ],
            "cz_fidelity": [
                0.0,
                null
            ],
            "coupling": null
        },
        "2-0": {
            "rb_fidelity": [
                0.0,
                null
            ],
            "cz_fidelity": [
                0.0,
                null
            ],