{
    "single_qubits": {
        "0": {
            "resonator": {
                "bare_frequency": 7203310200.0,
                "dressed_frequency": 7202797579.0,
                "depletion_time": null,
                "bare_frequency_amplitude": null
            },
            "qubit": {
                "frequency_01": 4768288843.0,
                "frequency_12": null,
                "maximum_frequency": null,
                "asymmetry": null,
                "sweetspot": 0.342,
                "flux_coefficients": null
            },
            "readout": {
                "fidelity": 0.8950113681958005,
                "coupling": null,
                "effective_temperature": 0.009221720272346332,
                "ground_state": [
                    0.0046969278329676584,
                    0.003408127032674945
                ],
                "excited_state": [
                    0.0032470684931513237,
                    0.005226089174302326
                ],
                "qudits_frequency": {}
            },
            "t1": [
                53113.0,
                null
            ],
            "t2": [
                8205.0,
                null
            ],
            "t2_spin_echo": [
                21217.0,
                null
            ],
            "rb_fidelity": [
                0.0,
                null
            ]
        },
        "1": {
            "resonator": {
                "bare_frequency": 7400000000.0,
                "dressed_frequency": 7335680370.0,
                "depletion_time": null,
                "bare_frequency_amplitude": null
            },
            "qubit": {
                "frequency_01": 4813610914.0,
                "frequency_12": null,
                "maximum_frequency": null,
                "asymmetry": null,
                "sweetspot": 0.408,
                "flux_coefficients": null
            },
            "readout": {
                "fidelity": 0.9255048816370203,
                "coupling": null,
                "effective_temperature": 0.00934736739197261,
                "ground_state": [
                    -0.0056927670568334724,
                    0.009876045013035007
                ],
                "excited_state": [
                    -0.006736826637885111,
                    0.001491675927878319
                ],
                "qudits_frequency": {}
            },
            "t1": [
                33604.0,
                null
            ],
            "t2": [
                13037.0,
                null
            ],
            "t2_spin_echo": [
                0.0,
                null
            ],
            "rb_fidelity": [
                0.0,
                null
            ]
        },
        "2": {
            "resonator": {
                "bare_frequency": 7488602714.0,
                "dressed_frequency": 7495827724.0,
                "depletion_time": null,
                "bare_frequency_amplitude": null
            },
            "qubit": {
                "frequency_01": 5518116808.0,
                "frequency_12": null,
                "maximum_frequency": null,
                "asymmetry": null,
                "sweetspot": 0.589,
                "flux_coefficients": [
                    60.60370787641982,
                    -0.028527152480155128,
                    0.00030016721829152526
                ]
            },
            "readout": {
                "fidelity": 0.9291159555971646,
                "coupling": null,
                "effective_temperature": 0.009232497384063454,
                "ground_state": [
                    0.0035369697199109608,
                    -0.0015405558052649924
                ],
                "excited_state": [
                    0.004067987701831311,
                    0.0017285331280550026
                ],
                "qudits_frequency": {}
            },
            "t1": [
                30644.0,
                null
            ],
            "t2": [
                480.0,
                null
            ],
            "t2_spin_echo": [
                0.0,
                null
            ],
            "rb_fidelity": [
                0.0,
                null
            ]
        },
        "3": {
            "resonator": {
                "bare_frequency": 7667554261.0,
                "dressed_frequency": 7660581126.0,
                "depletion_time": null,
                "bare_frequency_amplitude": null
            },
            "qubit": {
                "frequency_01": 6333083967.0,
                "frequency_12": null,
                "maximum_frequency": null,
                "asymmetry": null,
                "sweetspot": 0.624,
                "flux_coefficients": [
                    62.264266752260575,
                    -0.04758161300178534,
                    0.0004063229934912003
                ]
            },
            "readout": {
                "fidelity": 0.8983549551959342,
                "coupling": null,
                "effective_temperature": 0.013379694005050402,
                "ground_state": [
                    -0.00033100343330512097,
                    0.004241125621758258
                ],
                "excited_state": [
                    -0.001650740315653638,
                    0.003060505590795817
                ],
                "qudits_frequency": {}
            },
            "t1": [
                37204.0,
                null
            ],
            "t2": [
                24301.0,
                null
            ],
            "t2_spin_echo": [
                24769.0,
                null
            ],
            "rb_fidelity": [
                0.0,
                null
            ]
        },
        "4": {
            "resonator": {
                "bare_frequency": 8000000000.0,
                "dressed_frequency": 7793642218.0,
                "depletion_time": null,
                "bare_frequency_amplitude": null
            },
            "qubit": {
                "frequency_01": 6239164926.0,
                "frequency_12": null,
                "maximum_frequency": null,
                "asymmetry": null,
                "sweetspot": 0.023,
                "flux_coefficients": [
                    69.82678788195469,
                    -0.03465251296265737,
                    0.0003602023870738302
                ]
            },
            "readout": {
                "fidelity": 0.9620168516784808,
                "coupling": null,
                "effective_temperature": 0.008207898068120844,
                "ground_state": [
                    -0.004540345067893446,
                    0.0037782014250184854
                ],
                "excited_state": [
                    -0.007172139655707497,
                    -0.0007135718228848235
                ],
                "qudits_frequency": {}
            },
            "t1": [
                35563.0,
                null
            ],
            "t2": [
                697.0,
                null
            ],
            "t2_spin_echo": [
                0.0,
                null
            ],
            "rb_fidelity": [
                0.0,
                null
            ]
        }
    },
    "two_qubits": {
        "0-2": {
            "rb_fidelity": [
                0.0,
                null
            ],
            "cz_fidelity": [
                0.0,
                null
            ],
            "coupling": null
        },
        "2-0": {
            "rb_fidelity": [
                0.0,
                null
            ],
            "cz_fidelity": [
                0.0,
                null
            ],
            "coupling": null
        },
        "1-2": {
            "rb_fidelity": [
                0.0,
                null
            ],
            "cz_fidelity": [
                0.0,
                null
            ],
            "coupling": null
        },