{
    "single_qubits": {
        "0": {
            "resonator": {
                "bare_frequency": 7203310200.0,
                "dressed_frequency": 7202797579.0,
                "depletion_time": null
            },
            "qubit": {
                "frequency_01": 4768288843.0,
                "frequency_12": null,
                "maximum_frequency": null,
                "asymmetry": null,
                "sweetspot": 0.342,
                "flux_coefficients": null
            },
            "readout": {
                "fidelity": 0.8876554767955063,
                "coupling": null,
                "effective_temperature": 0.009783766313505629,
                "ground_state": [
                    0.003784101655964013,
                    0.004805538005593069
                ],
                "excited_state": [
                    0.001812014567855209,
                    0.006208949107903441
                ],
                "qudits_frequency": {}
            },
            "t1": [
                53113.0,
                null
            ],
            "t2": [
                8205.0,
                null
            ],
            "t2_spin_echo": [
                21217.0,
                null
            ],
            "rb_fidelity": [
                0.0,
                null
            ]
        },
        "1": {
            "resonator": {
                "bare_frequency": 7400000000.0,
                "dressed_frequency": 7335680370.0,
                "depletion_time": null
            },
            "qubit": {
                "frequency_01": 4813610914.0,
                "frequency_12": null,
                "maximum_frequency": null,
                "asymmetry": null,
                "sweetspot": 0.408,
                "flux_coefficients": null
            },
            "readout": {
                "fidelity": 0.9378092817975123,
                "coupling": null,
                "effective_temperature": 0.009322067801292432,
                "ground_state": [
                    -0.004620557907678085,
                    0.00946740251543055
                ],
                "excited_state": [
                    -0.006150947746461895,
                    0.0016737813148704843
                ],
                "qudits_frequency": {}
            },
            "t1": [
                33604.0,
                null
            ],
            "t2": [
                13037.0,
                null
            ],
            "t2_spin_echo": [
                0.0,
                null
            ],
            "rb_fidelity": [
                0.0,
                null
            ]
        },
        "2": {
            "resonator": {
                "bare_frequency": 7488602714.0,
                "dressed_frequency": 7495827724.0,
                "depletion_time": null
            },
            "qubit": {
                "frequency_01": 5518116808.0,
                "frequency_12": null,
                "maximum_frequency": null,
                "asymmetry": null,
                "sweetspot": 0.589,
                "flux_coefficients": [
                    60.60370787641982,
                    -0.028527152480155128,
                    0.00030016721829152526
                ]
            },
            "readout": {
                "fidelity": 0.9519860906780795,
                "coupling": null,
                "effective_temperature": 0.009555854077081543,
                "ground_state": [
                    0.0035002171140543943,
                    -0.0019747167256234034
                ],
                "excited_state": [
                    0.004568369185480504,
                    0.001351160168053872
                ],
                "qudits_frequency": {}
            },
            "t1": [
                30644.0,
                null
            ],
            "t2": [
                480.0,
                null
            ],
            "t2_spin_echo": [
                0.0,
                null
            ],
            "rb_fidelity": [
                0.0,
                null
            ]
        },
        "3": {
            "resonator": {
                "bare_frequency": 7667554261.0,
                "dressed_frequency": 7660581126.0,
                "depletion_time": null
            },
            "qubit": {
                "frequency_01": 6333083967.0,
                "frequency_12": null,
                "maximum_frequency": null,
                "asymmetry": null,
                "sweetspot": 0.624,
                "flux_coefficients": [
                    67.61723883390826,
                    0.019530602262023335,
                    0.000047557145804435344
                ]
            },
            "readout": {
                "fidelity": 0.959074495118363,
                "coupling": null,
                "effective_temperature": 0.01181590160678121,
                "ground_state": [
                    0.0004580066620186417,
                    0.0046824563815090455
                ],
                "excited_state": [
                    -0.0012743087564900835,
                    0.0034841096271076063
                ],
                "qudits_frequency": {}
            },
            "t1": [
                37204.0,
                null
            ],
            "t2": [
                24301.0,
                null
            ],
            "t2_spin_echo": [
                24769.0,
                null
            ],
            "rb_fidelity": [
                0.0,
                null
            ]
        },
        "4": {
            "resonator": {
                "bare_frequency": 8000000000.0,
                "dressed_frequency": 7793642218.0,
                "depletion_time": null
            },
            "qubit": {
                "frequency_01": 6239164926.0,
                "frequency_12": null,
                "maximum_frequency": null,
                "asymmetry": null,
                "sweetspot": 0.023,
                "flux_coefficients": [
                    69.82678788195469,
                    -0.03465251296265737,
                    0.0003602023870738302
                ]
            },
            "readout": {
                "fidelity": 0.9723150996388927,
                "coupling": null,
                "effective_temperature": 0.009169074770741085,
                "ground_state": [
                    -0.004277795698792317,
                    0.0035320841123587777
                ],
                "excited_state": [
                    -0.006715871295528615,
                    -0.0009098455994440397
                ],
                "qudits_frequency": {}
            },
            "t1": [
                35563.0,
                null
            ],
            "t2": [
                697.0,
                null
            ],
            "t2_spin_echo": [
                0.0,
                null
            ],
            "rb_fidelity": [
                0.0,
                null
            ]
        }
    },
    "two_qubits": {
        "0-2": {
            "rb_fidelity": [
                0.0,
                null
            ],
            "cz_fidelity": [
                0.0,
                null
            ],
            "coupling": null
        },
        "2-0": {
            "rb_fidelity": [
                0.0,
                null
            ],
            "cz_fidelity": [
                0.0,
                null
            ],
            "coupling": null
        },
        "1-2": {
            "rb_fidelity": [
                0.0,
                null
            ],
            "cz_fidelity": [
                0.0,
                null
            ],
            "coupling": null
        },
        "2-1": {
            "rb_fidelity": [
                0.0,
                null
            ],
            "cz_fidelity": [
                0.0,
                null
            ],
            "coupling": null
        },