{
    "modes": {
        "1": {
            "octave_name": "oct2",
            "octave_channel": 1
        }
    },
    "lo_modes": {
        "1": {
            "mode_id": 1,
            "lo_freq": 7550000000.0,
            "gain": -10.0,
            "latest": 1
        }
    },
    "lo_cal": {
        "1": {
            "i0": 0.003334669384958128,
            "q0": 0.005041248269877195,
            "dc_gain": -0.0033282062431698733,
            "dc_phase": -0.0863659820231087,
            "temperature": 58.0625,
            "timestamp": 1750342258.3111362,
            "method": "auto"
        }
    },
    "if_modes": {
        "1": {
            "lo_mode_id": 1,
            "if_freq": -344216280.1701431,
            "latest": 1
        },
        "2": {
            "lo_mode_id": 1,
            "if_freq": -211189532.79843616,
            "latest": 2
        },
        "3": {
            "lo_mode_id": 1,
            "if_freq": -49767426.43091965,
            "latest": 3
        },
        "4": {
            "lo_mode_id": 1,
            "if_freq": 113840317.08986378,
            "latest": 4
        },
        "5": {
            "lo_mode_id": 1,
            "if_freq": 246583685.1779585,
            "latest": 5
        }
    },
    "if_cal": {
        "1": {
            "gain": -0.00960459220513425,
            "phase": 0.02013452073576418,
            "temperature": 58.0625,
            "timestamp": 1750342258.3151672,
            "method": "auto"
        },
        "2": {
            "gain": -0.006855258032314222,
            "phase": -0.02206545834292979,
            "temperature": 58.0625,
            "timestamp": 1750342258.3168314,
            "method": "auto"
        },
        "3": {
            "gain": -0.005868809996890432,
            "phase": -0.07069501390619791,
            "temperature": 58.0625,
            "timestamp": 1750342258.318718,
            "method": "auto"
        },
        "4": {
            "gain": -0.006142563477098686,
            "phase": -0.12637461711109882,
            "temperature": 58.0625,
            "timestamp": 1750342258.3206632,
            "method": "auto"
        },
        "5": {
            "gain": -0.008159986697981129,
            "phase": -0.17452888966592564,
            "temperature": 58.0625,
            "timestamp": 1750342258.3228033,
            "method": "auto"
        }
    }
}
