{
    "single_qubits": {
        "0": {
            "resonator": {
                "bare_frequency": 7203310200.0,
                "dressed_frequency": 7205670517.0,
                "depletion_time": null,
                "bare_frequency_amplitude": null
            },
            "qubit": {
                "frequency_01": 4578872958.671315,
                "frequency_12": 4768288843.0,
                "maximum_frequency": 4775234709.0,
                "asymmetry": null,
                "sweetspot": 0.47542516543032876,
                "flux_coefficients": null
            },
            "readout": {
                "fidelity": 0.9244349337969774,
                "coupling": 29236692.09440067,
                "effective_temperature": 0.008316761174679416,
                "ground_state": [
                    -0.0046890250051986595,
                    -0.0022325141980073467
                ],
                "excited_state": [
                    -0.0037701886390896742,
                    -0.004829180832332957
                ],
                "qudits_frequency": {
                    "1": 7204969121.736191
                }
            },
            "t1": [
                33882.42828386917,
                590.7638892975536
            ],
            "t2": [
                18524.237309593733,
                667.0708046810603
            ],
            "t2_spin_echo": [
                21217.0,
                null
            ],
            "rb_fidelity": [
                0.0,
                null
            ]
        },
        "1": {
            "resonator": {
                "bare_frequency": 7400000000.0,
                "dressed_frequency": 7338783471.0,
                "depletion_time": null,
                "bare_frequency_amplitude": null
            },
            "qubit": {
                "frequency_01": 4813610914.0,
                "frequency_12": null,
                "maximum_frequency": 4818181345.0,
                "asymmetry": null,
                "sweetspot": 0.3655323287732568,
                "flux_coefficients": null
            },
            "readout": {
                "fidelity": 0.9177477597967099,
                "coupling": 31245264.548066963,
                "effective_temperature": 0.007955829711270752,
                "ground_state": [
                    -0.0017212328323892626,
                    -0.0008208661009763667
                ],
                "excited_state": [
                    -0.002752321834182841,
                    -0.002727107278294179
                ],
                "qudits_frequency": {
                    "1": 7338010243.686919
                }
            },
            "t1": [
                41011.59524947455,
                627.8412220024521
            ],
            "t2": [
                4934.174188251776,
                188.00855073233413
            ],
            "t2_spin_echo": [
                0.0,
                null
            ],
            "rb_fidelity": [
                0.0,
                null
            ]
        },
        "2": {
            "resonator": {
                "bare_frequency": 7488602714.0,
                "dressed_frequency": 7500162058.0,
                "depletion_time": null,
                "bare_frequency_amplitude": null
            },
            "qubit": {
                "frequency_01": 5518116808.0,
                "frequency_12": null,
                "maximum_frequency": 5521733036.0,
                "asymmetry": null,
                "sweetspot": 0.5425461699633385,
                "flux_coefficients": [
                    -59.52892007354071,
                    0.012156049478242488,
                    -0.0001111289929954913
                ]
            },
            "readout": {
                "fidelity": 0.9273772903570952,
                "coupling": 25381168.941654313,
                "effective_temperature": 0.009117608340356036,
                "ground_state": [
                    0.00528032725539975,
                    0.0009742800627167707
                ],
                "excited_state": [
                    0.003232044071533056,
                    0.004180862230641232
                ],
                "qudits_frequency": {
                    "1": 7499512019.416331
                }
            },
            "t1": [
                29425.777884907246,
                327.68511592493263
            ],
            "t2": [
                20780.173083382862,
                723.1302698602533
            ],
            "t2_spin_echo": [
                0.0,
                null
            ],
            "rb_fidelity": [
                0.0,
                null
            ]
        },
        "3": {
            "resonator": {
                "bare_frequency": 7667554261.0,
                "dressed_frequency": 7663763718.0,
                "depletion_time": null,
                "bare_frequency_amplitude": null
            },
            "qubit": {
                "frequency_01": 6333083967.0,
                "frequency_12": null,
                "maximum_frequency": 6334806977.0,
                "asymmetry": null,
                "sweetspot": 0.8235981760606151,
                "flux_coefficients": [
                    -62.98643669288588,
                    -0.017023802585225227,
                    -0.0001522272718677404
                ]
            },
            "readout": {
                "fidelity": 0.9741875083589675,
                "coupling": 16900834.242265623,
                "effective_temperature": 0.009106194058182488,
                "ground_state": [
                    0.0004775068587355517,
                    -0.004470717239142986
                ],
                "excited_state": [
                    0.0029518321765342847,
                    -0.0038713582913330632
                ],
                "qudits_frequency": {
                    "1": 7663334407.197855
                }
            },
            "t1": [
                35462.8154394662,
                436.74215988375613
            ],
            "t2": [
                16018.840049717941,
                491.30767041077524
            ],
            "t2_spin_echo": [
                24769.0,
                null
            ],
            "rb_fidelity": [
                0.0,
                null
            ]
        },
        "4": {
            "resonator": {
                "bare_frequency": 8000000000.0,
                "dressed_frequency": 7796504249.0,
                "depletion_time": null,
                "bare_frequency_amplitude": null
            },
            "qubit": {
                "frequency_01": 6239164926.0,
                "frequency_12": null,
                "maximum_frequency": 6243964071.0,
                "asymmetry": null,
                "sweetspot": -0.06925664671145441,
                "flux_coefficients": [
                    -69.88332254077011,
                    0.01339390938980912,
                    9.621176249569164e-6
                ]
            },
            "readout": {
                "fidelity": 0.9608131603584326,
                "coupling": 20494718.545980692,
                "effective_temperature": 0.009842146596394338,
                "ground_state": [
                    0.0019580915349405783,
                    -0.0021858117933739505
                ],
                "excited_state": [
                    0.0032366853343367467,
                    -0.00034484748528158983
                ],
                "qudits_frequency": {
                    "1": 7795964824.9277525
                }
            },
            "t1": [
                43187.35636186542,
                651.6017712246818
            ],
            "t2": [
                13294.28545384662,
                339.67882316689463
            ],
            "t2_spin_echo": [
                0.0,
                null
            ],