{
    "single_qubits": {
        "0": {
            "resonator": {
                "bare_frequency": 7203310200.0,
                "dressed_frequency": 7202797579.0,
                "depletion_time": null
            },
            "qubit": {
                "frequency_01": 4768288843.0,
                "frequency_12": null,
                "maximum_frequency": null,
                "asymmetry": null,
                "sweetspot": 0.342,
                "flux_coefficients": null
            },
            "readout": {
                "fidelity": 0.9069145379162766,
                "coupling": null,
                "effective_temperature": 0.009094201629529166,
                "ground_state": [
                    0.0037450422327972924,
                    0.004852774663798974
                ],
                "excited_state": [
                    0.0017088147295546497,
                    0.006231507722134416
                ],
                "qudits_frequency": {}
            },
            "t1": [
                53113.0,
                null
            ],
            "t2": [
                8205.0,
                null
            ],
            "t2_spin_echo": [
                21217.0,
                null
            ],
            "rb_fidelity": [
                0.0,
                null
            ]
        },
        "1": {
            "resonator": {
                "bare_frequency": 7400000000.0,
                "dressed_frequency": 7335680370.0,
                "depletion_time": null
            },
            "qubit": {
                "frequency_01": 4813610914.0,
                "frequency_12": null,
                "maximum_frequency": null,
                "asymmetry": null,
                "sweetspot": 0.408,
                "flux_coefficients": null
            },
            "readout": {
                "fidelity": 0.9422228166376889,
                "coupling": null,
                "effective_temperature": 0.008870831426828093,
                "ground_state": [
                    -0.0046258386619172165,
                    0.009731131831485352
                ],
                "excited_state": [
                    -0.006241172722504549,
                    0.0018023806403023492
                ],
                "qudits_frequency": {}
            },
            "t1": [
                33604.0,
                null
            ],
            "t2": [
                13037.0,
                null
            ],
            "t2_spin_echo": [
                0.0,
                null
            ],
            "rb_fidelity": [
                0.0,
                null
            ]
        },
        "2": {
            "resonator": {
                "bare_frequency": 7488602714.0,
                "dressed_frequency": 7495827724.0,
                "depletion_time": null
            },
            "qubit": {
                "frequency_01": 5518116808.0,
                "frequency_12": null,
                "maximum_frequency": null,
                "asymmetry": null,
                "sweetspot": 0.589,
                "flux_coefficients": [
                    60.60370787641982,
                    -0.028527152480155128,
                    0.00030016721829152526
                ]
            },
            "readout": {
                "fidelity": 0.962150595158486,
                "coupling": null,
                "effective_temperature": 0.009330410203918624,
                "ground_state": [
                    0.0035358446911541875,
                    -0.001889895729470028
                ],
                "excited_state": [
                    0.004386786337589634,
                    0.0015485063444345222
                ],
                "qudits_frequency": {}
            },
            "t1": [
                30644.0,
                null
            ],
            "t2": [
                480.0,
                null
            ],
            "t2_spin_echo": [
                0.0,
                null
            ],
            "rb_fidelity": [
                0.0,
                null
            ]
        },
        "3": {
            "resonator": {
                "bare_frequency": 7667554261.0,
                "dressed_frequency": 7660581126.0,
                "depletion_time": null
            },
            "qubit": {
                "frequency_01": 6333083967.0,
                "frequency_12": null,
                "maximum_frequency": null,
                "asymmetry": null,
                "sweetspot": 0.624,
                "flux_coefficients": [
                    67.61723883390826,
                    0.019530602262023335,
                    0.000047557145804435344
                ]
            },
            "readout": {
                "fidelity": 0.9566671124782666,
                "coupling": null,
                "effective_temperature": 0.011869341803142655,
                "ground_state": [
                    0.0003700559332651866,
                    0.0046859783966356205
                ],
                "excited_state": [
                    -0.0013198170452708147,
                    0.0034576018997432554
                ],
                "qudits_frequency": {}
            },
            "t1": [
                37204.0,
                null
            ],
            "t2": [
                24301.0,
                null
            ],
            "t2_spin_echo": [
                24769.0,
                null
            ],
            "rb_fidelity": [
                0.0,
                null
            ]
        },
        "4": {
            "resonator": {
                "bare_frequency": 8000000000.0,
                "dressed_frequency": 7793642218.0,
                "depletion_time": null
            },
            "qubit": {
                "frequency_01": 6239164926.0,
                "frequency_12": null,
                "maximum_frequency": null,
                "asymmetry": null,
                "sweetspot": 0.023,
                "flux_coefficients": null
            },
            "readout": {
                "fidelity": 0.9733850474789355,
                "coupling": null,
                "effective_temperature": 0.009169074770741085,
                "ground_state": [
                    -0.004300332565177997,
                    0.0035337362585510803
                ],
                "excited_state": [
                    -0.006606278671241945,
                    -0.000948277219255069
                ],
                "qudits_frequency": {}
            },
            "t1": [
                35563.0,
                null
            ],
            "t2": [
                697.0,
                null
            ],
            "t2_spin_echo": [
                0.0,
                null
            ],
            "rb_fidelity": [
                0.0,
                null
            ]
        }
    },
    "two_qubits": {
        "0-2": {
            "rb_fidelity": [
                0.0,
                null
            ],
            "cz_fidelity": [
                0.0,
                null
            ],
            "coupling": null
        },
        "2-0": {
            "rb_fidelity": [
                0.0,
                null
            ],
            "cz_fidelity": [
                0.0,
                null
            ],
            "coupling": null
        },
        "1-2": {
            "rb_fidelity": [
                0.0,
                null
            ],
            "cz_fidelity": [
                0.0,
                null
            ],
            "coupling": null
        },
        "2-1": {
            "rb_fidelity": [
                0.0,
                null
            ],
            "cz_fidelity": [
                0.0,
                null
            ],
            "coupling": null
        },
        "2-3": {
            "rb_fidelity": [
                0.0,
                null
            ],