{
    "single_qubits": {
        "0": {
            "resonator": {
                "bare_frequency": 7203310200,
                "dressed_frequency": 7203155906
            },
            "qubit": {
                "frequency_01": 4768135481,
                "sweetspot": 0.36277712048456884
            },
            "readout": {
                "fidelity": 0.866595801222429,
                "ground_state": [
                    0.00035438150195377474,
                    -0.003327106913925015
                ],
                "excited_state": [
                    0.001504948138477889,
                    -0.0054254994962543625
                ]
            },
            "t1": [
                38161,
                null
            ],
            "t2": [
                582,
                null
            ],
            "t2_spin_echo": [
                21217,
                null
            ],
            "rb_fidelity": [
                0.0,
                null
            ]
        },
        "1": {
            "resonator": {
                "bare_frequency": 7400000000,
                "dressed_frequency": 7336249607
            },
            "qubit": {
                "frequency_01": 4813597817,
                "sweetspot": 0.42297962318805277
            },
            "readout": {
                "fidelity": 0.8748339091150678,
                "ground_state": [
                    -0.0011213184577323933,
                    0.0006246632446029271
                ],
                "excited_state": [
                    -0.0037237396837468796,
                    0.0006048612033246902
                ]
            },
            "t1": [
                44083,
                null
            ],
            "t2": [
                642,
                null
            ],
            "t2_spin_echo": [
                0,
                null
            ],
            "rb_fidelity": [
                0.0,
                null
            ]
        },
        "2": {
            "resonator": {
                "bare_frequency": 7488602714,
                "dressed_frequency": 7496149642
            },
            "qubit": {
                "frequency_01": 5517550116,
                "sweetspot": 0.5479482811779897
            },
            "readout": {
                "fidelity": 0.9266542652139251,
                "ground_state": [
                    -0.0003003288067404778,
                    -0.004892078611839255
                ],
                "excited_state": [
                    0.007393258821527089,
                    -0.011465770621352648
                ]
            },
            "t1": [
                37823,
                null
            ],
            "t2": [
                481,
                null
            ],
            "t2_spin_echo": [
                0,
                null
            ],
            "rb_fidelity": [
                0.0,
                null
            ]
        },
        "3": {
            "resonator": {
                "bare_frequency": 7667554261,
                "dressed_frequency": 7661127696
            },
            "qubit": {
                "frequency_01": 6332792190,
                "sweetspot": 0.5887303559746767
            },
            "readout": {
                "fidelity": 0.7770395960669678,
                "ground_state": [
                    -0.0003456159835994834,
                    -0.001500950089975063
                ],
                "excited_state": [
                    -0.00021910084123913037,
                    -0.002847785125688261
                ]
            },
            "t1": [
                28908,
                null
            ],
            "t2": [
                516,
                null
            ],
            "t2_spin_echo": [
                24769,
                null
            ],
            "rb_fidelity": [
                0.0,
                null
            ]
        },
        "4": {
            "resonator": {
                "bare_frequency": 8000000000,
                "dressed_frequency": 7793845914
            },
            "qubit": {
                "frequency_01": 6239456792,
                "sweetspot": -0.00478084288629294
            },
            "readout": {
                "fidelity": 0.9117725219239967,
                "ground_state": [
                    -0.0017516303678901239,
                    0.0010319973546727506
                ],
                "excited_state": [
                    -0.005093403135822581,
                    0.0011375070820059386
                ]
            },
            "t1": [
                36349,
                null
            ],
            "t2": [
                466,
                null
            ],
            "t2_spin_echo": [
                0,
                null
            ],
            "rb_fidelity": [
                0.0,
                null
            ]
        }
    },
    "two_qubits": {
        "0-2": {
            "rb_fidelity": [
                0.0,
                null
            ],
            "cz_fidelity": [
                0.0,
                null
            ]
        },
        "2-0": {
            "rb_fidelity": [
                0.0,
                null
            ],
            "cz_fidelity": [
                0.0,
                null
            ]
        },
        "1-2": {
            "rb_fidelity": [
                0.0,
                null
            ],
            "cz_fidelity": [
                0.0,
                null
            ]
        },
        "2-1": {
            "rb_fidelity": [
                0.0,
                null
            ],
            "cz_fidelity": [
                0.0,
                null
            ]
        },
        "2-3": {
            "rb_fidelity": [
                0.0,
                null
            ],
            "cz_fidelity": [
                0.0,
                null
            ]
        },
        "3-2": {
            "rb_fidelity": [
                0.0,
                null
            ],
            "cz_fidelity": [
                0.0,
                null
            ]
        },
        "2-4": {
            "rb_fidelity": [
                0.0,
                null
            ],
            "cz_fidelity": [
                0.0,
                null
            ]
        },
        "4-2": {
            "rb_fidelity": [
                0.0,
                null
            ],
            "cz_fidelity": [
                0.0,
                null
            ]
        }
    }
}
