{
    "modes": {
        "1": {
            "octave_name": "octave2",
            "octave_channel": 1
        },
        "2": {
            "octave_name": "octave1",
            "octave_channel": 2
        },
        "3": {
            "octave_name": "octave1",
            "octave_channel": 3
        },
        "4": {
            "octave_name": "octave1",
            "octave_channel": 1
        },
        "5": {
            "octave_name": "octave1",
            "octave_channel": 4
        },
        "6": {
            "octave_name": "octave2",
            "octave_channel": 2
        }
    },
    "lo_modes": {
        "1": {
            "mode_id": 1,
            "lo_freq": 7550000000.0,
            "gain": -10.0,
            "latest": 1
        },
        "2": {
            "mode_id": 2,
            "lo_freq": 4900000000.0,
            "gain": -10.0,
            "latest": 2
        },
        "3": {
            "mode_id": 3,
            "lo_freq": 4900000000.0,
            "gain": -10.0,
            "latest": 3
        },
        "4": {
            "mode_id": 4,
            "lo_freq": 5700000000.0,
            "gain": -10.0,
            "latest": 4
        },
        "5": {
            "mode_id": 5,
            "lo_freq": 6500000000.0,
            "gain": -10.0,
            "latest": 5
        },
        "6": {
            "mode_id": 6,
            "lo_freq": 6500000000.0,
            "gain": -10.0,
            "latest": 6
        }
    },
    "lo_cal": {
        "1": {
            "i0": 0.0033279340161421287,
            "q0": 0.0050641443274618905,
            "dc_gain": -0.003387543938159543,
            "dc_phase": -0.0865648455335113,
            "temperature": 58.0625,
            "timestamp": 1750341039.15198,
            "method": "auto"
        },
        "2": {
            "i0": 0.0050712643023987794,
            "q0": 0.004722513525250708,
            "dc_gain": 0.014581990405391876,
            "dc_phase": 0.17884070270607505,
            "temperature": 58.4375,
            "timestamp": 1750341053.672517,
            "method": "auto"
        },
        "3": {
            "i0": 0.006562987874083069,
            "q0": 0.04054120971769908,
            "dc_gain": 0.014596936052150955,
            "dc_phase": 0.18796603965207503,
            "temperature": 59.5625,
            "timestamp": 1750341067.1136363,
            "method": "auto"
        },
        "4": {
            "i0": 0.0015758431829804376,
            "q0": 0.022189162401407485,
            "dc_gain": -0.007008885249453867,
            "dc_phase": 0.014372109109136772,
            "temperature": 53.0,
            "timestamp": 1750341081.3464847,
            "method": "auto"
        },
        "5": {
            "i0": 0.009259336960049892,
            "q0": 0.01854046884180032,
            "dc_gain": 0.0020601467720815503,
            "dc_phase": -0.07106862461383341,
            "temperature": 56.4375,
            "timestamp": 1750341095.7760665,
            "method": "auto"
        },
        "6": {
            "i0": 0.018005168568496367,
            "q0": 0.028151889844933265,
            "dc_gain": 0.0027418052791339242,
            "dc_phase": -0.07562603201539614,
            "temperature": 52.625,
            "timestamp": 1750341107.9264596,
            "method": "auto"
        }
    },
    "if_modes": {
        "1": {
            "lo_mode_id": 1,
            "if_freq": -344216280.1701431,
            "latest": 1
        },
        "2": {
            "lo_mode_id": 1,
            "if_freq": -211189532.79843616,
            "latest": 2
        },
        "3": {
            "lo_mode_id": 1,
            "if_freq": -49767426.43091965,
            "latest": 3
        },
        "4": {
            "lo_mode_id": 1,
            "if_freq": 113840317.08986378,
            "latest": 4
        },
        "5": {
            "lo_mode_id": 1,
            "if_freq": 246583685.1779585,
            "latest": 5
        },
        "6": {
            "lo_mode_id": 2,
            "if_freq": -124696120.46652222,
            "latest": 6
        },
        "7": {
            "lo_mode_id": 3,
            "if_freq": -81854910.13665295,
            "latest": 7
        },
        "8": {
            "lo_mode_id": 4,
            "if_freq": -178450725.5362196,
            "latest": 8
        },
        "9": {
            "lo_mode_id": 5,
            "if_freq": -165285473.1635437,
            "latest": 9
        },
        "10": {
            "lo_mode_id": 6,
            "if_freq": -256143499.70444775,
            "latest": 10
        }
    },
    "if_cal": {
        "1": {
            "gain": -0.010318442787073036,
            "phase": 0.020043990067046904,
            "temperature": 58.0625,
            "timestamp": 1750341039.1571302,
            "method": "auto"
        },
        "2": {
            "gain": -0.006663853032060891,
            "phase": -0.021687352877568504,
            "temperature": 58.0625,
            "timestamp": 1750341039.1609747,
            "method": "auto"
        },
        "3": {
            "gain": -0.005973929368039462,
            "phase": -0.0709162837297212,
            "temperature": 58.0625,
            "timestamp": 1750341039.1627338,
            "method": "auto"
        },
        "4": {
            "gain": -0.006299292326063113,
            "phase": -0.1266035164504105,
            "temperature": 58.0625,
            "timestamp": 1750341039.1645653,
            "method": "auto"
        },
        "5": {
            "gain": -0.008310417038024001,
            "phase": -0.17438928932182907,
            "temperature": 58.0625,
            "timestamp": 1750341039.1666498,
            "method": "auto"
        },
        "6": {
            "gain": 0.01417541681094135,
            "phase": 0.20000834025485134,
            "temperature": 58.4375,
            "timestamp": 1750341053.6783767,
            "method": "auto"
        },
        "7": {
            "gain": 0.009080316448549166,
            "phase": 0.20205846910000402,
            "temperature": 59.5625,
            "timestamp": 1750341067.1210468,
            "method": "auto"
        },
        "8": {
            "gain": -0.005342117848783247,
            "phase": 0.04060618232917964,
            "temperature": 53.0,
            "timestamp": 1750341081.3538191,
            "method": "auto"
        },
        "9": {
            "gain": 0.004948765289630588,
            "phase": -0.08428913985527602,
            "temperature": 56.4375,
            "timestamp": 1750341095.7840543,
            "method": "auto"
        },
        "10": {
            "gain": 0.006683944674197981,
            "phase": -0.06469262690677223,
            "temperature": 52.625,
            "timestamp": 1750341107.935422,
            "method": "auto"
        }
    }
}
