{
    "single_qubits": {
        "0": {
            "resonator": {
                "bare_frequency": 7203310200.0,
                "dressed_frequency": 7205670517.0,
                "depletion_time": null,
                "bare_frequency_amplitude": null
            },
            "qubit": {
                "frequency_01": 4578872958.671315,
                "frequency_12": 4768288843.0,
                "maximum_frequency": 4775232220.0,
                "asymmetry": null,
                "sweetspot": 0.47302807572757355,
                "flux_coefficients": null
            },
            "readout": {
                "fidelity": 0.9438277383977531,
                "coupling": 29236692.09440067,
                "effective_temperature": 0.00828550644519835,
                "ground_state": [
                    -0.0025198412285386035,
                    -0.006477441270289135
                ],
                "excited_state": [
                    0.0008127251847974594,
                    -0.008104059885566018
                ],
                "qudits_frequency": {
                    "1": 7204969121.736191
                }
            },
            "t1": [
                33882.42828386917,
                590.7638892975536
            ],
            "t2": [
                18957.549921602596,
                1482.954064456413
            ],
            "t2_spin_echo": [
                21217.0,
                null
            ],
            "rb_fidelity": [
                0.0,
                null
            ]
        },
        "1": {
            "resonator": {
                "bare_frequency": 7400000000.0,
                "dressed_frequency": 7338783471.0,
                "depletion_time": null,
                "bare_frequency_amplitude": null
            },
            "qubit": {
                "frequency_01": 4813610914.0,
                "frequency_12": null,
                "maximum_frequency": 4818326810.0,
                "asymmetry": null,
                "sweetspot": 0.3613283008289699,
                "flux_coefficients": null
            },
            "readout": {
                "fidelity": 0.9473050688778922,
                "coupling": 31245264.548066963,
                "effective_temperature": 0.00862059013621776,
                "ground_state": [
                    -0.0014492716666478895,
                    -0.0016413537118641853
                ],
                "excited_state": [
                    -0.001525706895691229,
                    -0.004294211986319368
                ],
                "qudits_frequency": {
                    "1": 7338010243.686919
                }
            },
            "t1": [
                41011.59524947455,
                627.8412220024521
            ],
            "t2": [
                5057.384634095271,
                405.1722586654852
            ],
            "t2_spin_echo": [
                0.0,
                null
            ],
            "rb_fidelity": [
                0.0,
                null
            ]
        },
        "2": {
            "resonator": {
                "bare_frequency": 7488602714.0,
                "dressed_frequency": 7500162058.0,
                "depletion_time": null,
                "bare_frequency_amplitude": null
            },
            "qubit": {
                "frequency_01": 5518116808.0,
                "frequency_12": null,
                "maximum_frequency": 5521702669.0,
                "asymmetry": null,
                "sweetspot": 0.534075026652986,
                "flux_coefficients": [
                    -59.52892007354071,
                    0.012156049478242488,
                    -0.0001111289929954913
                ]
            },
            "readout": {
                "fidelity": 0.9118630466764744,
                "coupling": 25381168.941654313,
                "effective_temperature": 0.007609252817704019,
                "ground_state": [
                    0.007293998155206596,
                    0.0011206953483630603
                ],
                "excited_state": [
                    0.004581644712595183,
                    0.005512941706418927
                ],
                "qudits_frequency": {
                    "1": 7499512019.416331
                }
            },
            "t1": [
                29425.777884907246,
                327.68511592493263
            ],
            "t2": [
                20684.58580343434,
                2193.361407224953
            ],
            "t2_spin_echo": [
                0.0,
                null
            ],
            "rb_fidelity": [
                0.0,
                null
            ]
        },
        "3": {
            "resonator": {
                "bare_frequency": 7667554261.0,
                "dressed_frequency": 7663763718.0,
                "depletion_time": null,
                "bare_frequency_amplitude": null
            },
            "qubit": {
                "frequency_01": 6333083967.0,
                "frequency_12": null,
                "maximum_frequency": 6334638525.0,
                "asymmetry": null,
                "sweetspot": 0.8005272292902442,
                "flux_coefficients": [
                    -62.98643669288588,
                    -0.017023802585225227,
                    -0.0001522272718677404
                ]
            },
            "readout": {
                "fidelity": 0.9791360171191655,
                "coupling": 16900834.242265623,
                "effective_temperature": 0.009309554510907534,
                "ground_state": [
                    -0.002357901790156162,
                    -0.0060107439432541265
                ],
                "excited_state": [
                    0.001201459361964948,
                    -0.006934251595909812
                ],
                "qudits_frequency": {
                    "1": 7663334407.197855
                }
            },
            "t1": [
                35462.8154394662,
                436.74215988375613
            ],
            "t2": [
                36099.17354715084,
                4630.795138413866
            ],
            "t2_spin_echo": [
                24769.0,
                null
            ],
            "rb_fidelity": [
                0.0,
                null
            ]
        },
        "4": {
            "resonator": {
                "bare_frequency": 8000000000.0,
                "dressed_frequency": 7796504249.0,
                "depletion_time": null,
                "bare_frequency_amplitude": null
            },
            "qubit": {
                "frequency_01": 6239164926.0,
                "frequency_12": null,
                "maximum_frequency": 6244002235.0,
                "asymmetry": null,
                "sweetspot": -0.07384093555288282,
                "flux_coefficients": [
                    -69.88332254077011,
                    0.01339390938980912,
                    9.621176249569164e-6
                ]
            },
            "readout": {
                "fidelity": 0.9676340778387055,
                "coupling": 20494718.545980692,
                "effective_temperature": 0.00897566148643668,
                "ground_state": [
                    -0.00033805464970911817,
                    -0.0046474761150705046
                ],
                "excited_state": [
                    0.003159968415368635,
                    -0.0042836716558280535
                ],
                "qudits_frequency": {
                    "1": 7795964824.9277525
                }
            },
            "t1": [
                43187.35636186542,
                651.6017712246818
            ],
            "t2": [
                12152.997314900827,
                688.422829317779
            ],
            "t2_spin_echo": [
                0.0,
                null
            ],