{
    "single_qubits": {
        "0": {
            "resonator": {
                "bare_frequency": 7203310200.0,
                "dressed_frequency": 7205757099.0,
                "depletion_time": null,
                "bare_frequency_amplitude": null
            },
            "qubit": {
                "frequency_01": 4578872958.671315,
                "frequency_12": 4768288843.0,
                "maximum_frequency": 4775451817.0,
                "asymmetry": null,
                "sweetspot": 0.4375141513584393,
                "flux_coefficients": null
            },
            "readout": {
                "fidelity": 0.9485087601979404,
                "coupling": 30975869.818399157,
                "effective_temperature": 0.007794807152864367,
                "ground_state": [
                    -0.003542243529650405,
                    -0.0038360208579949775
                ],
                "excited_state": [
                    -0.0011171947382973431,
                    -0.004445622819234809
                ],
                "qudits_frequency": {
                    "1": 7205026572.787628
                }
            },
            "t1": [
                17943.689360098204,
                563.4332332231081
            ],
            "t2": [
                11661.751470016907,
                837.8392603772085
            ],
            "t2_spin_echo": [
                21217.0,
                null
            ],
            "rb_fidelity": [
                0.0,
                null
            ]
        },
        "1": {
            "resonator": {
                "bare_frequency": 7400000000.0,
                "dressed_frequency": 7338810350.0,
                "depletion_time": null,
                "bare_frequency_amplitude": null
            },
            "qubit": {
                "frequency_01": 4813610914.0,
                "frequency_12": null,
                "maximum_frequency": 4818161772.0,
                "asymmetry": null,
                "sweetspot": 0.37325451345869975,
                "flux_coefficients": null
            },
            "readout": {
                "fidelity": 0.945700147117828,
                "coupling": 31136108.341248725,
                "effective_temperature": 0.008620125284008217,
                "ground_state": [
                    -0.0019953641830036716,
                    -0.00200348669296881
                ],
                "excited_state": [
                    0.0003502165099763609,
                    -0.002614452916781533
                ],
                "qudits_frequency": {
                    "1": 7338042524.618903
                }
            },
            "t1": [
                39225.887676753395,
                1520.5995346589632
            ],
            "t2": [
                5254.484062903938,
                366.9431214382005
            ],
            "t2_spin_echo": [
                0.0,
                null
            ],
            "rb_fidelity": [
                0.0,
                null
            ]
        },
        "2": {
            "resonator": {
                "bare_frequency": 7488602714.0,
                "dressed_frequency": 7500268215.0,
                "depletion_time": null,
                "bare_frequency_amplitude": null
            },
            "qubit": {
                "frequency_01": 5518116808.0,
                "frequency_12": null,
                "maximum_frequency": 5521646544.0,
                "asymmetry": null,
                "sweetspot": 0.5203619219606758,
                "flux_coefficients": [
                    -59.52892007354071,
                    0.012156049478242488,
                    -0.0001111289929954913
                ]
            },
            "readout": {
                "fidelity": 0.9725825865989034,
                "coupling": 25950048.80943949,
                "effective_temperature": 0.008253582654456592,
                "ground_state": [
                    0.004517901433297774,
                    0.001955573080239042
                ],
                "excited_state": [
                    0.0018640554603351156,
                    0.0045363103201862195
                ],
                "qudits_frequency": {
                    "1": 7499588746.576128
                }
            },
            "t1": [
                27228.730951167418,
                512.1949023084995
            ],
            "t2": [
                13949.223281442719,
                863.5550063994327
            ],
            "t2_spin_echo": [
                0.0,
                null
            ],
            "rb_fidelity": [
                0.0,
                null
            ]
        },
        "3": {
            "resonator": {
                "bare_frequency": 7667554261.0,
                "dressed_frequency": 7663826439.0,
                "depletion_time": null,
                "bare_frequency_amplitude": null
            },
            "qubit": {
                "frequency_01": 6333083967.0,
                "frequency_12": null,
                "maximum_frequency": 6334653958.0,
                "asymmetry": null,
                "sweetspot": 0.787681648201863,
                "flux_coefficients": [
                    -62.98643669288588,
                    -0.017023802585225227,
                    -0.0001522272718677404
                ]
            },
            "readout": {
                "fidelity": 0.9712451517988498,
                "coupling": 19361287.69888759,
                "effective_temperature": 0.009105820244484284,
                "ground_state": [
                    0.001030494938438027,
                    -0.0038901795042007984
                ],
                "excited_state": [
                    0.003154010781354408,
                    -0.003043642906568993
                ],
                "qudits_frequency": {
                    "1": 7663263055.172934
                }
            },
            "t1": [
                33210.329793340185,
                1030.7944105550346
            ],
            "t2": [
                8444.407473842874,
                747.8759910391087
            ],
            "t2_spin_echo": [
                24769.0,
                null
            ],
            "rb_fidelity": [
                0.0,
                null
            ]
        },
        "4": {
            "resonator": {
                "bare_frequency": 8000000000.0,
                "dressed_frequency": 7796598782.0,
                "depletion_time": null,
                "bare_frequency_amplitude": null
            },
            "qubit": {
                "frequency_01": 6239164926.0,
                "frequency_12": null,
                "maximum_frequency": 6243925480.0,
                "asymmetry": null,
                "sweetspot": -0.09053628515007893,
                "flux_coefficients": [
                    -69.88332254077011,
                    0.01339390938980912,
                    9.621176249569164e-6
                ]
            },
            "readout": {
                "fidelity": 0.9676340778387055,
                "coupling": 21203104.98543834,
                "effective_temperature": 0.0089751898806244,
                "ground_state": [
                    0.0033370593636257444,
                    -0.002892646269565026
                ],
                "excited_state": [
                    0.0031663630253868148,
                    -0.00017876649454536962
                ],
                "qudits_frequency": {
                    "1": 7796021458.514635
                }
            },
            "t1": [
                35268.20189993534,
                1097.3303590309936
            ],
            "t2": [
                13678.277437472008,
                934.9675322778049
            ],
            "t2_spin_echo": [
                0.0,
                null
            ],