{
    "single_qubits": {
        "0": {
            "resonator": {
                "bare_frequency": 7203310200,
                "dressed_frequency": 7202797579
            },
            "qubit": {
                "frequency_01": 4768288843,
                "sweetspot": 0.342
            },
            "readout": {
                "fidelity": 0.9087869466363514,
                "ground_state": [
                    0.003557617030715936,
                    0.005013904640126478
                ],
                "excited_state": [
                    0.001484886531752827,
                    0.0062547226092530646
                ]
            },
            "t1": [
                53113,
                null
            ],
            "t2": [
                8205,
                null
            ],
            "t2_spin_echo": [
                21217,
                null
            ],
            "rb_fidelity": [
                0.0,
                null
            ]
        },
        "1": {
            "resonator": {
                "bare_frequency": 7400000000,
                "dressed_frequency": 7335680370
            },
            "qubit": {
                "frequency_01": 4813610914,
                "sweetspot": 0.408
            },
            "readout": {
                "fidelity": 0.9382105122375285,
                "ground_state": [
                    -0.004874682146771132,
                    0.009282560419144187
                ],
                "excited_state": [
                    -0.006097465089908558,
                    0.0015091686465331414
                ]
            },
            "t1": [
                33604,
                null
            ],
            "t2": [
                13037,
                null
            ],
            "t2_spin_echo": [
                0,
                null
            ],
            "rb_fidelity": [
                0.0,
                null
            ]
        },
        "2": {
            "resonator": {
                "bare_frequency": 7488602714,
                "dressed_frequency": 7495827724
            },
            "qubit": {
                "frequency_01": 5518116808,
                "sweetspot": 0.589
            },
            "readout": {
                "fidelity": 0.9614818777584593,
                "ground_state": [
                    0.003556953177349247,
                    -0.0018370255895249152
                ],
                "excited_state": [
                    0.004339430454789086,
                    0.00156362268760336
                ]
            },
            "t1": [
                30644,
                null
            ],
            "t2": [
                480,
                null
            ],
            "t2_spin_echo": [
                0,
                null
            ],
            "rb_fidelity": [
                0.0,
                null
            ]
        },
        "3": {
            "resonator": {
                "bare_frequency": 7667554261,
                "dressed_frequency": 7660581126
            },
            "qubit": {
                "frequency_01": 6333083967,
                "sweetspot": 0.624
            },
            "readout": {
                "fidelity": 0.9668316169586733,
                "ground_state": [
                    0.0002721220712450675,
                    0.004711658155210598
                ],
                "excited_state": [
                    -0.0014119807740886915,
                    0.003437587939789704
                ]
            },
            "t1": [
                37204,
                null
            ],
            "t2": [
                24301,
                null
            ],
            "t2_spin_echo": [
                24769,
                null
            ],
            "rb_fidelity": [
                0.0,
                null
            ]
        },
        "4": {
            "resonator": {
                "bare_frequency": 8000000000,
                "dressed_frequency": 7793642218
            },
            "qubit": {
                "frequency_01": 6239164926,
                "sweetspot": 0.023
            },
            "readout": {
                "fidelity": 0.9791360171191654,
                "ground_state": [
                    -0.004408190270263623,
                    0.003565068481356068
                ],
                "excited_state": [
                    -0.006750780901233509,
                    -0.0010628259484304278
                ]
            },
            "t1": [
                35563,
                null
            ],
            "t2": [
                697,
                null
            ],
            "t2_spin_echo": [
                0,
                null
            ],
            "rb_fidelity": [
                0.0,
                null
            ]
        }
    },
    "two_qubits": {
        "0-2": {
            "rb_fidelity": [
                0.0,
                null
            ],
            "cz_fidelity": [
                0.0,
                null
            ]
        },
        "2-0": {
            "rb_fidelity": [
                0.0,
                null
            ],
            "cz_fidelity": [
                0.0,
                null
            ]
        },
        "1-2": {
            "rb_fidelity": [
                0.0,
                null
            ],
            "cz_fidelity": [
                0.0,
                null
            ]
        },
        "2-1": {
            "rb_fidelity": [
                0.0,
                null
            ],
            "cz_fidelity": [
                0.0,
                null
            ]
        },
        "2-3": {
            "rb_fidelity": [
                0.0,
                null
            ],
            "cz_fidelity": [
                0.0,
                null
            ]
        },
        "3-2": {
            "rb_fidelity": [
                0.0,
                null
            ],
            "cz_fidelity": [
                0.0,
                null
            ]
        },
        "2-4": {
            "rb_fidelity": [
                0.0,
                null
            ],
            "cz_fidelity": [
                0.0,
                null
            ]
        },
        "4-2": {
            "rb_fidelity": [
                0.0,
                null
            ],
            "cz_fidelity": [
                0.0,
                null
            ]
        }
    }
}
