{
    "single_qubits": {
        "0": {
            "resonator": {
                "bare_frequency": 7203310200.0,
                "dressed_frequency": 7202797579.0,
                "depletion_time": null,
                "bare_frequency_amplitude": null
            },
            "qubit": {
                "frequency_01": 4768288843.0,
                "frequency_12": null,
                "maximum_frequency": null,
                "asymmetry": null,
                "sweetspot": 0.342,
                "flux_coefficients": null
            },
            "readout": {
                "fidelity": 0.9275110338371004,
                "coupling": null,
                "effective_temperature": 0.009309119638364475,
                "ground_state": [
                    0.003945779145976163,
                    0.0036802550590364727
                ],
                "excited_state": [
                    0.0023274684848752876,
                    0.005215159465029579
                ],
                "qudits_frequency": {}
            },
            "t1": [
                53113.0,
                null
            ],
            "t2": [
                8205.0,
                null
            ],
            "t2_spin_echo": [
                21217.0,
                null
            ],
            "rb_fidelity": [
                0.0,
                null
            ]
        },
        "1": {
            "resonator": {
                "bare_frequency": 7400000000.0,
                "dressed_frequency": 7335680370.0,
                "depletion_time": null,
                "bare_frequency_amplitude": null
            },
            "qubit": {
                "frequency_01": 4813610914.0,
                "frequency_12": null,
                "maximum_frequency": null,
                "asymmetry": null,
                "sweetspot": 0.408,
                "flux_coefficients": null
            },
            "readout": {
                "fidelity": 0.9521198341580848,
                "coupling": null,
                "effective_temperature": 0.009141355714613745,
                "ground_state": [
                    -0.004186460623775377,
                    0.009969962001437125
                ],
                "excited_state": [
                    -0.006333089540855155,
                    0.002077101678118534
                ],
                "qudits_frequency": {}
            },
            "t1": [
                33604.0,
                null
            ],
            "t2": [
                13037.0,
                null
            ],
            "t2_spin_echo": [
                0.0,
                null
            ],
            "rb_fidelity": [
                0.0,
                null
            ]
        },
        "2": {
            "resonator": {
                "bare_frequency": 7488602714.0,
                "dressed_frequency": 7495827724.0,
                "depletion_time": null,
                "bare_frequency_amplitude": null
            },
            "qubit": {
                "frequency_01": 5518116808.0,
                "frequency_12": null,
                "maximum_frequency": null,
                "asymmetry": null,
                "sweetspot": 0.589,
                "flux_coefficients": [
                    60.60370787641982,
                    -0.028527152480155128,
                    0.00030016721829152526
                ]
            },
            "readout": {
                "fidelity": 0.9371405643974857,
                "coupling": null,
                "effective_temperature": 0.011491965214151122,
                "ground_state": [
                    0.0031302271272913343,
                    -0.00154087027463288
                ],
                "excited_state": [
                    0.003606935877587621,
                    0.0014157537607580994
                ],
                "qudits_frequency": {}
            },
            "t1": [
                30644.0,
                null
            ],
            "t2": [
                480.0,
                null
            ],
            "t2_spin_echo": [
                0.0,
                null
            ],
            "rb_fidelity": [
                0.0,
                null
            ]
        },
        "3": {
            "resonator": {
                "bare_frequency": 7667554261.0,
                "dressed_frequency": 7660581126.0,
                "depletion_time": null,
                "bare_frequency_amplitude": null
            },
            "qubit": {
                "frequency_01": 6333083967.0,
                "frequency_12": null,
                "maximum_frequency": null,
                "asymmetry": null,
                "sweetspot": 0.624,
                "flux_coefficients": [
                    62.264266752260575,
                    -0.04758161300178534,
                    0.0004063229934912003
                ]
            },
            "readout": {
                "fidelity": 0.790423966831617,
                "coupling": null,
                "effective_temperature": 0.019927453156249924,
                "ground_state": [
                    0.00004731336561238751,
                    0.0026465896702733394
                ],
                "excited_state": [
                    -0.0005678356558750128,
                    0.0017403609925123464
                ],
                "qudits_frequency": {}
            },
            "t1": [
                37204.0,
                null
            ],
            "t2": [
                24301.0,
                null
            ],
            "t2_spin_echo": [
                24769.0,
                null
            ],
            "rb_fidelity": [
                0.0,
                null
            ]
        },
        "4": {
            "resonator": {
                "bare_frequency": 8000000000.0,
                "dressed_frequency": 7793642218.0,
                "depletion_time": null,
                "bare_frequency_amplitude": null
            },
            "qubit": {
                "frequency_01": 6239164926.0,
                "frequency_12": null,
                "maximum_frequency": null,
                "asymmetry": null,
                "sweetspot": 0.023,
                "flux_coefficients": [
                    69.82678788195469,
                    -0.03465251296265737,
                    0.0003602023870738302
                ]
            },
            "readout": {
                "fidelity": 0.9826133475993045,
                "coupling": null,
                "effective_temperature": 0.008254629134137137,
                "ground_state": [
                    -0.003505851754035529,
                    0.004184956022451711
                ],
                "excited_state": [
                    -0.00669710680950018,
                    0.00029962122245030684
                ],
                "qudits_frequency": {}
            },
            "t1": [
                35563.0,
                null
            ],
            "t2": [
                697.0,
                null
            ],
            "t2_spin_echo": [
                0.0,
                null
            ],
            "rb_fidelity": [
                0.0,
                null
            ]
        }
    },
    "two_qubits": {
        "0-2": {
            "rb_fidelity": [
                0.0,
                null
            ],
            "cz_fidelity": [
                0.0,
                null
            ],
            "coupling": null
        },
        "2-0": {
            "rb_fidelity": [
                0.0,
                null
            ],
            "cz_fidelity": [
                0.0,
                null
            ],
            "coupling": null
        },
        "1-2": {
            "rb_fidelity": [
                0.0,
                null
            ],
            "cz_fidelity": [
                0.0,
                null
            ],
            "coupling": null
        },