{
    "single_qubits": {
        "0": {
            "resonator": {
                "bare_frequency": 7203310200.0,
                "dressed_frequency": 7205670517.0,
                "depletion_time": null,
                "bare_frequency_amplitude": null
            },
            "qubit": {
                "frequency_01": 4768288843.0,
                "frequency_12": 4768288843.0,
                "maximum_frequency": 4775234709.0,
                "asymmetry": null,
                "sweetspot": 0.47542516543032876,
                "flux_coefficients": null
            },
            "readout": {
                "fidelity": 0.8526146850341045,
                "coupling": 29236692.09440067,
                "effective_temperature": 0.010586139118539041,
                "ground_state": [
                    0.0008737031634335947,
                    -0.003651237966737642
                ],
                "excited_state": [
                    0.0027101867222779573,
                    -0.003370997402655085
                ],
                "qudits_frequency": {
                    "1": 7204969121.736191
                }
            },
            "t1": [
                26260.07585591958,
                938.1852537423154
            ],
            "t2": [
                17474.61210160513,
                711.1196250642414
            ],
            "t2_spin_echo": [
                21217.0,
                null
            ],
            "rb_fidelity": [
                0.0,
                null
            ]
        },
        "1": {
            "resonator": {
                "bare_frequency": 7400000000.0,
                "dressed_frequency": 7338783471.0,
                "depletion_time": null,
                "bare_frequency_amplitude": null
            },
            "qubit": {
                "frequency_01": 4813610914.0,
                "frequency_12": null,
                "maximum_frequency": 4818400762.0,
                "asymmetry": null,
                "sweetspot": 0.3612981245395635,
                "flux_coefficients": null
            },
            "readout": {
                "fidelity": 0.9152066336766083,
                "coupling": 31245264.548066963,
                "effective_temperature": 0.008246839413788858,
                "ground_state": [
                    -0.0007656927263976,
                    -0.0019733977158557982
                ],
                "excited_state": [
                    0.00002900494584683924,
                    -0.004302147356874247
                ],
                "qudits_frequency": {
                    "1": 7338010243.686919
                }
            },
            "t1": [
                38056.370637707856,
                1658.9585213678463
            ],
            "t2": [
                10981.08324312985,
                294.18675669148024
            ],
            "t2_spin_echo": [
                0.0,
                null
            ],
            "rb_fidelity": [
                0.0,
                null
            ]
        },
        "2": {
            "resonator": {
                "bare_frequency": 7488602714.0,
                "dressed_frequency": 7500162058.0,
                "depletion_time": null,
                "bare_frequency_amplitude": null
            },
            "qubit": {
                "frequency_01": 5518116808.0,
                "frequency_12": null,
                "maximum_frequency": 5521732790.0,
                "asymmetry": null,
                "sweetspot": 0.5347210367348649,
                "flux_coefficients": [
                    -59.52892007354071,
                    0.012156049478242488,
                    -0.0001111289929954913
                ]
            },
            "readout": {
                "fidelity": 0.9097231509963889,
                "coupling": 25381168.941654313,
                "effective_temperature": 0.01057615516848577,
                "ground_state": [
                    0.0033312647837551767,
                    0.0014019839432935805
                ],
                "excited_state": [
                    0.0014842597572652353,
                    0.003135382898936094
                ],
                "qudits_frequency": {
                    "1": 7499512019.416331
                }
            },
            "t1": [
                19663.2095927454,
                669.5592979039681
            ],
            "t2": [
                16972.01790346656,
                864.9297196443276
            ],
            "t2_spin_echo": [
                0.0,
                null
            ],
            "rb_fidelity": [
                0.0,
                null
            ]
        },
        "3": {
            "resonator": {
                "bare_frequency": 7667554261.0,
                "dressed_frequency": 7663763718.0,
                "depletion_time": null,
                "bare_frequency_amplitude": null
            },
            "qubit": {
                "frequency_01": 6333083967.0,
                "frequency_12": null,
                "maximum_frequency": 6334702915.0,
                "asymmetry": null,
                "sweetspot": 0.8036553966185815,
                "flux_coefficients": [
                    -63.07811758528646,
                    0.25006088742382027,
                    -0.0003454467145634904
                ]
            },
            "readout": {
                "fidelity": 0.960946903838438,
                "coupling": 16900834.242265623,
                "effective_temperature": 0.010666710394510476,
                "ground_state": [
                    -0.00013571505751854465,
                    -0.0028469865520465063
                ],
                "excited_state": [
                    0.0014684672766475096,
                    -0.002505365768600725
                ],
                "qudits_frequency": {
                    "1": 7663334407.197855
                }
            },
            "t1": [
                35135.70804275309,
                1407.5206707142609
            ],
            "t2": [
                20129.854876013193,
                750.1663997426139
            ],
            "t2_spin_echo": [
                24769.0,
                null
            ],
            "rb_fidelity": [
                0.0,
                null
            ]
        },
        "4": {
            "resonator": {
                "bare_frequency": 8000000000.0,
                "dressed_frequency": 7796504249.0,
                "depletion_time": null,
                "bare_frequency_amplitude": null
            },
            "qubit": {
                "frequency_01": 6239164926.0,
                "frequency_12": null,
                "maximum_frequency": 6243978102.0,
                "asymmetry": null,
                "sweetspot": -0.07458798541755325,
                "flux_coefficients": [
                    -69.88332254077011,
                    0.01339390938980912,
                    9.621176249569164e-6
                ]
            },
            "readout": {
                "fidelity": 0.9695064865587804,
                "coupling": 20494718.545980692,
                "effective_temperature": 0.008604417589276783,
                "ground_state": [
                    0.0007049113335752683,
                    -0.004612688419350788
                ],
                "excited_state": [
                    0.0041614710299132,
                    -0.0035846279160541474
                ],
                "qudits_frequency": {
                    "1": 7795964824.9277525
                }
            },
            "t1": [
                36198.05803177922,
                1140.1429129713183
            ],
            "t2": [
                3559.0109186689033,
                96.67365473804263
            ],
            "t2_spin_echo": [
                0.0,
                null
            ],