{
    "single_qubits": {
        "0": {
            "resonator": {
                "bare_frequency": 7203310200.0,
                "dressed_frequency": 7205670517.0,
                "depletion_time": null,
                "bare_frequency_amplitude": null
            },
            "qubit": {
                "frequency_01": 4768288843.0,
                "frequency_12": null,
                "maximum_frequency": 4775063315.0,
                "asymmetry": null,
                "sweetspot": 0.470551557191086,
                "flux_coefficients": null
            },
            "readout": {
                "fidelity": 0.899424903035977,
                "coupling": 29236692.09440067,
                "effective_temperature": 0.010011863957253744,
                "ground_state": [
                    -0.0017054054866790392,
                    0.0029300911089341786
                ],
                "excited_state": [
                    -0.003061363218190024,
                    0.001771465437136759
                ],
                "qudits_frequency": {
                    "1": 7204969121.736191
                }
            },
            "t1": [
                26260.07585591958,
                938.1852537423154
            ],
            "t2": [
                17474.61210160513,
                711.1196250642414
            ],
            "t2_spin_echo": [
                21217.0,
                null
            ],
            "rb_fidelity": [
                0.0,
                null
            ]
        },
        "1": {
            "resonator": {
                "bare_frequency": 7400000000.0,
                "dressed_frequency": 7338783471.0,
                "depletion_time": null,
                "bare_frequency_amplitude": null
            },
            "qubit": {
                "frequency_01": 4813610914.0,
                "frequency_12": null,
                "maximum_frequency": 4818188484.0,
                "asymmetry": null,
                "sweetspot": 0.3567186102764078,
                "flux_coefficients": null
            },
            "readout": {
                "fidelity": 0.926574829477063,
                "coupling": 31245264.548066963,
                "effective_temperature": 0.009331008952415351,
                "ground_state": [
                    0.0025452451353834993,
                    -0.0011878068680563902
                ],
                "excited_state": [
                    0.0024994130013292607,
                    0.0014030007572994841
                ],
                "qudits_frequency": {
                    "1": 7338010243.686919
                }
            },
            "t1": [
                38056.370637707856,
                1658.9585213678463
            ],
            "t2": [
                10981.08324312985,
                294.18675669148024
            ],
            "t2_spin_echo": [
                0.0,
                null
            ],
            "rb_fidelity": [
                0.0,
                null
            ]
        },
        "2": {
            "resonator": {
                "bare_frequency": 7488602714.0,
                "dressed_frequency": 7500162058.0,
                "depletion_time": null,
                "bare_frequency_amplitude": null
            },
            "qubit": {
                "frequency_01": 5518116808.0,
                "frequency_12": null,
                "maximum_frequency": 5521859929.0,
                "asymmetry": null,
                "sweetspot": 0.5312918712990764,
                "flux_coefficients": [
                    -61.7938299092033,
                    0.06434291788637515,
                    0.00021701316267178558
                ]
            },
            "readout": {
                "fidelity": 0.9313895947572556,
                "coupling": 25381168.941654313,
                "effective_temperature": 0.009562406872184744,
                "ground_state": [
                    -0.0020257428637071285,
                    -0.004938123280992854
                ],
                "excited_state": [
                    0.0019025373483973263,
                    -0.006040981705791893
                ],
                "qudits_frequency": {
                    "1": 7499512019.416331
                }
            },
            "t1": [
                19663.2095927454,
                669.5592979039681
            ],
            "t2": [
                16972.01790346656,
                864.9297196443276
            ],
            "t2_spin_echo": [
                0.0,
                null
            ],
            "rb_fidelity": [
                0.0,
                null
            ]
        },
        "3": {
            "resonator": {
                "bare_frequency": 7667554261.0,
                "dressed_frequency": 7663763718.0,
                "depletion_time": null,
                "bare_frequency_amplitude": null
            },
            "qubit": {
                "frequency_01": 6333083967.0,
                "frequency_12": null,
                "maximum_frequency": 6334779669.0,
                "asymmetry": null,
                "sweetspot": 0.7990710870805151,
                "flux_coefficients": [
                    -65.43265130294648,
                    -0.21109731177434077,
                    -0.00039782344135345747
                ]
            },
            "readout": {
                "fidelity": 0.8258659890330347,
                "coupling": 16900834.242265623,
                "effective_temperature": 0.015693115011391787,
                "ground_state": [
                    0.004984119244709177,
                    -0.002080658292015325
                ],
                "excited_state": [
                    0.003873416929002176,
                    -0.00027726767207269794
                ],
                "qudits_frequency": {
                    "1": 7663334407.197855
                }
            },
            "t1": [
                35135.70804275309,
                1407.5206707142609
            ],
            "t2": [
                20129.854876013193,
                750.1663997426139
            ],
            "t2_spin_echo": [
                24769.0,
                null
            ],
            "rb_fidelity": [
                0.0,
                null
            ]
        },
        "4": {
            "resonator": {
                "bare_frequency": 8000000000.0,
                "dressed_frequency": 7796504249.0,
                "depletion_time": null,
                "bare_frequency_amplitude": null
            },
            "qubit": {
                "frequency_01": 6239164926.0,
                "frequency_12": null,
                "maximum_frequency": 6243984440.0,
                "asymmetry": null,
                "sweetspot": -0.07582987735477473,
                "flux_coefficients": [
                    69.82678788195469,
                    -0.03465251296265737,
                    0.0003602023870738302
                ]
            },
            "readout": {
                "fidelity": 0.9673665908786947,
                "coupling": 20494718.545980692,
                "effective_temperature": 0.008975653453769718,
                "ground_state": [
                    -0.002972275700069054,
                    -0.0034524396945310528
                ],
                "excited_state": [
                    -0.00004154806205562144,
                    -0.003096912558925045
                ],
                "qudits_frequency": {
                    "1": 7795964824.9277525
                }
            },
            "t1": [
                36198.05803177922,
                1140.1429129713183
            ],
            "t2": [
                3559.0109186689033,
                96.67365473804263
            ],
            "t2_spin_echo": [
                0.0,
                null
            ],