{
    "modes": {
        "1": {
            "octave_name": "octave2",
            "octave_channel": 1
        },
        "2": {
            "octave_name": "octave1",
            "octave_channel": 2
        },
        "3": {
            "octave_name": "octave1",
            "octave_channel": 3
        }
    },
    "lo_modes": {
        "1": {
            "mode_id": 1,
            "lo_freq": 7550000000.0,
            "gain": -10.0,
            "latest": 2
        },
        "2": {
            "mode_id": 2,
            "lo_freq": 4900000000.0,
            "gain": -10.0,
            "latest": 3
        },
        "3": {
            "mode_id": 3,
            "lo_freq": 4900000000.0,
            "gain": -10.0,
            "latest": 4
        }
    },
    "lo_cal": {
        "1": {
            "i0": 0.0035065696374227523,
            "q0": 0.005154185563323096,
            "dc_gain": -0.003185285296676721,
            "dc_phase": -0.08710703530423652,
            "temperature": 58.0,
            "timestamp": 1748436490.9909077,
            "method": "auto"
        },
        "2": {
            "i0": 0.0034959195030751515,
            "q0": 0.00512912148779924,
            "dc_gain": -0.0032963714602702865,
            "dc_phase": -0.08718254337402506,
            "temperature": 57.9375,
            "timestamp": 1748436635.9844077,
            "method": "auto"
        },
        "3": {
            "i0": 0.004592715857335579,
            "q0": 0.004687374785258415,
            "dc_gain": 0.014155117096686709,
            "dc_phase": 0.18089653685373946,
            "temperature": 58.25,
            "timestamp": 1748436649.5108967,
            "method": "auto"
        },
        "4": {
            "i0": 0.006266482450484093,
            "q0": 0.04059994658855357,
            "dc_gain": 0.014992093259527106,
            "dc_phase": 0.19036513307885955,
            "temperature": 58.75,
            "timestamp": 1748436664.5137885,
            "method": "auto"
        }
    },
    "if_modes": {
        "1": {
            "lo_mode_id": 1,
            "if_freq": -344529483.0,
            "latest": 3
        },
        "2": {
            "lo_mode_id": 1,
            "if_freq": -211216529.0,
            "latest": 4
        },
        "3": {
            "lo_mode_id": 2,
            "if_freq": -124610797.0,
            "latest": 5
        },
        "4": {
            "lo_mode_id": 3,
            "if_freq": -81754842.0,
            "latest": 6
        }
    },
    "if_cal": {
        "1": {
            "gain": -0.010766834407886915,
            "phase": 0.013718719597698166,
            "temperature": 58.0,
            "timestamp": 1748436490.9954016,
            "method": "auto"
        },
        "2": {
            "gain": -0.006890624026741305,
            "phase": -0.026794912048171162,
            "temperature": 58.0,
            "timestamp": 1748436490.999643,
            "method": "auto"
        },
        "3": {
            "gain": -0.010860377128280262,
            "phase": 0.014881451578227666,
            "temperature": 57.9375,
            "timestamp": 1748436635.988728,
            "method": "auto"
        },
        "4": {
            "gain": -0.006905209087554617,
            "phase": -0.026118608189792072,
            "temperature": 57.9375,
            "timestamp": 1748436635.9925485,
            "method": "auto"
        },
        "5": {
            "gain": 0.014374998076531588,
            "phase": 0.20121142510591403,
            "temperature": 58.25,
            "timestamp": 1748436649.5167143,
            "method": "auto"
        },
        "6": {
            "gain": 0.009094511655817561,
            "phase": 0.20458452671484167,
            "temperature": 58.75,
            "timestamp": 1748436664.5204237,
            "method": "auto"
        }
    }
}
