{
    "nqubits": 5,
    "settings": {
        "nshots": 2048,
        "relaxation_time": 400000
    },
    "qubits": [
        0,
        1,
        2,
        3,
        4
    ],
    "topology": [
        [
            0,
            2
        ],
        [
            1,
            2
        ],
        [
            2,
            3
        ],
        [
            2,
            4
        ]
    ],
    "instruments": {
        "twpa": {
            "power": 1.42,
            "frequency": 6542230000
        },
        "con3": {
            "i1": {
                "gain": 10
            },
            "i2": {
                "gain": 10
            }
        },
        "con4": {
            "o3": {
                "filter": {
                    "feedforward": [
                        1.0684635881381783,
                        -1.0163217174522334
                    ],
                    "feedback": [
                        0.947858129314055
                    ]
                }
            },
            "o4": {
                "filter": {
                    "feedforward": [
                        1.0684635881381783,
                        -1.0163217174522334
                    ],
                    "feedback": [
                        0.947858129314055
                    ]
                }
            }
        },
        "octave2": {
            "o3": {
                "lo_frequency": 5100000000.0,
                "gain": 20
            },
            "o2": {
                "lo_frequency": 5100000000.0,
                "gain": 20
            },
            "o1": {
                "lo_frequency": 5800000000.0,
                "gain": 20
            },
            "o4": {
                "lo_frequency": 6500000000.0,
                "gain": -10
            },
            "o5": {
                "lo_frequency": 6500000000.0,
                "gain": -10
            }
        },
        "octave3": {
            "o1": {
                "lo_frequency": 7550000000,
                "gain": -20
            },
            "i1": {
                "lo_frequency": 7550000000
            }
        }
    },
    "native_gates": {
        "single_qubit": {
            "0": {
                "RX": {
                    "duration": 40.0,
                    "amplitude": 0.3304,
                    "frequency": 4768978556.0,
                    "envelope": {
                        "kind": "gaussian",
                        "rel_sigma": 0.2
                    },
                    "type": "qd"
                },
                "RX12": {
                    "duration": 40.0,
                    "amplitude": 0.18,
                    "frequency": 4768813556.0,
                    "envelope": {
                        "kind": "gaussian",
                        "rel_sigma": 0.2
                    },
                    "type": "qd"
                },
                "MZ": {
                    "duration": 2000.0,
                    "amplitude": 0.02,
                    "frequency": 7208473956.0,
                    "envelope": {
                        "kind": "rectangular"
                    },
                    "type": "ro"
                }
            },
            "1": {
                "RX": {
                    "duration": 40.0,
                    "amplitude": 0.25,
                    "frequency": 4809217873.0,
                    "envelope": {
                        "kind": "gaussian",
                        "rel_sigma": 0.2
                    },
                    "type": "qd"
                },
                "RX12": {
                    "duration": 40.0,
                    "amplitude": 0.5,
                    "frequency": 4809217873.0,
                    "envelope": {
                        "kind": "gaussian",
                        "rel_sigma": 0.2
                    },
                    "type": "qd"
                },
                "MZ": {
                    "duration": 2000.0,
                    "amplitude": 0.008,
                    "frequency": 7336409801.0,
                    "envelope": {
                        "kind": "rectangular"
                    },
                    "type": "ro"
                }
            },
            "2": {
                "RX": {
                    "duration": 40.0,
                    "amplitude": 0.4255,
                    "frequency": 5516506000.0,
                    "envelope": {
                        "kind": "gaussian",
                        "rel_sigma": 0.2
                    },
                    "type": "qd"
                },
                "RX12": {
                    "duration": 40.0,
                    "amplitude": 0.2245,
                    "frequency": 5516538000.0,
                    "envelope": {
                        "kind": "gaussian",
                        "rel_sigma": 0.2
                    },
                    "type": "qd"
                },
                "MZ": {
                    "duration": 2000.0,
                    "amplitude": 0.012,
                    "frequency": 7495382958.0,
                    "envelope": {
                        "kind": "rectangular"
                    },
                    "type": "ro"
                }
            },
            "3": {
                "RX": {
                    "duration": 40.0,
                    "amplitude": 0.4514,
                    "frequency": 6324582000.0,
                    "envelope": {
                        "kind": "gaussian",
                        "rel_sigma": 0.2
                    },
                    "type": "qd"
                },
                "RX12": {
                    "duration": 40.0,
                    "amplitude": 0.226,
                    "frequency": 6324611000.0,
                    "envelope": {
                        "kind": "gaussian",
                        "rel_sigma": 0.2
                    },
                    "type": "qd"
                },
                "MZ": {
                    "duration": 2000.0,
                    "amplitude": 0.018,
                    "frequency": 7668471933.0,
                    "envelope": {
                        "kind": "rectangular"
                    },
                    "type": "ro"
                }
            },
            "4": {
                "RX": {
                    "duration": 40.0,
                    "amplitude": 0.25,
                    "frequency": 6223351170.0,
                    "envelope": {
                        "kind": "gaussian",
                        "rel_sigma": 0.2
                    },
                    "type": "qd"
                },
                "RX12": {
                    "duration": 40.0,
                    "amplitude": 0.5,
                    "frequency": 6223351170.0,
                    "envelope": {
                        "kind": "gaussian",
                        "rel_sigma": 0.2
                    },
                    "type": "qd"
                },
                "MZ": {
                    "duration": 2000.0,
                    "amplitude": 0.01,
                    "frequency": 7803378235.0,
                    "envelope": {
                        "kind": "rectangular"
                    },
                    "type": "ro"
                }
            }
        },
        "two_qubit": {
            "0-2": {
                "CZ": [
                    {
                        "duration": 30.0,
                        "amplitude": -0.2252,
                        "envelope": {
                            "kind": "rectangular"
                        },
                        "type": "qf",
                        "qubit": 2
                    },
                    {
                        "phase": -0.21,
                        "qubit": 0,
                        "type": "vz"
                    },
                    {
                        "phase": 3.19,
                        "qubit": 2,