{
  "settings": {
    "nshots": 1000,
    "relaxation_time": 200000
  },
  "configs": {
    "qm/bounds": {
      "kind": "bounds",
      "waveforms": 40000.0,
      "readout": 30,
      "instructions": 1000000
    },
    "twpa": {
      "kind": "oscillator",
      "frequency": 6511000000.0,
      "power": 0.9
    },
    "0/drive": {
      "kind": "iq",
      "frequency": 4775447312.870618
    },
    "0/drive12": {
      "kind": "iq",
      "frequency": 4482584846.0
    },
    "0/probe": {
      "kind": "iq",
      "frequency": 7205350805.0
    },
    "1/drive": {
      "kind": "iq",
      "frequency": 4818240860.279988
    },
    "1/drive12": {
      "kind": "iq",
      "frequency": 0.0
    },
    "1/probe": {
      "kind": "iq",
      "frequency": 7338413352.0
    },
    "2/drive": {
      "kind": "iq",
      "frequency": 5522206797.065333
    },
    "2/drive12": {
      "kind": "iq",
      "frequency": 5205873098.0
    },
    "2/probe": {
      "kind": "iq",
      "frequency": 7500966996.0
    },
    "3/drive": {
      "kind": "iq",
      "frequency": 6334870824.378065
    },
    "3/drive12": {
      "kind": "iq",
      "frequency": 0.0
    },
    "3/probe": {
      "kind": "iq",
      "frequency": 7663425926.0
    },
    "4/drive": {
      "kind": "iq",
      "frequency": 6244030250.614023
    },
    "4/drive12": {
      "kind": "iq",
      "frequency": 6236251170.0
    },
    "4/probe": {
      "kind": "iq",
      "frequency": 7795972798.0
    },
    "0/acquisition": {
      "kind": "qm-acquisition",
      "delay": 308.0,
      "smearing": 0.0,
      "threshold": -0.000387455475264678,
      "iq_angle": 0.483643089879256,
      "kernel": null,
      "gain": 10,
      "offset": 0.0
    },
    "1/acquisition": {
      "kind": "qm-acquisition",
      "delay": 308.0,
      "smearing": 0.0,
      "threshold": -0.00020995424349412565,
      "iq_angle": 0.4128845331829532,
      "kernel": null,
      "gain": 10,
      "offset": 0.0
    },
    "2/acquisition": {
      "kind": "qm-acquisition",
      "delay": 308.0,
      "smearing": 0.0,
      "threshold": 0.005146333751994016,
      "iq_angle": 1.7645411961065296,
      "kernel": null,
      "gain": 10,
      "offset": 0.0
    },
    "3/acquisition": {
      "kind": "qm-acquisition",
      "delay": 308.0,
      "smearing": 0.0,
      "threshold": -0.0017710846738702235,
      "iq_angle": -0.8981108617849693,
      "kernel": null,
      "gain": 10,
      "offset": 0.0
    },
    "4/acquisition": {
      "kind": "qm-acquisition",
      "delay": 308.0,
      "smearing": 0.0,
      "threshold": -0.0033365948224054576,
      "iq_angle": -2.2479919595964724,
      "kernel": null,
      "gain": 10,
      "offset": 0.0
    },
    "0/flux": {
      "kind": "opx-output",
      "offset": 0.44507777061451387,
      "filter": {},
      "output_mode": "amplified",
      "sampling_rate": 1000000000.0,
      "upsampling_mode": "pulse"
    },
    "1/flux": {
      "kind": "opx-output",
      "offset": 0.38188203736414866,
      "filter": {
        "feedforward": [
          1.2234520961227922,
          -0.6969389285337555,
          -0.02769138330673253,
          -0.024860121491298535,
          -0.014292774551705262,
          0.021421949905432187,
          -0.0011777971109444671,
          -0.0040987595190198,
          -0.008531719373108315,
          0.0002077367545341895,
          -0.005295525394849506,
          0.004158710161347265,
          0.0038254634052596803,
          -0.0014707735693399151,
          0.007813406095929058,
          -0.0022362981062549496,
          -0.0026825389313108704,
          -0.008546084311691708,
          0.004949281082275419,
          -0.003016595671100195,
          0.0008142471401767621,
          -0.0026335679848660267,
          0.002497669374809954,
          -0.0021172027048112947,
          -0.0010707770484308118,
          -0.004577738364072215,
          0.0013221649026706503,
          0.009149085842958002,
          -0.010857175640066214,
          0.003358522719122027,
          0.00021572576825085632
        ],
        "feedback": [
          0.5091791853685043
        ]
      },
      "output_mode": "amplified",
      "sampling_rate": 1000000000.0,
      "upsampling_mode": "pulse"
    },
    "2/flux": {
      "kind": "opx-output",
      "offset": 0.5315397638949818,
      "filter": {
        "feedforward": [
          1.2234520961227922,
          -0.6969389285337555,
          -0.02769138330673253,
          -0.024860121491298535,
          -0.014292774551705262,
          0.021421949905432187,
          -0.0011777971109444671,
          -0.0040987595190198,
          -0.008531719373108315,
          0.0002077367545341895,
          -0.005295525394849506,
          0.004158710161347265,
          0.0038254634052596803,
          -0.0014707735693399151,
          0.007813406095929058,
          -0.0022362981062549496,
          -0.0026825389313108704,
          -0.008546084311691708,
          0.004949281082275419,
          -0.003016595671100195,
          0.0008142471401767621,
          -0.0026335679848660267,
          0.002497669374809954,
          -0.0021172027048112947,
          -0.0010707770484308118,
          -0.004577738364072215,
          0.0013221649026706503,
          0.009149085842958002,
          -0.010857175640066214,
          0.003358522719122027,
          0.00021572576825085632
        ],
        "feedback": [
          0.5091791853685043
        ]
      },
      "output_mode": "amplified",
      "sampling_rate": 1000000000.0,
      "upsampling_mode": "pulse"
    },
    "3/flux": {
      "kind": "opx-output",
      "offset": 0.7968354655712824,
      "filter": {
        "feedforward": [
          1.2525850082166754,
          -1.0019831205764156,
          -0.009315147376144915,
          -0.00867080108654716,
          0.0016148346025963416,
          0.02808881323039313,
          -0.005598806523477757,
          -0.015268371915121974,
          -0.009601910458848683,
          0.018265137797884485,
          -0.003570975301268642,
          0.007531545138104981,
          0.009412035454760652,
          -0.010610162303773579,
          -0.007228122004966178,
          -0.010269774081526049,
          0.0097006901196707,
          0.014693565305910731,
          -0.002871114916653786,
          0.005827976198546647,
          -0.0012560172370267922,
          -0.02418945725701337,
          -0.0010656251869724086,
          0.001973924649725888,
          0.01014036067178834,
          -0.0029698907294442353,
          0.011587905944210542,
          0.0034088176209752918,
          -0.016778749306387758,
          -0.010031662987378115,
          0.012736721964256336
        ],
        "feedback": [
          0.7530124510798316
        ]
      },
      "output_mode": "amplified",
      "sampling_rate": 1000000000.0,
      "upsampling_mode": "pulse"
    },
    "4/flux": {
      "kind": "opx-output",
      "offset": -0.0814865795103992,