{
    "nqubits": 5,
    "settings": {
        "nshots": 2048,
        "relaxation_time": 400000
    },
    "qubits": [
        0,
        1,
        2,
        3,
        4
    ],
    "topology": [
        [
            0,
            2
        ],
        [
            1,
            2
        ],
        [
            2,
            3
        ],
        [
            2,
            4
        ]
    ],
    "instruments": {
        "twpa": {
            "power": 1.42,
            "frequency": 6542230000
        },
        "con3": {
            "i1": {
                "gain": 10
            },
            "i2": {
                "gain": 10
            }
        },
        "octave2": {
            "o1": {
                "lo_frequency": 5800000000.0,
                "gain": 20
            },
            "o2": {
                "lo_frequency": 5100000000.0,
                "gain": 20
            },
            "o3": {
                "lo_frequency": 5100000000.0,
                "gain": 20
            },
            "o4": {
                "lo_frequency": 6500000000.0,
                "gain": -10
            },
            "o5": {
                "lo_frequency": 6500000000.0,
                "gain": -10
            }
        },
        "octave3": {
            "o1": {
                "lo_frequency": 7550000000,
                "gain": -20
            },
            "i1": {
                "lo_frequency": 7550000000
            }
        },
        "con4": {
            "o4": {
                "filter": {
                    "feedforward": [1.0684635881381783, -1.0163217174522334],
                    "feedback": [0.947858129314055]
            }
        },
            "o3": {
            "filter": {
                "feedforward": [1.0684635881381783, -1.0163217174522334],
                "feedback": [0.947858129314055]
        }
    }}
    },
    "native_gates": {
        "single_qubit": {
            "0": {
                "RX": {
                    "duration": 40,
                    "amplitude": 0.338,
                    "shape": "Gaussian(5)",
                    "frequency": 4769001556,
                    "relative_start": 0,
                    "phase": 0,
                    "type": "qd"
                },
                "RX12": {
                    "duration": 40,
                    "amplitude": 0.18,
                    "shape": "Drag(5, 0.000)",
                    "frequency": 4768813556,
                    "relative_start": 0,
                    "phase": 0.0,
                    "type": "qd"
                },
                "MZ": {
                    "duration": 2000,
                    "amplitude": 0.02,
                    "shape": "Rectangular()",
                    "frequency": 7208473956,
                    "relative_start": 0,
                    "phase": 0,
                    "type": "ro"
                }
            },
            "1": {
                "RX": {
                    "duration": 40,
                    "amplitude": 0.25,
                    "shape": "Gaussian(5)",
                    "frequency": 4809217873,
                    "relative_start": 0,
                    "phase": 0.0,
                    "type": "qd"
                },
                "RX12": {
                    "duration": 40,
                    "amplitude": 0.5,
                    "shape": "Drag(5, 0.000)",
                    "frequency": 4809217873,
                    "relative_start": 0,
                    "phase": 0.0,
                    "type": "qd"
                },
                "MZ": {
                    "duration": 2000,
                    "amplitude": 0.008,
                    "shape": "Rectangular()",
                    "frequency": 7336409801,
                    "relative_start": 0,
                    "phase": 0.0,
                    "type": "ro"
                }
            },
            "2": {
                "RX": {
                    "duration": 40,
                    "amplitude": 0.428,
                    "shape": "Gaussian(5)",
                    "frequency": 5516438000,
                    "relative_start": 0,
                    "phase": 0.0,
                    "type": "qd"
                },
                "RX12": {
                    "duration": 40,
                    "amplitude": 0.2245,
                    "shape": "Drag(5, 0.000)",
                    "frequency": 5516538000,
                    "relative_start": 0,
                    "phase": 0.0,
                    "type": "qd"
                },
                "MZ": {
                    "duration": 2000,
                    "amplitude": 0.012,
                    "shape": "Rectangular()",
                    "frequency": 7495382958,
                    "relative_start": 0,
                    "phase": 0.0,
                    "type": "ro"
                }
            },
            "3": {
                "RX": {
                    "duration": 40,
                    "amplitude": 0.452,
                    "shape": "Gaussian(5)",
                    "frequency": 6324511000,
                    "relative_start": 0,
                    "phase": 0.0,
                    "type": "qd"
                },
                "RX12": {
                    "duration": 40,
                    "amplitude": 0.226,
                    "shape": "Drag(5, 0.000)",
                    "frequency": 6324611000,
                    "relative_start": 0,
                    "phase": 0.0,
                    "type": "qd"
                },
                "MZ": {
                    "duration": 2000,
                    "amplitude": 0.018,
                    "shape": "Rectangular()",
                    "frequency": 7668471933,
                    "relative_start": 0,
                    "phase": 0.0,
                    "type": "ro"
                }
            },
            "4": {
                "RX": {
                    "duration": 40,
                    "amplitude": 0.25,
                    "shape": "Gaussian(5)",
                    "frequency": 6223351170,
                    "relative_start": 0,
                    "phase": 0.0,
                    "type": "qd"
                },
                "RX12": {
                    "duration": 40,
                    "amplitude": 0.5,
                    "shape": "Drag(5, 0.000)",
                    "frequency": 6223351170,
                    "relative_start": 0,
                    "phase": 0.0,
                    "type": "qd"
                },
                "MZ": {
                    "duration": 2000,
                    "amplitude": 0.01,
                    "shape": "Rectangular()",
                    "frequency": 7803378235,
                    "relative_start": 0,
                    "phase": 0.0,
                    "type": "ro"
                }
            }
        },
        "two_qubit": {
            "2-3": {
                "CZ": [
                    {
                        "duration": 30,
                        "amplitude": -0.24985,
                        "shape": "Rectangular()",
                        "qubit": 3,
                        "relative_start": 0,
                        "type": "qf"
                    },
                    {
                        "type": "virtual_z",
                        "phase": 0.1,
                        "qubit": 2
                    },
                    {
                        "type": "virtual_z",
                        "phase": 2.2,
                        "qubit": 3
                    }
                ]
            },
            "0-2": {
                "CZ": [
                    {
                        "duration": 30,
                        "amplitude": -0.2254,
                        "shape": "Rectangular()",
                        "qubit": 2,
                        "relative_start": 0,