{
    "single_qubits": {
        "D1": {
            "resonator": {
                "bare_frequency": 7125155933.0,
                "dressed_frequency": 7125179573.0,
                "depletion_time": null,
                "bare_frequency_amplitude": null
            },
            "qubit": {
                "frequency_01": 4959874744.995081,
                "frequency_12": null,
                "maximum_frequency": null,
                "asymmetry": null,
                "sweetspot": -0.25630472452151964,
                "flux_coefficients": null
            },
            "readout": {
                "fidelity": 0.830238726790451,
                "coupling": 32400487.508362606,
                "effective_temperature": 0.07360684395615416,
                "ground_state": [
                    -0.008266743262552527,
                    0.00820461284479609
                ],
                "excited_state": [
                    -0.00406169700370213,
                    0.007180163699481302
                ],
                "qudits_frequency": {
                    "1": 7124209926.115187
                }
            },
            "t1": [
                21170.428062019862,
                2125.6708261951444
            ],
            "t2": [
                31023.63484478912,
                2940.9860542422875
            ],
            "t2_spin_echo": [
                0.0,
                null
            ],
            "rb_fidelity": [
                0.0,
                null
            ]
        },
        "D2": {
            "resonator": {
                "bare_frequency": 7362650000.0,
                "dressed_frequency": 7363046200.0,
                "depletion_time": null,
                "bare_frequency_amplitude": null
            },
            "qubit": {
                "frequency_01": 5553976924.8979,
                "frequency_12": null,
                "maximum_frequency": null,
                "asymmetry": null,
                "sweetspot": -0.12585783070160841,
                "flux_coefficients": null
            },
            "readout": {
                "fidelity": 0.46419098143236076,
                "coupling": null,
                "effective_temperature": 0.22417146644670288,
                "ground_state": [
                    -0.0014756915567278857,
                    -0.009678232448977187
                ],
                "excited_state": [
                    -0.0027254097670266013,
                    -0.008597438316278338
                ],
                "qudits_frequency": {}
            },
            "t1": [
                14685.056502101283,
                1377.9315493765116
            ],
            "t2": [
                7032.546393282384,
                720.0608155137454
            ],
            "t2_spin_echo": [
                0.0,
                null
            ],
            "rb_fidelity": [
                0.0,
                null
            ]
        },
        "D3": {
            "resonator": {
                "bare_frequency": 7470610000.0,
                "dressed_frequency": 7471630500.0,
                "depletion_time": null,
                "bare_frequency_amplitude": null
            },
            "qubit": {
                "frequency_01": 5647808055.112267,
                "frequency_12": null,
                "maximum_frequency": null,
                "asymmetry": null,
                "sweetspot": 0.02901367870225245,
                "flux_coefficients": null
            },
            "readout": {
                "fidelity": 0.22546419098143233,
                "coupling": null,
                "effective_temperature": 3.5680117812162533,
                "ground_state": [
                    -0.009851091180318818,
                    0.00001675079335351153
                ],
                "excited_state": [
                    -0.009281523780028746,
                    0.0005727269252150067
                ],
                "qudits_frequency": {}
            },
            "t1": [
                11019.792339392521,
                2050.684128043762
            ],
            "t2": [
                13695.012843605338,
                1081.999048764499
            ],
            "t2_spin_echo": [
                0.0,
                null
            ],
            "rb_fidelity": [
                0.0,
                null
            ]
        },
        "D4": {
            "resonator": {
                "bare_frequency": 7684470000.0,
                "dressed_frequency": 7684372834.0,
                "depletion_time": null,
                "bare_frequency_amplitude": null
            },
            "qubit": {
                "frequency_01": 6238467006.129244,
                "frequency_12": null,
                "maximum_frequency": null,
                "asymmetry": null,
                "sweetspot": -0.047613685707999745,
                "flux_coefficients": null
            },
            "readout": {
                "fidelity": 0.14721485411140584,
                "coupling": 22533403.697930478,
                "effective_temperature": -2.3400276379605587,
                "ground_state": [
                    0.004567047375941513,
                    0.010724663766107728
                ],
                "excited_state": [
                    0.004928956653911593,
                    0.009824512873209032
                ],
                "qudits_frequency": {
                    "1": 7683670500.3862705
                }
            },
            "t1": [
                26578.116495280992,
                22838.579073014156
            ],
            "t2": [
                24002.0,
                null
            ],
            "t2_spin_echo": [
                0.0,
                null
            ],
            "rb_fidelity": [
                0.0,
                null
            ]
        },
        "D5": {
            "resonator": {
                "bare_frequency": 7624131000.0,
                "dressed_frequency": 7624678505.0,
                "depletion_time": null,
                "bare_frequency_amplitude": null
            },
            "qubit": {
                "frequency_01": 5530662411.911901,
                "frequency_12": null,
                "maximum_frequency": null,
                "asymmetry": null,
                "sweetspot": 0.030654010515419387,
                "flux_coefficients": null
            },
            "readout": {
                "fidelity": 0.6379310344827587,
                "coupling": 27716270.943843797,
                "effective_temperature": 0.13961177258435595,
                "ground_state": [
                    -0.00046236302127876936,
                    -0.0007779278117064004
                ],
                "excited_state": [
                    -0.0003869961086872297,
                    -0.002338344656539492
                ],
                "qudits_frequency": {
                    "1": 7623944803.502826
                }
            },
            "t1": [
                14030.334294926171,
                1326.7082718880515
            ],
            "t2": [
                2133.596358635319,
                1022.8151163275458
            ],
            "t2_spin_echo": [
                0.0,
                null
            ],
            "rb_fidelity": [
                0.0,
                null
            ]
        }
    },
    "two_qubits": {
        "D1-D2": {
            "rb_fidelity": [
                0.0,
                null
            ],
            "cz_fidelity": [
                0.0,
                null
            ],
            "coupling": null
        },
        "D2-D1": {
            "rb_fidelity": [
                0.0,
                null
            ],
            "cz_fidelity": [
                0.0,
                null
            ],
            "coupling": null
        },