{
    "single_qubits": {
        "D1": {
            "resonator": {
                "bare_frequency": 0,
                "dressed_frequency": 7129689869
            },
            "qubit": {
                "frequency_01": 4959156389,
                "sweetspot": -0.4530870218982913
            },
            "readout": {
                "fidelity": 0.8975723312271368,
                "ground_state": [
                    0.0018404804849022488,
                    0.00012031101248727926
                ],
                "excited_state": [
                    0.002683524235632081,
                    0.000993721415067298
                ]
            },
            "t1": [
                0,
                null
            ],
            "t2": [
                0,
                null
            ],
            "t2_spin_echo": [
                0,
                null
            ],
            "rb_fidelity": [
                0.0,
                null
            ]
        },
        "D2": {
            "resonator": {
                "bare_frequency": 0,
                "dressed_frequency": 7369114653
            },
            "qubit": {
                "frequency_01": 5568088582,
                "sweetspot": -0.2224873138863394
            },
            "readout": {
                "fidelity": 0.9268373794479547,
                "ground_state": [
                    0.003453480380474439,
                    0.0019460148253370804
                ],
                "excited_state": [
                    0.003825671635109759,
                    0.004052958309670243
                ]
            },
            "t1": [
                0,
                null
            ],
            "t2": [
                0,
                null
            ],
            "t2_spin_echo": [
                0,
                null
            ],
            "rb_fidelity": [
                0.0,
                null
            ]
        },
        "D3": {
            "resonator": {
                "bare_frequency": 0,
                "dressed_frequency": 7477730627
            },
            "qubit": {
                "frequency_01": 5657525186,
                "sweetspot": 0.05128942239382605
            },
            "readout": {
                "fidelity": 0.9381443298969072,
                "ground_state": [
                    0.0034069554808313753,
                    -0.0024766891237905453
                ],
                "excited_state": [
                    0.005992490634703739,
                    -0.0005307106241103142
                ]
            },
            "t1": [
                0,
                null
            ],
            "t2": [
                0,
                null
            ],
            "t2_spin_echo": [
                0,
                null
            ],
            "rb_fidelity": [
                0.0,
                null
            ]
        },
        "D4": {
            "resonator": {
                "bare_frequency": 7000000000,
                "dressed_frequency": 7692937024
            },
            "qubit": {
                "frequency_01": 6248620764,
                "sweetspot": -0.08416990010352905
            },
            "readout": {
                "fidelity": 0.9085467243099435,
                "ground_state": [
                    0.0004633737684339137,
                    0.001672394497436279
                ],
                "excited_state": [
                    -0.0018314518403642233,
                    0.003666144249682653
                ]
            },
            "t1": [
                21894,
                null
            ],
            "t2": [
                24002,
                null
            ],
            "t2_spin_echo": [
                0,
                null
            ],
            "rb_fidelity": [
                0.0,
                null
            ]
        },
        "D5": {
            "resonator": {
                "bare_frequency": 0,
                "dressed_frequency": 7628420035
            },
            "qubit": {
                "frequency_01": 5532340384,
                "sweetspot": 0.05418914676504196
            },
            "readout": {
                "fidelity": 0.9414699035583638,
                "ground_state": [
                    -0.0011422046970301785,
                    0.001965311928702959
                ],
                "excited_state": [
                    -0.004913186300750345,
                    0.002921610643221843
                ]
            },
            "t1": [
                0,
                null
            ],
            "t2": [
                0,
                null
            ],
            "t2_spin_echo": [
                0,
                null
            ],
            "rb_fidelity": [
                0.0,
                null
            ]
        }
    },
    "two_qubits": {
        "D1-D2": {
            "rb_fidelity": [
                0.0,
                null
            ],
            "cz_fidelity": [
                0.0,
                null
            ]
        },
        "D2-D1": {
            "rb_fidelity": [
                0.0,
                null
            ],
            "cz_fidelity": [
                0.0,
                null
            ]
        },
        "D1-D3": {
            "rb_fidelity": [
                0.0,
                null
            ],
            "cz_fidelity": [
                0.0,
                null
            ]
        },
        "D3-D1": {
            "rb_fidelity": [
                0.0,
                null
            ],
            "cz_fidelity": [
                0.0,
                null
            ]
        },
        "D2-D4": {
            "rb_fidelity": [
                0.0,
                null
            ],
            "cz_fidelity": [
                0.0,
                null
            ]
        },
        "D4-D2": {
            "rb_fidelity": [
                0.0,
                null
            ],
            "cz_fidelity": [
                0.0,
                null
            ]
        },
        "D3-D4": {
            "rb_fidelity": [
                0.0,
                null
            ],
            "cz_fidelity": [
                0.0,
                null
            ]
        },
        "D4-D3": {
            "rb_fidelity": [
                0.0,
                null
            ],
            "cz_fidelity": [
                0.0,
                null
            ]
        },
        "D4-D5": {
            "rb_fidelity": [
                0.0,
                null
            ],
            "cz_fidelity": [
                0.0,
                null
            ]
        },
        "D5-D4": {
            "rb_fidelity": [
                0.0,
                null
            ],
            "cz_fidelity": [
                0.0,
                null
            ]
        }
    }
}
