{
    "single_qubits": {
        "D1": {
            "resonator": {
                "bare_frequency": 7125155933.0,
                "dressed_frequency": 7125179573.0,
                "depletion_time": null,
                "bare_frequency_amplitude": null
            },
            "qubit": {
                "frequency_01": 4959874744.995081,
                "frequency_12": null,
                "maximum_frequency": null,
                "asymmetry": null,
                "sweetspot": -0.25630472452151964,
                "flux_coefficients": null
            },
            "readout": {
                "fidelity": 0.9091150677650811,
                "coupling": 32400487.508362606,
                "effective_temperature": 0.053339391294727596,
                "ground_state": [
                    0.004760945777964165,
                    0.008786850987347262
                ],
                "excited_state": [
                    -0.001772874844814155,
                    0.007835451074607204
                ],
                "qudits_frequency": {
                    "1": 7124209926.115187
                }
            },
            "t1": [
                0.0,
                null
            ],
            "t2": [
                31023.63484478912,
                2940.9860542422875
            ],
            "t2_spin_echo": [
                0.0,
                null
            ],
            "rb_fidelity": [
                0.0,
                null
            ]
        },
        "D2": {
            "resonator": {
                "bare_frequency": 7362650000.0,
                "dressed_frequency": 7363046200.0,
                "depletion_time": null,
                "bare_frequency_amplitude": null
            },
            "qubit": {
                "frequency_01": 5553976924.8979,
                "frequency_12": null,
                "maximum_frequency": null,
                "asymmetry": null,
                "sweetspot": -0.12585783070160841,
                "flux_coefficients": null
            },
            "readout": {
                "fidelity": 0.9045973956949243,
                "coupling": null,
                "effective_temperature": 0.06254786992200762,
                "ground_state": [
                    -0.007795006143427155,
                    0.0021204462720397655
                ],
                "excited_state": [
                    -0.006267408499257612,
                    -0.004000486377723818
                ],
                "qudits_frequency": {}
            },
            "t1": [
                0.0,
                null
            ],
            "t2": [
                7032.546393282384,
                720.0608155137454
            ],
            "t2_spin_echo": [
                0.0,
                null
            ],
            "rb_fidelity": [
                0.0,
                null
            ]
        },
        "D3": {
            "resonator": {
                "bare_frequency": 7470610000.0,
                "dressed_frequency": 7471630500.0,
                "depletion_time": null,
                "bare_frequency_amplitude": null
            },
            "qubit": {
                "frequency_01": 5647808055.112267,
                "frequency_12": null,
                "maximum_frequency": null,
                "asymmetry": null,
                "sweetspot": 0.02901367870225245,
                "flux_coefficients": null
            },
            "readout": {
                "fidelity": 0.8987509965453097,
                "coupling": null,
                "effective_temperature": 0.06688723478649553,
                "ground_state": [
                    0.005446079743109449,
                    0.004932825849690435
                ],
                "excited_state": [
                    0.0002870546411261995,
                    0.008627145744938126
                ],
                "qudits_frequency": {}
            },
            "t1": [
                0.0,
                null
            ],
            "t2": [
                13695.012843605338,
                1081.999048764499
            ],
            "t2_spin_echo": [
                0.0,
                null
            ],
            "rb_fidelity": [
                0.0,
                null
            ]
        },
        "D4": {
            "resonator": {
                "bare_frequency": 7684470000.0,
                "dressed_frequency": 7684372834.0,
                "depletion_time": null,
                "bare_frequency_amplitude": null
            },
            "qubit": {
                "frequency_01": 6238467006.129244,
                "frequency_12": null,
                "maximum_frequency": null,
                "asymmetry": null,
                "sweetspot": -0.047613685707999745,
                "flux_coefficients": null
            },
            "readout": {
                "fidelity": 0.8517140579325007,
                "coupling": 22533403.697930478,
                "effective_temperature": 0.09994062267717725,
                "ground_state": [
                    -0.001743199907864936,
                    -0.004575383622678143
                ],
                "excited_state": [
                    0.0018652696705808455,
                    -0.012406993907847995
                ],
                "qudits_frequency": {
                    "1": 7683670500.3862705
                }
            },
            "t1": [
                21894.0,
                null
            ],
            "t2": [
                24002.0,
                null
            ],
            "t2_spin_echo": [
                0.0,
                null
            ],
            "rb_fidelity": [
                0.0,
                null
            ]
        },
        "D5": {
            "resonator": {
                "bare_frequency": 7624131000.0,
                "dressed_frequency": 7624678505.0,
                "depletion_time": null,
                "bare_frequency_amplitude": null
            },
            "qubit": {
                "frequency_01": 5530662411.911901,
                "frequency_12": null,
                "maximum_frequency": null,
                "asymmetry": null,
                "sweetspot": 0.030654010515419387,
                "flux_coefficients": null
            },
            "readout": {
                "fidelity": 0.6789795376029764,
                "coupling": 27716270.943843797,
                "effective_temperature": 0.1585523643859871,
                "ground_state": [
                    -0.0004425097053599521,
                    -0.0008177794403108414
                ],
                "excited_state": [
                    9.16854140299298e-06,
                    -0.0023866058338583495
                ],
                "qudits_frequency": {
                    "1": 7623944803.502826
                }
            },
            "t1": [
                0.0,
                null
            ],
            "t2": [
                2133.596358635319,
                1022.8151163275458
            ],
            "t2_spin_echo": [
                0.0,
                null
            ],
            "rb_fidelity": [
                0.0,
                null
            ]
        }
    },
    "two_qubits": {
        "D1-D2": {
            "rb_fidelity": [
                0.0,
                null
            ],
            "cz_fidelity": [
                0.0,
                null
            ],
            "coupling": null
        },
        "D2-D1": {
            "rb_fidelity": [
                0.0,
                null
            ],
            "cz_fidelity": [
                0.0,
                null
            ],
            "coupling": null
        },
        "D1-D3": {
            "rb_fidelity": [
                0.0,
                null
            ],
            "cz_fidelity": [
                0.0,
                null
            ],
            "coupling": null
        },