{
    "single_qubits": {
        "D1": {
            "resonator": {
                "bare_frequency": 7125155933.0,
                "dressed_frequency": 7125039861.0,
                "depletion_time": null,
                "bare_frequency_amplitude": null
            },
            "qubit": {
                "frequency_01": 4904692061.38773,
                "frequency_12": null,
                "maximum_frequency": null,
                "asymmetry": null,
                "sweetspot": -0.4530870218982913,
                "flux_coefficients": null
            },
            "readout": {
                "fidelity": 0.8405527504650545,
                "coupling": null,
                "effective_temperature": 0.058691542328637464,
                "ground_state": [
                    0.0033046929404119667,
                    0.0028323637886702962
                ],
                "excited_state": [
                    0.00624045293041118,
                    0.006899852600222178
                ],
                "qudits_frequency": {}
            },
            "t1": [
                0.0,
                null
            ],
            "t2": [
                0.0,
                null
            ],
            "t2_spin_echo": [
                0.0,
                null
            ],
            "rb_fidelity": [
                0.0,
                null
            ]
        },
        "D2": {
            "resonator": {
                "bare_frequency": 7362650000.0,
                "dressed_frequency": 7362835355.0,
                "depletion_time": null,
                "bare_frequency_amplitude": null
            },
            "qubit": {
                "frequency_01": 5438665244.243833,
                "frequency_12": null,
                "maximum_frequency": null,
                "asymmetry": null,
                "sweetspot": -0.2224873138863394,
                "flux_coefficients": null
            },
            "readout": {
                "fidelity": 0.856497475418549,
                "coupling": null,
                "effective_temperature": 0.069787624989953,
                "ground_state": [
                    -0.0041617947592036625,
                    0.0006544040182811262
                ],
                "excited_state": [
                    -0.008052434348743932,
                    -0.0023807655363377355
                ],
                "qudits_frequency": {}
            },
            "t1": [
                0.0,
                null
            ],
            "t2": [
                0.0,
                null
            ],
            "t2_spin_echo": [
                0.0,
                null
            ],
            "rb_fidelity": [
                0.0,
                null
            ]
        },
        "D3": {
            "resonator": {
                "bare_frequency": 7470610000.0,
                "dressed_frequency": 7471160884.0,
                "depletion_time": null,
                "bare_frequency_amplitude": null
            },
            "qubit": {
                "frequency_01": 5422679468.591441,
                "frequency_12": null,
                "maximum_frequency": null,
                "asymmetry": null,
                "sweetspot": 0.05128942239382605,
                "flux_coefficients": null
            },
            "readout": {
                "fidelity": 0.9381443298969072,
                "coupling": null,
                "effective_temperature": null,
                "ground_state": [
                    0.0034069554808313753,
                    -0.0024766891237905453
                ],
                "excited_state": [
                    0.005992490634703739,
                    -0.0005307106241103142
                ],
                "qudits_frequency": {}
            },
            "t1": [
                0.0,
                null
            ],
            "t2": [
                0.0,
                null
            ],
            "t2_spin_echo": [
                0.0,
                null
            ],
            "rb_fidelity": [
                0.0,
                null
            ]
        },
        "D4": {
            "resonator": {
                "bare_frequency": 7684470000.0,
                "dressed_frequency": 7684054582.0,
                "depletion_time": null,
                "bare_frequency_amplitude": null
            },
            "qubit": {
                "frequency_01": 6097391106.270749,
                "frequency_12": null,
                "maximum_frequency": null,
                "asymmetry": null,
                "sweetspot": -0.08416990010352905,
                "flux_coefficients": null
            },
            "readout": {
                "fidelity": 0.9085467243099435,
                "coupling": null,
                "effective_temperature": null,
                "ground_state": [
                    0.0004633737684339137,
                    0.001672394497436279
                ],
                "excited_state": [
                    -0.0018314518403642233,
                    0.003666144249682653
                ],
                "qudits_frequency": {}
            },
            "t1": [
                21894.0,
                null
            ],
            "t2": [
                24002.0,
                null
            ],
            "t2_spin_echo": [
                0.0,
                null
            ],
            "rb_fidelity": [
                0.0,
                null
            ]
        },
        "D5": {
            "resonator": {
                "bare_frequency": 7624131000.0,
                "dressed_frequency": 7624631236.0,
                "depletion_time": null,
                "bare_frequency_amplitude": null
            },
            "qubit": {
                "frequency_01": 5433698103.359922,
                "frequency_12": null,
                "maximum_frequency": null,
                "asymmetry": null,
                "sweetspot": 0.05418914676504196,
                "flux_coefficients": null
            },
            "readout": {
                "fidelity": 0.9414699035583638,
                "coupling": null,
                "effective_temperature": null,
                "ground_state": [
                    -0.0011422046970301785,
                    0.001965311928702959
                ],
                "excited_state": [
                    -0.004913186300750345,
                    0.002921610643221843
                ],
                "qudits_frequency": {}
            },
            "t1": [
                0.0,
                null
            ],
            "t2": [
                0.0,
                null
            ],
            "t2_spin_echo": [
                0.0,
                null
            ],
            "rb_fidelity": [
                0.0,
                null
            ]
        }
    },
    "two_qubits": {
        "D1-D2": {
            "rb_fidelity": [
                0.0,
                null
            ],
            "cz_fidelity": [
                0.0,
                null
            ],
            "coupling": null
        },
        "D2-D1": {
            "rb_fidelity": [
                0.0,
                null
            ],
            "cz_fidelity": [
                0.0,
                null
            ],
            "coupling": null
        },
        "D1-D3": {
            "rb_fidelity": [
                0.0,
                null
            ],
            "cz_fidelity": [
                0.0,
                null
            ],
            "coupling": null
        },
        "D3-D1": {
            "rb_fidelity": [
                0.0,
                null
            ],
            "cz_fidelity": [
                0.0,
                null
            ],
            "coupling": null
        },
        "D2-D4": {
            "rb_fidelity": [
                0.0,
                null
            ],