{
    "single_qubits": {
        "D1": {
            "resonator": {
                "bare_frequency": 7125155933.0,
                "dressed_frequency": 7125179573.0,
                "depletion_time": null,
                "bare_frequency_amplitude": null
            },
            "qubit": {
                "frequency_01": 4958809699.294938,
                "frequency_12": null,
                "maximum_frequency": 4959934413.0,
                "asymmetry": null,
                "sweetspot": 0.24923002174836145,
                "flux_coefficients": null
            },
            "readout": {
                "fidelity": 0.7765251989389921,
                "coupling": 32400487.508362606,
                "effective_temperature": 0.09037981401052528,
                "ground_state": [
                    -0.00018742804810806604,
                    0.009416116536198275
                ],
                "excited_state": [
                    0.00138281129530308,
                    0.006399362170686466
                ],
                "qudits_frequency": {
                    "1": 7124209926.115187
                }
            },
            "t1": [
                21613.072749918065,
                1641.9494551037792
            ],
            "t2": [
                31023.63484478912,
                2940.9860542422875
            ],
            "t2_spin_echo": [
                0.0,
                null
            ],
            "rb_fidelity": [
                0.0,
                null
            ]
        },
        "D2": {
            "resonator": {
                "bare_frequency": 7362650000.0,
                "dressed_frequency": 7363046200.0,
                "depletion_time": null,
                "bare_frequency_amplitude": null
            },
            "qubit": {
                "frequency_01": 5565249005.130171,
                "frequency_12": null,
                "maximum_frequency": 5565375100.0,
                "asymmetry": null,
                "sweetspot": 0.2666915320183898,
                "flux_coefficients": null
            },
            "readout": {
                "fidelity": 0.43236074270557034,
                "coupling": null,
                "effective_temperature": 0.2278993498236236,
                "ground_state": [
                    -0.0018030968945596153,
                    -0.007797561592129195
                ],
                "excited_state": [
                    -0.002699097404625261,
                    -0.006657114830657275
                ],
                "qudits_frequency": {}
            },
            "t1": [
                14456.887309910746,
                1181.6452511565412
            ],
            "t2": [
                7032.546393282384,
                720.0608155137454
            ],
            "t2_spin_echo": [
                0.0,
                null
            ],
            "rb_fidelity": [
                0.0,
                null
            ]
        },
        "D3": {
            "resonator": {
                "bare_frequency": 7470610000.0,
                "dressed_frequency": 7471630500.0,
                "depletion_time": null,
                "bare_frequency_amplitude": null
            },
            "qubit": {
                "frequency_01": 5653692345.490222,
                "frequency_12": null,
                "maximum_frequency": 5654603536.0,
                "asymmetry": null,
                "sweetspot": -0.22036606290252278,
                "flux_coefficients": null
            },
            "readout": {
                "fidelity": 0.22082228116710872,
                "coupling": null,
                "effective_temperature": 0.8148287176510971,
                "ground_state": [
                    0.0015831109018494321,
                    -0.00810180382328943
                ],
                "excited_state": [
                    0.0009476627826968113,
                    -0.007527675552889072
                ],
                "qudits_frequency": {}
            },
            "t1": [
                10894.299859352604,
                2593.764476231177
            ],
            "t2": [
                13695.012843605338,
                1081.999048764499
            ],
            "t2_spin_echo": [
                0.0,
                null
            ],
            "rb_fidelity": [
                0.0,
                null
            ]
        },
        "D4": {
            "resonator": {
                "bare_frequency": 7684470000.0,
                "dressed_frequency": 7684372834.0,
                "depletion_time": null,
                "bare_frequency_amplitude": null
            },
            "qubit": {
                "frequency_01": 6250356253.427863,
                "frequency_12": null,
                "maximum_frequency": 6250216238.0,
                "asymmetry": null,
                "sweetspot": 0.33320071993137856,
                "flux_coefficients": null
            },
            "readout": {
                "fidelity": 0.09151193633952259,
                "coupling": 22533403.697930478,
                "effective_temperature": 5.170514071889221,
                "ground_state": [
                    0.00684937137457418,
                    0.0060813190623563405
                ],
                "excited_state": [
                    0.006601217865570242,
                    0.005573405928841981
                ],
                "qudits_frequency": {
                    "1": 7683670500.3862705
                }
            },
            "t1": [
                14770.477351279475,
                3479.000572174622
            ],
            "t2": [
                24002.0,
                null
            ],
            "t2_spin_echo": [
                0.0,
                null
            ],
            "rb_fidelity": [
                0.0,
                null
            ]
        },
        "D5": {
            "resonator": {
                "bare_frequency": 7624131000.0,
                "dressed_frequency": 7624678505.0,
                "depletion_time": null,
                "bare_frequency_amplitude": null
            },
            "qubit": {
                "frequency_01": 5530869963.490707,
                "frequency_12": null,
                "maximum_frequency": 5532009163.0,
                "asymmetry": null,
                "sweetspot": 0.19943829598554702,
                "flux_coefficients": null
            },
            "readout": {
                "fidelity": 0.5278514588859415,
                "coupling": 27716270.943843797,
                "effective_temperature": 0.17199134987283357,
                "ground_state": [
                    -0.000022404132903575634,
                    0.000939347747504686
                ],
                "excited_state": [
                    -0.0007159377312208199,
                    0.001925686843268082
                ],
                "qudits_frequency": {
                    "1": 7623944803.502826
                }
            },
            "t1": [
                23145.027260551535,
                2619.6717862586515
            ],
            "t2": [
                2133.596358635319,
                1022.8151163275458
            ],
            "t2_spin_echo": [
                0.0,
                null
            ],
            "rb_fidelity": [
                0.0,
                null
            ]
        }
    },
    "two_qubits": {
        "D1-D2": {
            "rb_fidelity": [
                0.0,
                null
            ],
            "cz_fidelity": [
                0.0,
                null
            ],
            "coupling": null
        },
        "D2-D1": {
            "rb_fidelity": [
                0.0,
                null
            ],
            "cz_fidelity": [
                0.0,
                null
            ],
            "coupling": null
        },