{
    "modes": {
        "1": {
            "octave_name": "octave2",
            "octave_channel": 1
        },
        "2": {
            "octave_name": "octave2",
            "octave_channel": 2
        },
        "3": {
            "octave_name": "octave2",
            "octave_channel": 4
        },
        "4": {
            "octave_name": "octave3",
            "octave_channel": 1
        },
        "5": {
            "octave_name": "octave3",
            "octave_channel": 4
        },
        "6": {
            "octave_name": "octave3",
            "octave_channel": 3
        }
    },
    "lo_modes": {
        "1": {
            "mode_id": 1,
            "lo_freq": 7400000000.0,
            "gain": -10.0,
            "latest": 1
        },
        "2": {
            "mode_id": 2,
            "lo_freq": 5050000000.0,
            "gain": -10.0,
            "latest": 2
        },
        "3": {
            "mode_id": 3,
            "lo_freq": 6100000000.0,
            "gain": 0.0,
            "latest": 3
        },
        "4": {
            "mode_id": 4,
            "lo_freq": 6000000000.0,
            "gain": 0.0,
            "latest": 4
        },
        "5": {
            "mode_id": 5,
            "lo_freq": 6930000000.0,
            "gain": 0.0,
            "latest": 5
        },
        "6": {
            "mode_id": 6,
            "lo_freq": 5830000000.0,
            "gain": 0.0,
            "latest": 6
        }
    },
    "lo_cal": {
        "1": {
            "i0": 0.00249766807555608,
            "q0": -0.016310346424434654,
            "dc_gain": 0.00022999363931708316,
            "dc_phase": -0.0655485754288251,
            "temperature": 58.625,
            "timestamp": 1759251291.447701,
            "method": "auto"
        },
        "2": {
            "i0": -0.013758219624122978,
            "q0": 0.01226732670822855,
            "dc_gain": 0.004026814431339121,
            "dc_phase": 0.13875769814811156,
            "temperature": 59.875,
            "timestamp": 1759251309.0339117,
            "method": "auto"
        },
        "3": {
            "i0": -0.0016698891046894298,
            "q0": 0.003115344155007299,
            "dc_gain": -0.015001549739298459,
            "dc_phase": -0.022954413524083322,
            "temperature": 49.5625,
            "timestamp": 1759251328.2860715,
            "method": "auto"
        },
        "4": {
            "i0": -0.00046769329753940266,
            "q0": 0.0012493865673402845,
            "dc_gain": -0.009133185808210542,
            "dc_phase": 0.004971274117572246,
            "temperature": 57.6875,
            "timestamp": 1759251346.6418853,
            "method": "auto"
        },
        "5": {
            "i0": -0.010790080146253444,
            "q0": -0.002563805689144669,
            "dc_gain": -0.002226251146479008,
            "dc_phase": -0.07287868245043617,
            "temperature": 53.1875,
            "timestamp": 1759251365.2931936,
            "method": "auto"
        },
        "6": {
            "i0": 0.010335910324183127,
            "q0": 0.019870435026521506,
            "dc_gain": -0.0065026612999280475,
            "dc_phase": 0.051800947683440186,
            "temperature": 56.75,
            "timestamp": 1759251383.3255787,
            "method": "auto"
        }
    },
    "if_modes": {
        "1": {
            "lo_mode_id": 1,
            "if_freq": -277405446.0,
            "latest": 1
        },
        "2": {
            "lo_mode_id": 1,
            "if_freq": -30384936.0,
            "latest": 2
        },
        "3": {
            "lo_mode_id": 1,
            "if_freq": 72585891.0,
            "latest": 3
        },
        "4": {
            "lo_mode_id": 1,
            "if_freq": 295763251.0,
            "latest": 4
        },
        "5": {
            "lo_mode_id": 1,
            "if_freq": 237455219.0,
            "latest": 5
        },
        "6": {
            "lo_mode_id": 2,
            "if_freq": -49462078.56484699,
            "latest": 6
        },
        "7": {
            "lo_mode_id": 2,
            "if_freq": 49462078.56484699,
            "latest": 7
        },
        "8": {
            "lo_mode_id": 3,
            "if_freq": -128918349.81032944,
            "latest": 8
        },
        "9": {
            "lo_mode_id": 3,
            "if_freq": 128918349.81032944,
            "latest": 9
        },
        "10": {
            "lo_mode_id": 4,
            "if_freq": -314804508.8325577,
            "latest": 10
        },
        "11": {
            "lo_mode_id": 4,
            "if_freq": 314804508.8325577,
            "latest": 11
        },
        "12": {
            "lo_mode_id": 5,
            "if_freq": -118624872.34482765,
            "latest": 12
        },
        "13": {
            "lo_mode_id": 5,
            "if_freq": 118624872.34482765,
            "latest": 13
        },
        "14": {
            "lo_mode_id": 6,
            "if_freq": -119344685.33559799,
            "latest": 14
        },
        "15": {
            "lo_mode_id": 6,
            "if_freq": 119344685.33559799,
            "latest": 15
        }
    },
    "if_cal": {
        "1": {
            "gain": 0.0014587247695801201,
            "phase": 0.002339544625665927,
            "temperature": 58.625,
            "timestamp": 1759251291.4528563,
            "method": "auto"
        },
        "2": {
            "gain": 0.0006552566714854066,
            "phase": -0.060105685369433934,
            "temperature": 58.625,
            "timestamp": 1759251291.4580383,
            "method": "auto"
        },
        "3": {
            "gain": -4.1150732243239226e-05,
            "phase": -0.08414770118582308,
            "temperature": 58.625,
            "timestamp": 1759251291.4631898,
            "method": "auto"
        },
        "4": {
            "gain": 0.011678463862214451,
            "phase": -0.15776273315495948,
            "temperature": 58.625,
            "timestamp": 1759251291.4666753,
            "method": "auto"
        },
        "5": {
            "gain": -0.0007191499766336641,
            "phase": -0.1254043169932183,
            "temperature": 58.625,
            "timestamp": 1759251291.4702713,
            "method": "auto"
        },
        "6": {
            "gain": 0.0019333454139533973,
            "phase": 0.15000630711289784,
            "temperature": 59.875,
            "timestamp": 1759251309.0404983,
            "method": "auto"
        },
        "7": {
            "gain": 0.0040948493773952455,
            "phase": 0.13408972402300728,
            "temperature": 59.875,
            "timestamp": 1759251309.0473502,
            "method": "auto"
        },
        "8": {
            "gain": -0.014899803819265709,
            "phase": -0.0311678611290568,
            "temperature": 49.5625,
            "timestamp": 1759251328.2938154,
            "method": "auto"
        },
        "9": {
            "gain": -0.014183844880716926,
            "phase": -0.029675554640367998,
            "temperature": 49.5625,
            "timestamp": 1759251328.301254,
            "method": "auto"
        },
        "10": {
            "gain": -0.0028920377727259983,
            "phase": 0.09747431385516583,
            "temperature": 57.6875,
            "timestamp": 1759251346.6486607,
            "method": "auto"
        },
        "11": {
            "gain": -0.0035127802856369204,
            "phase": -0.0940934594221561,
            "temperature": 57.6875,
            "timestamp": 1759251346.6550462,
            "method": "auto"
        },
        "12": {
            "gain": 0.002700095099952834,
            "phase": -0.05047468342386649,
            "temperature": 53.1875,
            "timestamp": 1759251365.3018415,
            "method": "auto"
        },
        "13": {
            "gain": 0.002169899313586202,
            "phase": -0.11663088771359473,
            "temperature": 53.1875,