{
    "modes": {
        "1": {
            "octave_name": "octave2",
            "octave_channel": 1
        },
        "2": {
            "octave_name": "octave2",
            "octave_channel": 2
        },
        "3": {
            "octave_name": "octave2",
            "octave_channel": 4
        },
        "4": {
            "octave_name": "octave3",
            "octave_channel": 1
        },
        "5": {
            "octave_name": "octave3",
            "octave_channel": 4
        },
        "6": {
            "octave_name": "octave3",
            "octave_channel": 3
        }
    },
    "lo_modes": {
        "1": {
            "mode_id": 1,
            "lo_freq": 7370000000,
            "gain": -10.0,
            "latest": 1
        },
        "2": {
            "mode_id": 2,
            "lo_freq": 4900000000,
            "gain": 0.0,
            "latest": 2
        },
        "3": {
            "mode_id": 3,
            "lo_freq": 5900000000,
            "gain": 0.0,
            "latest": 3
        },
        "4": {
            "mode_id": 4,
            "lo_freq": 5800000000,
            "gain": 0.0,
            "latest": 4
        },
        "5": {
            "mode_id": 5,
            "lo_freq": 6700000000,
            "gain": 0.0,
            "latest": 5
        },
        "6": {
            "mode_id": 6,
            "lo_freq": 5900000000,
            "gain": 0.0,
            "latest": 6
        }
    },
    "lo_cal": {
        "1": {
            "i0": 0.0015256054156792193,
            "q0": -0.016900154672487167,
            "lo_mode_id": 1,
            "dc_gain": 0.00015365340287898377,
            "dc_phase": -0.06374291669059295,
            "temperature": 58.4375,
            "timestamp": 1734938602.5697656,
            "method": "auto"
        },
        "2": {
            "i0": -0.018070367738861098,
            "q0": 0.013364672140331215,
            "lo_mode_id": 2,
            "dc_gain": 0.007460144575778704,
            "dc_phase": 0.16071781111527528,
            "temperature": 59.75,
            "timestamp": 1734938622.4110777,
            "method": "auto"
        },
        "3": {
            "i0": -0.011400236113424477,
            "q0": 0.0011169594436656442,
            "lo_mode_id": 3,
            "dc_gain": -0.013856489518835002,
            "dc_phase": 0.04144813356568088,
            "temperature": 49.875,
            "timestamp": 1734938642.0507271,
            "method": "auto"
        },
        "4": {
            "i0": -0.0005384291727433984,
            "q0": 0.002225029137728369,
            "lo_mode_id": 4,
            "dc_gain": -0.014047939817824484,
            "dc_phase": 0.04561753011108332,
            "temperature": 57.75,
            "timestamp": 1734938662.1541317,
            "method": "auto"
        },
        "5": {
            "i0": -0.013263407467003455,
            "q0": 0.009836552073221072,
            "lo_mode_id": 5,
            "dc_gain": 0.001277200635886322,
            "dc_phase": -0.08138929324727295,
            "temperature": 53.375,
            "timestamp": 1734938683.2146873,
            "method": "auto"
        },
        "6": {
            "i0": 0.009774252954191685,
            "q0": 0.017279574518430704,
            "lo_mode_id": 6,
            "dc_gain": -0.005962043004810735,
            "dc_phase": 0.03707580912952703,
            "temperature": 56.8125,
            "timestamp": 1734938701.6787345,
            "method": "auto"
        }
    },
    "if_modes": {
        "1": {
            "lo_mode_id": 1,
            "if_freq": -237450270,
            "latest": 1
        },
        "2": {
            "lo_mode_id": 1,
            "if_freq": 10073341,
            "latest": 2
        },
        "3": {
            "lo_mode_id": 1,
            "if_freq": 110464452,
            "latest": 3
        },
        "4": {
            "lo_mode_id": 1,
            "if_freq": 331181947,
            "latest": 4
        },
        "5": {
            "lo_mode_id": 1,
            "if_freq": 268124768,
            "latest": 5
        },
        "6": {
            "lo_mode_id": 2,
            "if_freq": 100538442,
            "latest": 6
        },
        "7": {
            "lo_mode_id": 3,
            "if_freq": 63692382,
            "latest": 7
        },
        "8": {
            "lo_mode_id": 4,
            "if_freq": -115926474,
            "latest": 8
        },
        "9": {
            "lo_mode_id": 5,
            "if_freq": 109610828,
            "latest": 9
        },
        "10": {
            "lo_mode_id": 6,
            "if_freq": -156614476,
            "latest": 10
        }
    },
    "if_cal": {
        "1": {
            "if_mode_id": 1,
            "gain": -1.3510602066853921e-05,
            "phase": -0.013320644349950225,
            "temperature": 58.4375,
            "timestamp": 1734938602.575284,
            "method": "auto"
        },
        "2": {
            "if_mode_id": 2,
            "gain": 0.0003986927429013787,
            "phase": -0.06776748844546655,
            "temperature": 58.4375,
            "timestamp": 1734938602.5806546,
            "method": "auto"
        },
        "3": {
            "if_mode_id": 3,
            "gain": -0.0008941832189408376,
            "phase": -0.09106365032488897,
            "temperature": 58.4375,
            "timestamp": 1734938602.585374,
            "method": "auto"
        },
        "4": {
            "if_mode_id": 4,
            "gain": 0.021145363589759325,
            "phase": -0.15527315679539258,
            "temperature": 58.4375,
            "timestamp": 1734938602.589212,
            "method": "auto"
        },
        "5": {
            "if_mode_id": 5,
            "gain": -0.004270934938778279,
            "phase": -0.13974106762720176,
            "temperature": 58.4375,
            "timestamp": 1734938602.5929823,
            "method": "auto"
        },
        "6": {
            "if_mode_id": 6,
            "gain": 0.006337102611264286,
            "phase": 0.14799841536185937,
            "temperature": 59.75,
            "timestamp": 1734938622.4176662,
            "method": "auto"
        },
        "7": {
            "if_mode_id": 7,
            "gain": -0.012624815825912638,
            "phase": 0.043137064486307164,
            "temperature": 49.875,
            "timestamp": 1734938642.0578856,
            "method": "auto"
        },
        "8": {
            "if_mode_id": 8,
            "gain": -0.015502986182163902,
            "phase": 0.08102635436766376,
            "temperature": 57.75,
            "timestamp": 1734938662.1611016,
            "method": "auto"
        },
        "9": {
            "if_mode_id": 9,
            "gain": 0.000715436069443329,
            "phase": -0.1219160704134306,
            "temperature": 53.375,
            "timestamp": 1734938683.2229023,
            "method": "auto"
        },
        "10": {
            "if_mode_id": 10,
            "gain": -0.004577327008955409,
            "phase": 0.041085765079181956,
            "temperature": 56.8125,
            "timestamp": 1734938701.6877658,
            "method": "auto"
        }
    }
}