{
    "modes": {
        "1": {
            "octave_name": "octave2",
            "octave_channel": 1
        },
        "2": {
            "octave_name": "octave2",
            "octave_channel": 2
        },
        "3": {
            "octave_name": "octave2",
            "octave_channel": 4
        },
        "4": {
            "octave_name": "octave3",
            "octave_channel": 1
        },
        "5": {
            "octave_name": "octave3",
            "octave_channel": 4
        },
        "6": {
            "octave_name": "octave3",
            "octave_channel": 3
        }
    },
    "lo_modes": {
        "1": {
            "mode_id": 1,
            "lo_freq": 7370000000,
            "gain": -10.0,
            "latest": 1
        },
        "2": {
            "mode_id": 2,
            "lo_freq": 4900000000,
            "gain": 0.0,
            "latest": 2
        },
        "3": {
            "mode_id": 3,
            "lo_freq": 5900000000,
            "gain": 0.0,
            "latest": 3
        },
        "4": {
            "mode_id": 4,
            "lo_freq": 5800000000,
            "gain": 0.0,
            "latest": 4
        },
        "5": {
            "mode_id": 5,
            "lo_freq": 6700000000,
            "gain": 0.0,
            "latest": 5
        },
        "6": {
            "mode_id": 6,
            "lo_freq": 5900000000,
            "gain": 0.0,
            "latest": 6
        }
    },
    "lo_cal": {
        "1": {
            "i0": 0.0010553759357916643,
            "q0": -0.017268597044558517,
            "lo_mode_id": 1,
            "dc_gain": 0.004448301519051956,
            "dc_phase": -0.06236408517075296,
            "temperature": 58.8125,
            "timestamp": 1731913038.8806846,
            "method": "auto"
        },
        "2": {
            "i0": -0.01827876427672636,
            "q0": 0.013088102199385776,
            "lo_mode_id": 2,
            "dc_gain": 0.007375604426242743,
            "dc_phase": 0.165137619997538,
            "temperature": 60.375,
            "timestamp": 1731913052.3317523,
            "method": "auto"
        },
        "3": {
            "i0": -0.011399708976367143,
            "q0": 0.0011490421464444437,
            "lo_mode_id": 3,
            "dc_gain": -0.013905339111631276,
            "dc_phase": 0.04114999970309035,
            "temperature": 50.875,
            "timestamp": 1731913065.6247091,
            "method": "auto"
        },
        "4": {
            "i0": -0.00037873704367514356,
            "q0": 0.00220502781918616,
            "lo_mode_id": 4,
            "dc_gain": -0.014174130768619952,
            "dc_phase": 0.046323380690474106,
            "temperature": 57.75,
            "timestamp": 1731913078.8978117,
            "method": "auto"
        },
        "5": {
            "i0": -0.013337853178969305,
            "q0": 0.010069075764192874,
            "lo_mode_id": 5,
            "dc_gain": 0.0012920930468844904,
            "dc_phase": -0.08160901958036763,
            "temperature": 52.5,
            "timestamp": 1731913092.3882327,
            "method": "auto"
        },
        "6": {
            "i0": 0.009783183458014266,
            "q0": 0.017284612254413436,
            "lo_mode_id": 6,
            "dc_gain": -0.006554453426608542,
            "dc_phase": 0.03748546943516172,
            "temperature": 56.125,
            "timestamp": 1731913105.1663024,
            "method": "auto"
        }
    },
    "if_modes": {
        "1": {
            "lo_mode_id": 1,
            "if_freq": -222708788,
            "latest": 1
        },
        "2": {
            "lo_mode_id": 1,
            "if_freq": 25307050,
            "latest": 2
        },
        "3": {
            "lo_mode_id": 1,
            "if_freq": 124454070,
            "latest": 3
        },
        "4": {
            "lo_mode_id": 1,
            "if_freq": 341682301,
            "latest": 4
        },
        "5": {
            "lo_mode_id": 1,
            "if_freq": 278584183,
            "latest": 5
        },
        "6": {
            "lo_mode_id": 2,
            "if_freq": 103071869,
            "latest": 6
        },
        "7": {
            "lo_mode_id": 3,
            "if_freq": 72717304,
            "latest": 7
        },
        "8": {
            "lo_mode_id": 4,
            "if_freq": -117059516,
            "latest": 8
        },
        "9": {
            "lo_mode_id": 5,
            "if_freq": 115016707,
            "latest": 9
        },
        "10": {
            "lo_mode_id": 6,
            "if_freq": -157375121,
            "latest": 10
        }
    },
    "if_cal": {
        "1": {
            "if_mode_id": 1,
            "gain": -0.022402907450404064,
            "phase": 0.036152394545467564,
            "temperature": 58.8125,
            "timestamp": 1731913038.8857944,
            "method": "auto"
        },
        "2": {
            "if_mode_id": 2,
            "gain": -0.008749904998038533,
            "phase": -0.05549363952094762,
            "temperature": 58.8125,
            "timestamp": 1731913038.8907046,
            "method": "auto"
        },
        "3": {
            "if_mode_id": 3,
            "gain": -0.0346510173565221,
            "phase": -0.11514287577368318,
            "temperature": 58.8125,
            "timestamp": 1731913038.89513,
            "method": "auto"
        },
        "4": {
            "if_mode_id": 4,
            "gain": 0.005696515315308166,
            "phase": -0.1801597147129374,
            "temperature": 58.8125,
            "timestamp": 1731913038.8991046,
            "method": "auto"
        },
        "5": {
            "if_mode_id": 5,
            "gain": -0.022523159401404386,
            "phase": -0.1425395048165453,
            "temperature": 58.8125,
            "timestamp": 1731913038.902932,
            "method": "auto"
        },
        "6": {
            "if_mode_id": 6,
            "gain": 0.007650991173453944,
            "phase": 0.14069271898235972,
            "temperature": 60.375,
            "timestamp": 1731913052.3384726,
            "method": "auto"
        },
        "7": {
            "if_mode_id": 7,
            "gain": -0.01288407099824146,
            "phase": 0.047490241630789284,
            "temperature": 50.875,
            "timestamp": 1731913065.6322236,
            "method": "auto"
        },
        "8": {
            "if_mode_id": 8,
            "gain": -0.015769958609934107,
            "phase": 0.08211704090548969,
            "temperature": 57.75,
            "timestamp": 1731913078.906232,
            "method": "auto"
        },
        "9": {
            "if_mode_id": 9,
            "gain": 0.000900641996737944,
            "phase": -0.1244385180998872,
            "temperature": 52.5,
            "timestamp": 1731913092.3969643,
            "method": "auto"
        },
        "10": {
            "if_mode_id": 10,
            "gain": -0.005214737808022232,
            "phase": 0.040886101688263884,
            "temperature": 56.125,
            "timestamp": 1731913105.1755095,
            "method": "auto"
        }
    }
}