{
    "modes": {
        "1": {
            "octave_name": "oct2",
            "octave_channel": 1
        },
        "2": {
            "octave_name": "oct2",
            "octave_channel": 2
        },
        "3": {
            "octave_name": "oct2",
            "octave_channel": 4
        },
        "4": {
            "octave_name": "oct3",
            "octave_channel": 1
        },
        "5": {
            "octave_name": "oct3",
            "octave_channel": 4
        },
        "6": {
            "octave_name": "oct3",
            "octave_channel": 3
        }
    },
    "lo_modes": {
        "1": {
            "mode_id": 1,
            "lo_freq": 7370000000,
            "gain": -10.0,
            "latest": 7
        },
        "2": {
            "mode_id": 2,
            "lo_freq": 4900000000,
            "gain": 0.0,
            "latest": 8
        },
        "3": {
            "mode_id": 3,
            "lo_freq": 5900000000,
            "gain": 0.0,
            "latest": 9
        },
        "4": {
            "mode_id": 4,
            "lo_freq": 5800000000,
            "gain": 0.0,
            "latest": 10
        },
        "5": {
            "mode_id": 5,
            "lo_freq": 6700000000,
            "gain": 0.0,
            "latest": 11
        },
        "6": {
            "mode_id": 6,
            "lo_freq": 5900000000,
            "gain": 0.0,
            "latest": 12
        }
    },
    "lo_cal": {
        "1": {
            "i0": 0.0015558989231421458,
            "q0": -0.016895615375547544,
            "lo_mode_id": 1,
            "dc_gain": -7.730709263675806e-05,
            "dc_phase": -0.06361604237616675,
            "temperature": 58.375,
            "timestamp": 1737103625.8752184,
            "method": "auto"
        },
        "2": {
            "i0": -0.01764451484044262,
            "q0": 0.014000739257638013,
            "lo_mode_id": 2,
            "dc_gain": 0.007494815335493676,
            "dc_phase": 0.16158058578235746,
            "temperature": 59.8125,
            "timestamp": 1737103645.364778,
            "method": "auto"
        },
        "3": {
            "i0": -0.011865476959503098,
            "q0": 0.0012243080434092223,
            "lo_mode_id": 3,
            "dc_gain": -0.013706013599394717,
            "dc_phase": 0.04173534611550871,
            "temperature": 49.8125,
            "timestamp": 1737103664.9368548,
            "method": "auto"
        },
        "4": {
            "i0": -0.0005131686903630259,
            "q0": 0.0021979295852747735,
            "lo_mode_id": 4,
            "dc_gain": -0.014088918697643837,
            "dc_phase": 0.0447477600935513,
            "temperature": 57.5,
            "timestamp": 1737103685.7745574,
            "method": "auto"
        },
        "5": {
            "i0": -0.013265348751003204,
            "q0": 0.009840086741208637,
            "lo_mode_id": 5,
            "dc_gain": 0.0012747372014729752,
            "dc_phase": -0.08136770642805466,
            "temperature": 52.6875,
            "timestamp": 1737103706.5481393,
            "method": "auto"
        },
        "6": {
            "i0": 0.009769459114553868,
            "q0": 0.017213848270605153,
            "lo_mode_id": 6,
            "dc_gain": -0.005768230976133104,
            "dc_phase": 0.036777435369855914,
            "temperature": 56.375,
            "timestamp": 1737103727.0026736,
            "method": "auto"
        },
        "7": {
            "i0": 0.0015612052829748978,
            "q0": -0.016947029642250495,
            "lo_mode_id": 1,
            "dc_gain": 3.83831346706387e-06,
            "dc_phase": -0.06384982471636111,
            "temperature": 58.1875,
            "timestamp": 1737550973.294867,
            "method": "auto"
        },
        "8": {
            "i0": -0.01778643849832347,
            "q0": 0.013822156227569049,
            "lo_mode_id": 2,
            "dc_gain": 0.007129948033343325,
            "dc_phase": 0.15844966813701902,
            "temperature": 59.75,
            "timestamp": 1737550994.0056853,
            "method": "auto"
        },
        "9": {
            "i0": -0.01138091305179734,
            "q0": 0.0011773052722037075,
            "lo_mode_id": 3,
            "dc_gain": -0.013723009906931205,
            "dc_phase": 0.040943259992765234,
            "temperature": 49.75,
            "timestamp": 1737551014.8017528,
            "method": "auto"
        },
        "10": {
            "i0": -0.00031658833947740314,
            "q0": 0.002151816598055456,
            "lo_mode_id": 4,
            "dc_gain": -0.013922642534249241,
            "dc_phase": 0.042150388417219124,
            "temperature": 57.0,
            "timestamp": 1737551035.6421878,
            "method": "auto"
        },
        "11": {
            "i0": -0.013240068573377466,
            "q0": 0.009564300867421733,
            "lo_mode_id": 5,
            "dc_gain": 0.001386647444962863,
            "dc_phase": -0.08134279010833413,
            "temperature": 51.1875,
            "timestamp": 1737551055.6822197,
            "method": "auto"
        },
        "12": {
            "i0": 0.009751351125793988,
            "q0": 0.017263304579656927,
            "lo_mode_id": 6,
            "dc_gain": -0.006012619618168902,
            "dc_phase": 0.036812761051229555,
            "temperature": 50.375,
            "timestamp": 1737551075.6014163,
            "method": "auto"
        }
    },
    "if_modes": {
        "1": {
            "lo_mode_id": 1,
            "if_freq": -237420286,
            "latest": 1
        },
        "2": {
            "lo_mode_id": 1,
            "if_freq": 10073372,
            "latest": 2
        },
        "3": {
            "lo_mode_id": 1,
            "if_freq": 110355638,
            "latest": 3
        },
        "4": {
            "lo_mode_id": 1,
            "if_freq": 330298316,
            "latest": 4
        },
        "5": {
            "lo_mode_id": 1,
            "if_freq": 270679567,
            "latest": 15
        },
        "6": {
            "lo_mode_id": 2,
            "if_freq": 100102567,
            "latest": 6
        },
        "7": {
            "lo_mode_id": 3,
            "if_freq": 63748730,
            "latest": 7
        },
        "8": {
            "lo_mode_id": 4,
            "if_freq": -115416853,
            "latest": 8
        },
        "9": {
            "lo_mode_id": 5,
            "if_freq": 109678455,
            "latest": 9
        },
        "10": {
            "lo_mode_id": 6,
            "if_freq": -157953677,
            "latest": 20
        },
        "11": {
            "lo_mode_id": 1,
            "if_freq": -237451236,
            "latest": 11
        },
        "12": {
            "lo_mode_id": 1,
            "if_freq": 10040944,
            "latest": 12
        },
        "13": {
            "lo_mode_id": 1,
            "if_freq": 110622376,
            "latest": 13
        },
        "14": {
            "lo_mode_id": 1,
            "if_freq": 330300527,
            "latest": 14
        },
        "15": {
            "lo_mode_id": 2,
            "if_freq": 100388701,
            "latest": 16
        },
        "16": {
            "lo_mode_id": 3,
            "if_freq": 63761228,
            "latest": 17
        },
        "17": {
            "lo_mode_id": 4,
            "if_freq": -115376210,
            "latest": 18
        },
        "18": {
            "lo_mode_id": 5,
            "if_freq": 109615374,
            "latest": 19
        }
    },
    "if_cal": {
        "1": {
            "if_mode_id": 1,
            "gain": -0.0003603424317449413,
            "phase": -0.013489089296459224,
            "temperature": 58.375,
            "timestamp": 1737103625.880609,
            "method": "auto"
        },
        "2": {
            "if_mode_id": 2,
            "gain": 0.00027231017929112193,
            "phase": -0.0677703120672439,
            "temperature": 58.375,