{
    "modes": {
        "1": {
            "octave_name": "octave2",
            "octave_channel": 1
        },
        "2": {
            "octave_name": "octave3",
            "octave_channel": 4
        },
        "3": {
            "octave_name": "octave2",
            "octave_channel": 2
        },
        "4": {
            "octave_name": "octave2",
            "octave_channel": 4
        },
        "5": {
            "octave_name": "octave3",
            "octave_channel": 1
        },
        "6": {
            "octave_name": "octave3",
            "octave_channel": 3
        }
    },
    "lo_modes": {
        "1": {
            "mode_id": 1,
            "lo_freq": 7370000000,
            "gain": -10.0,
            "latest": 7
        },
        "2": {
            "mode_id": 2,
            "lo_freq": 6700000000,
            "gain": 0.0,
            "latest": 2
        },
        "3": {
            "mode_id": 3,
            "lo_freq": 4900000000,
            "gain": 0.0,
            "latest": 3
        },
        "4": {
            "mode_id": 4,
            "lo_freq": 5900000000,
            "gain": 0.0,
            "latest": 4
        },
        "5": {
            "mode_id": 5,
            "lo_freq": 5800000000,
            "gain": 0.0,
            "latest": 5
        },
        "6": {
            "mode_id": 6,
            "lo_freq": 5900000000,
            "gain": 0.0,
            "latest": 6
        }
    },
    "lo_cal": {
        "1": {
            "i0": 0.0013393150756660474,
            "q0": -0.016996385714061885,
            "lo_mode_id": 1,
            "dc_gain": 0.001580477654008261,
            "dc_phase": -0.06364797475604514,
            "temperature": 58.5625,
            "timestamp": 1731565086.6698077,
            "method": "auto"
        },
        "2": {
            "i0": -0.013362857827518209,
            "q0": 0.010112138994958327,
            "lo_mode_id": 2,
            "dc_gain": 0.0012418771380773297,
            "dc_phase": -0.08174618164230733,
            "temperature": 52.5,
            "timestamp": 1731661423.4662201,
            "method": "auto"
        },
        "3": {
            "i0": -0.018208127929162193,
            "q0": 0.013294970854203404,
            "lo_mode_id": 3,
            "dc_gain": 0.00856119111763931,
            "dc_phase": 0.16585952791854952,
            "temperature": 60.3125,
            "timestamp": 1731661935.4469707,
            "method": "auto"
        },
        "4": {
            "i0": -0.011467765736605018,
            "q0": 0.0010310085372226923,
            "lo_mode_id": 4,
            "dc_gain": -0.013904320957749183,
            "dc_phase": 0.04070090353340822,
            "temperature": 50.875,
            "timestamp": 1731661995.7479844,
            "method": "auto"
        },
        "5": {
            "i0": -0.0003809352852849358,
            "q0": 0.0021937485672169697,
            "lo_mode_id": 5,
            "dc_gain": -0.014165993369092522,
            "dc_phase": 0.0465208479738171,
            "temperature": 57.6875,
            "timestamp": 1731662051.3964105,
            "method": "auto"
        },
        "6": {
            "i0": 0.009791613880844433,
            "q0": 0.017291309111672776,
            "lo_mode_id": 6,
            "dc_gain": -0.006599070398705997,
            "dc_phase": 0.03759655428711977,
            "temperature": 56.125,
            "timestamp": 1731662137.3394063,
            "method": "auto"
        },
        "7": {
            "i0": 0.0018013591961675986,
            "q0": -0.0166257977688462,
            "lo_mode_id": 1,
            "dc_gain": 0.001161504515014844,
            "dc_phase": -0.06406793491227197,
            "temperature": 58.5625,
            "timestamp": 1731662197.9070652,
            "method": "auto"
        }
    },
    "if_modes": {
        "1": {
            "lo_mode_id": 1,
            "if_freq": -222678788,
            "latest": 11
        },
        "2": {
            "lo_mode_id": 1,
            "if_freq": 25377050,
            "latest": 2
        },
        "3": {
            "lo_mode_id": 1,
            "if_freq": 124554070,
            "latest": 3
        },
        "4": {
            "lo_mode_id": 1,
            "if_freq": 340930634,
            "latest": 4
        },
        "5": {
            "lo_mode_id": 1,
            "if_freq": 278524183,
            "latest": 5
        },
        "6": {
            "lo_mode_id": 2,
            "if_freq": 115029092,
            "latest": 6
        },
        "7": {
            "lo_mode_id": 3,
            "if_freq": 103088545,
            "latest": 7
        },
        "8": {
            "lo_mode_id": 4,
            "if_freq": 73114345,
            "latest": 8
        },
        "9": {
            "lo_mode_id": 5,
            "if_freq": -117017382,
            "latest": 9
        },
        "10": {
            "lo_mode_id": 6,
            "if_freq": -157368350,
            "latest": 10
        },
        "11": {
            "lo_mode_id": 1,
            "if_freq": 25447050,
            "latest": 12
        },
        "12": {
            "lo_mode_id": 1,
            "if_freq": 124504070,
            "latest": 13
        },
        "13": {
            "lo_mode_id": 1,
            "if_freq": 341122900,
            "latest": 14
        },
        "14": {
            "lo_mode_id": 1,
            "if_freq": 278344183,
            "latest": 15
        }
    },
    "if_cal": {
        "1": {
            "if_mode_id": 1,
            "gain": 0.011668436971767646,
            "phase": 0.0036914993643673314,
            "temperature": 58.5625,
            "timestamp": 1731565086.6745968,
            "method": "auto"
        },
        "2": {
            "if_mode_id": 2,
            "gain": 0.020781842712281704,
            "phase": -0.10242447657482383,
            "temperature": 58.5625,
            "timestamp": 1731565086.6792889,
            "method": "auto"
        },
        "3": {
            "if_mode_id": 3,
            "gain": 0.0,
            "phase": 0.0,
            "temperature": 58.5625,
            "timestamp": 1731565086.6841977,
            "method": "auto"
        },
        "4": {
            "if_mode_id": 4,
            "gain": 0.028322506933562468,
            "phase": -0.16788210855634084,
            "temperature": 58.5625,
            "timestamp": 1731565086.6881962,
            "method": "auto"
        },
        "5": {
            "if_mode_id": 5,
            "gain": 0.003904424700513883,
            "phase": -0.13613875560085884,
            "temperature": 58.5625,
            "timestamp": 1731565086.6920607,
            "method": "auto"
        },
        "6": {
            "if_mode_id": 6,
            "gain": 0.0009442651004609538,
            "phase": -0.12418894339446364,
            "temperature": 52.5,
            "timestamp": 1731661423.473687,
            "method": "auto"
        },
        "7": {
            "if_mode_id": 7,
            "gain": 0.006420523998653718,
            "phase": 0.15437509457761192,
            "temperature": 60.3125,
            "timestamp": 1731661935.4543803,
            "method": "auto"
        },
        "8": {
            "if_mode_id": 8,
            "gain": -0.014964674345476991,
            "phase": 0.015470968256612953,
            "temperature": 50.875,
            "timestamp": 1731661995.756805,
            "method": "auto"
        },
        "9": {
            "if_mode_id": 9,
            "gain": -0.01587528118808483,
            "phase": 0.08220528075416357,
            "temperature": 57.6875,
            "timestamp": 1731662051.405096,
            "method": "auto"
        },
        "10": {
            "if_mode_id": 10,
            "gain": -0.0052857514592290315,
            "phase": 0.040405591307278645,
            "temperature": 56.125,
            "timestamp": 1731662137.3493059,
            "method": "auto"
        },
        "11": {
            "if_mode_id": 1,
            "gain": -0.014729690847624691,