{
    "modes": {
        "1": {
            "octave_name": "octave2",
            "octave_channel": 1
        },
        "2": {
            "octave_name": "octave2",
            "octave_channel": 2
        },
        "3": {
            "octave_name": "octave2",
            "octave_channel": 4
        },
        "4": {
            "octave_name": "octave3",
            "octave_channel": 1
        },
        "5": {
            "octave_name": "octave3",
            "octave_channel": 4
        },
        "6": {
            "octave_name": "octave3",
            "octave_channel": 3
        }
    },
    "lo_modes": {
        "1": {
            "mode_id": 1,
            "lo_freq": 7400000000.0,
            "gain": -10.0,
            "latest": 1
        },
        "2": {
            "mode_id": 2,
            "lo_freq": 5060000000.0,
            "gain": -14.0,
            "latest": 2
        },
        "3": {
            "mode_id": 3,
            "lo_freq": 6030000000.0,
            "gain": -10.0,
            "latest": 3
        },
        "4": {
            "mode_id": 4,
            "lo_freq": 5740000000.0,
            "gain": -14.0,
            "latest": 4
        },
        "5": {
            "mode_id": 5,
            "lo_freq": 6700000000.0,
            "gain": 0.0,
            "latest": 5
        },
        "6": {
            "mode_id": 6,
            "lo_freq": 5900000000.0,
            "gain": 0.0,
            "latest": 6
        }
    },
    "lo_cal": {
        "1": {
            "i0": 0.0025069837107271863,
            "q0": -0.016274175195559213,
            "dc_gain": 0.0002117386967819268,
            "dc_phase": -0.06561053886609244,
            "temperature": 58.1875,
            "timestamp": 1754478355.881921,
            "method": "auto"
        },
        "2": {
            "i0": -0.014294046141348167,
            "q0": 0.013181726939457314,
            "dc_gain": 0.003733250221480411,
            "dc_phase": 0.144564674400112,
            "temperature": 59.5625,
            "timestamp": 1754478373.8323238,
            "method": "auto"
        },
        "3": {
            "i0": -0.008472247572604178,
            "q0": 0.00304698980741441,
            "dc_gain": -0.010847496713918048,
            "dc_phase": 0.0030876641714406203,
            "temperature": 49.125,
            "timestamp": 1754478391.7338977,
            "method": "auto"
        },
        "4": {
            "i0": 0.0011017180559354614,
            "q0": 0.0014748030927858845,
            "dc_gain": -0.011614360032143,
            "dc_phase": 0.011610831416232975,
            "temperature": 57.5,
            "timestamp": 1754478409.176464,
            "method": "auto"
        },
        "5": {
            "i0": -0.01328003837778105,
            "q0": 0.009795934117756646,
            "dc_gain": 0.0012289311595281571,
            "dc_phase": -0.08125134328179176,
            "temperature": 53.0,
            "timestamp": 1754478427.214279,
            "method": "auto"
        },
        "6": {
            "i0": 0.009852672484163643,
            "q0": 0.017385226744390657,
            "dc_gain": -0.00573191215895863,
            "dc_phase": 0.03712383913415239,
            "temperature": 56.5,
            "timestamp": 1754478446.5252633,
            "method": "auto"
        }
    },
    "if_modes": {
        "1": {
            "lo_mode_id": 1,
            "if_freq": -276795320.8199682,
            "latest": 1
        },
        "2": {
            "lo_mode_id": 1,
            "if_freq": -29986629.591466904,
            "latest": 2
        },
        "3": {
            "lo_mode_id": 1,
            "if_freq": 72831508.36702442,
            "latest": 3
        },
        "4": {
            "lo_mode_id": 1,
            "if_freq": 295778900.4948549,
            "latest": 4
        },
        "5": {
            "lo_mode_id": 1,
            "if_freq": 237565288.39842224,
            "latest": 5
        },
        "6": {
            "lo_mode_id": 2,
            "if_freq": -59151974.0,
            "latest": 6
        },
        "7": {
            "lo_mode_id": 2,
            "if_freq": 59151974.0,
            "latest": 7
        },
        "8": {
            "lo_mode_id": 3,
            "if_freq": -58876099.0,
            "latest": 8
        },
        "9": {
            "lo_mode_id": 3,
            "if_freq": 58876099.0,
            "latest": 9
        },
        "10": {
            "lo_mode_id": 4,
            "if_freq": -54703232.0,
            "latest": 10
        },
        "11": {
            "lo_mode_id": 4,
            "if_freq": 54703232.0,
            "latest": 11
        },
        "12": {
            "lo_mode_id": 5,
            "if_freq": 111771407.14482498,
            "latest": 12
        },
        "13": {
            "lo_mode_id": 5,
            "if_freq": -111771407.14482498,
            "latest": 13
        },
        "14": {
            "lo_mode_id": 6,
            "if_freq": -158164268.59013176,
            "latest": 14
        },
        "15": {
            "lo_mode_id": 6,
            "if_freq": 158164268.59013176,
            "latest": 15
        }
    },
    "if_cal": {
        "1": {
            "gain": 0.0014034636350494358,
            "phase": 0.0022939493368475438,
            "temperature": 58.1875,
            "timestamp": 1754478355.8867118,
            "method": "auto"
        },
        "2": {
            "gain": 0.0010005913457913572,
            "phase": -0.06050177715667103,
            "temperature": 58.1875,
            "timestamp": 1754478355.8917828,
            "method": "auto"
        },
        "3": {
            "gain": 0.00023240119960181996,
            "phase": -0.08424760936512257,
            "temperature": 58.1875,
            "timestamp": 1754478355.8960645,
            "method": "auto"
        },
        "4": {
            "gain": 0.011458010483580097,
            "phase": -0.1590731397895833,
            "temperature": 58.1875,
            "timestamp": 1754478355.8997133,
            "method": "auto"
        },
        "5": {
            "gain": -0.0008209904200354289,
            "phase": -0.12602252075896345,
            "temperature": 58.1875,
            "timestamp": 1754478355.9037867,
            "method": "auto"
        },
        "6": {
            "gain": 0.0010022418942723951,
            "phase": 0.1579186817659092,
            "temperature": 59.5625,
            "timestamp": 1754478373.839438,
            "method": "auto"
        },
        "7": {
            "gain": 0.003055586282633918,
            "phase": 0.1382976014675856,
            "temperature": 59.5625,
            "timestamp": 1754478373.8464847,
            "method": "auto"
        },
        "8": {
            "gain": -0.009830670912838391,
            "phase": -0.00038198959632255845,
            "temperature": 49.125,
            "timestamp": 1754478391.7407284,
            "method": "auto"
        },
        "9": {
            "gain": -0.009815469168522018,
            "phase": 0.0015943932231393854,
            "temperature": 49.125,
            "timestamp": 1754478391.7481186,
            "method": "auto"
        },
        "10": {
            "gain": -0.010592855242458864,
            "phase": 0.027420273432731904,
            "temperature": 57.5,
            "timestamp": 1754478409.184603,
            "method": "auto"
        },
        "11": {
            "gain": -0.01060190899347045,
            "phase": -0.0011325150004877658,
            "temperature": 57.5,
            "timestamp": 1754478409.1928005,
            "method": "auto"
        },
        "12": {
            "gain": 0.0006415025170716014,
            "phase": -0.12248955805326801,
            "temperature": 53.0,
            "timestamp": 1754478427.2225902,
            "method": "auto"
        },
        "13": {
            "gain": 0.0074139233012734595,
            "phase": -0.05928114158392219,
            "temperature": 53.0,
            "timestamp": 1754478427.2304637,