{
    "modes": {
        "1": {
            "octave_name": "octave2",
            "octave_channel": 1
        },
        "2": {
            "octave_name": "octave2",
            "octave_channel": 2
        },
        "3": {
            "octave_name": "octave2",
            "octave_channel": 4
        },
        "4": {
            "octave_name": "octave3",
            "octave_channel": 1
        },
        "5": {
            "octave_name": "octave3",
            "octave_channel": 4
        },
        "6": {
            "octave_name": "octave3",
            "octave_channel": 3
        }
    },
    "lo_modes": {
        "1": {
            "mode_id": 1,
            "lo_freq": 7370000000,
            "gain": -10.0,
            "latest": 1
        },
        "2": {
            "mode_id": 2,
            "lo_freq": 4900000000,
            "gain": 0.0,
            "latest": 2
        },
        "3": {
            "mode_id": 3,
            "lo_freq": 5900000000,
            "gain": 0.0,
            "latest": 3
        },
        "4": {
            "mode_id": 4,
            "lo_freq": 5800000000,
            "gain": 0.0,
            "latest": 4
        },
        "5": {
            "mode_id": 5,
            "lo_freq": 6700000000,
            "gain": 0.0,
            "latest": 5
        },
        "6": {
            "mode_id": 6,
            "lo_freq": 5900000000,
            "gain": 0.0,
            "latest": 6
        }
    },
    "lo_cal": {
        "1": {
            "i0": 0.001469895525064992,
            "q0": -0.016934580242421747,
            "lo_mode_id": 1,
            "dc_gain": -5.582540074711151e-05,
            "dc_phase": -0.06366554734818007,
            "temperature": 58.5625,
            "timestamp": 1734427623.6330712,
            "method": "auto"
        },
        "2": {
            "i0": -0.018147430367162598,
            "q0": 0.013235029911274176,
            "lo_mode_id": 2,
            "dc_gain": 0.007486689605349595,
            "dc_phase": 0.16079183335256633,
            "temperature": 59.875,
            "timestamp": 1734427644.1478891,
            "method": "auto"
        },
        "3": {
            "i0": -0.011417515725919406,
            "q0": 0.0010853988064433934,
            "lo_mode_id": 3,
            "dc_gain": -0.013892720900817612,
            "dc_phase": 0.04133163169680361,
            "temperature": 49.8125,
            "timestamp": 1734427665.0536268,
            "method": "auto"
        },
        "4": {
            "i0": -0.0005582891357585764,
            "q0": 0.0022352735472242562,
            "lo_mode_id": 4,
            "dc_gain": -0.014103688512217327,
            "dc_phase": 0.04583804451384967,
            "temperature": 57.875,
            "timestamp": 1734427684.518926,
            "method": "auto"
        },
        "5": {
            "i0": -0.013253028624494755,
            "q0": 0.009892107363313807,
            "lo_mode_id": 5,
            "dc_gain": 0.0010360371337236884,
            "dc_phase": -0.08146787479265578,
            "temperature": 53.125,
            "timestamp": 1734427705.4836767,
            "method": "auto"
        },
        "6": {
            "i0": 0.00977789311437854,
            "q0": 0.01728759144344533,
            "lo_mode_id": 6,
            "dc_gain": -0.005976299378517291,
            "dc_phase": 0.03715173232082559,
            "temperature": 56.625,
            "timestamp": 1734427723.9569447,
            "method": "auto"
        }
    },
    "if_modes": {
        "1": {
            "lo_mode_id": 1,
            "if_freq": -237214176,
            "latest": 1
        },
        "2": {
            "lo_mode_id": 1,
            "if_freq": -267000,
            "latest": 2
        },
        "3": {
            "lo_mode_id": 1,
            "if_freq": 110513615,
            "latest": 3
        },
        "4": {
            "lo_mode_id": 1,
            "if_freq": 331125023,
            "latest": 4
        },
        "5": {
            "lo_mode_id": 1,
            "if_freq": 270896953,
            "latest": 5
        },
        "6": {
            "lo_mode_id": 2,
            "if_freq": 100458900,
            "latest": 6
        },
        "7": {
            "lo_mode_id": 3,
            "if_freq": 72750792,
            "latest": 7
        },
        "8": {
            "lo_mode_id": 4,
            "if_freq": -116318227,
            "latest": 8
        },
        "9": {
            "lo_mode_id": 5,
            "if_freq": 109380174,
            "latest": 9
        },
        "10": {
            "lo_mode_id": 6,
            "if_freq": -157690749,
            "latest": 10
        }
    },
    "if_cal": {
        "1": {
            "if_mode_id": 1,
            "gain": 0.00039093314883717066,
            "phase": -0.0133464490732065,
            "temperature": 58.5625,
            "timestamp": 1734427623.6381435,
            "method": "auto"
        },
        "2": {
            "if_mode_id": 2,
            "gain": -0.01256278225772731,
            "phase": -0.12152174487717922,
            "temperature": 58.5625,
            "timestamp": 1734427623.6433964,
            "method": "auto"
        },
        "3": {
            "if_mode_id": 3,
            "gain": -0.0012495183191761979,
            "phase": -0.09125219786110185,
            "temperature": 58.5625,
            "timestamp": 1734427623.6488025,
            "method": "auto"
        },
        "4": {
            "if_mode_id": 4,
            "gain": 0.02102203428163328,
            "phase": -0.15415465099393977,
            "temperature": 58.5625,
            "timestamp": 1734427623.6530578,
            "method": "auto"
        },
        "5": {
            "if_mode_id": 5,
            "gain": -0.003609056181311707,
            "phase": -0.14216516617863248,
            "temperature": 58.5625,
            "timestamp": 1734427623.6569765,
            "method": "auto"
        },
        "6": {
            "if_mode_id": 6,
            "gain": 0.006408743434772197,
            "phase": 0.14821811678939922,
            "temperature": 59.875,
            "timestamp": 1734427644.154542,
            "method": "auto"
        },
        "7": {
            "if_mode_id": 7,
            "gain": -0.012399812718852137,
            "phase": 0.04305353697987055,
            "temperature": 49.8125,
            "timestamp": 1734427665.0615149,
            "method": "auto"
        },
        "8": {
            "if_mode_id": 8,
            "gain": -0.015455807032614479,
            "phase": 0.0815348669143714,
            "temperature": 57.875,
            "timestamp": 1734427684.5269039,
            "method": "auto"
        },
        "9": {
            "if_mode_id": 9,
            "gain": 0.0004049223384969409,
            "phase": -0.12222998631284743,
            "temperature": 53.125,
            "timestamp": 1734427705.4904418,
            "method": "auto"
        },
        "10": {
            "if_mode_id": 10,
            "gain": -0.004633013639275668,
            "phase": 0.04100164567883854,
            "temperature": 56.625,
            "timestamp": 1734427723.9655735,
            "method": "auto"
        }
    }
}