{
    "modes": {
        "1": {
            "octave_name": "octave2",
            "octave_channel": 1
        },
        "2": {
            "octave_name": "octave2",
            "octave_channel": 2
        },
        "3": {
            "octave_name": "octave2",
            "octave_channel": 4
        },
        "4": {
            "octave_name": "octave3",
            "octave_channel": 1
        },
        "5": {
            "octave_name": "octave3",
            "octave_channel": 4
        },
        "6": {
            "octave_name": "octave3",
            "octave_channel": 3
        }
    },
    "lo_modes": {
        "1": {
            "mode_id": 1,
            "lo_freq": 7370000000,
            "gain": -10.0,
            "latest": 7
        },
        "2": {
            "mode_id": 2,
            "lo_freq": 4900000000,
            "gain": 0.0,
            "latest": 8
        },
        "3": {
            "mode_id": 3,
            "lo_freq": 5900000000,
            "gain": 0.0,
            "latest": 9
        },
        "4": {
            "mode_id": 4,
            "lo_freq": 5800000000,
            "gain": 0.0,
            "latest": 10
        },
        "5": {
            "mode_id": 5,
            "lo_freq": 6700000000,
            "gain": 0.0,
            "latest": 11
        },
        "6": {
            "mode_id": 6,
            "lo_freq": 5900000000,
            "gain": 0.0,
            "latest": 12
        }
    },
    "lo_cal": {
        "1": {
            "i0": 0.0010553759357916643,
            "q0": -0.017268597044558517,
            "lo_mode_id": 1,
            "dc_gain": 0.004448301519051956,
            "dc_phase": -0.06236408517075296,
            "temperature": 58.8125,
            "timestamp": 1731913038.8806846,
            "method": "auto"
        },
        "2": {
            "i0": -0.01827876427672636,
            "q0": 0.013088102199385776,
            "lo_mode_id": 2,
            "dc_gain": 0.007375604426242743,
            "dc_phase": 0.165137619997538,
            "temperature": 60.375,
            "timestamp": 1731913052.3317523,
            "method": "auto"
        },
        "3": {
            "i0": -0.011399708976367143,
            "q0": 0.0011490421464444437,
            "lo_mode_id": 3,
            "dc_gain": -0.013905339111631276,
            "dc_phase": 0.04114999970309035,
            "temperature": 50.875,
            "timestamp": 1731913065.6247091,
            "method": "auto"
        },
        "4": {
            "i0": -0.00037873704367514356,
            "q0": 0.00220502781918616,
            "lo_mode_id": 4,
            "dc_gain": -0.014174130768619952,
            "dc_phase": 0.046323380690474106,
            "temperature": 57.75,
            "timestamp": 1731913078.8978117,
            "method": "auto"
        },
        "5": {
            "i0": -0.013337853178969305,
            "q0": 0.010069075764192874,
            "lo_mode_id": 5,
            "dc_gain": 0.0012920930468844904,
            "dc_phase": -0.08160901958036763,
            "temperature": 52.5,
            "timestamp": 1731913092.3882327,
            "method": "auto"
        },
        "6": {
            "i0": 0.009783183458014266,
            "q0": 0.017284612254413436,
            "lo_mode_id": 6,
            "dc_gain": -0.006554453426608542,
            "dc_phase": 0.03748546943516172,
            "temperature": 56.125,
            "timestamp": 1731913105.1663024,
            "method": "auto"
        },
        "7": {
            "i0": 0.0023814460428881906,
            "q0": -0.01677693718215726,
            "lo_mode_id": 1,
            "dc_gain": -0.0026981290429165528,
            "dc_phase": -0.06330612274540007,
            "temperature": 58.9375,
            "timestamp": 1732019661.5524466,
            "method": "auto"
        },
        "8": {
            "i0": -0.018072935000068624,
            "q0": 0.013253224157161705,
            "lo_mode_id": 2,
            "dc_gain": 0.009074960439415136,
            "dc_phase": 0.1651776325246973,
            "temperature": 60.4375,
            "timestamp": 1732019675.143733,
            "method": "auto"
        },
        "9": {
            "i0": -0.011384864262000723,
            "q0": 0.001011056817453599,
            "lo_mode_id": 3,
            "dc_gain": -0.013372826182082131,
            "dc_phase": 0.04078386175826649,
            "temperature": 50.875,
            "timestamp": 1732019688.508989,
            "method": "auto"
        },
        "10": {
            "i0": -0.0003790397265408534,
            "q0": 0.002213485347704219,
            "lo_mode_id": 4,
            "dc_gain": -0.014179239863384985,
            "dc_phase": 0.04651509902704887,
            "temperature": 57.75,
            "timestamp": 1732019701.7667599,
            "method": "auto"
        },
        "11": {
            "i0": -0.01333564095517327,
            "q0": 0.01010729779561029,
            "lo_mode_id": 5,
            "dc_gain": 0.0012534724485584459,
            "dc_phase": -0.08163612819391905,
            "temperature": 52.5625,
            "timestamp": 1732019714.7797716,
            "method": "auto"
        },
        "12": {
            "i0": 0.0097893541115583,
            "q0": 0.017311678790542115,
            "lo_mode_id": 6,
            "dc_gain": -0.006537833266355042,
            "dc_phase": 0.03764651525376183,
            "temperature": 56.25,
            "timestamp": 1732019727.9175775,
            "method": "auto"
        }
    },
    "if_modes": {
        "1": {
            "lo_mode_id": 1,
            "if_freq": -222708788,
            "latest": 1
        },
        "2": {
            "lo_mode_id": 1,
            "if_freq": 25307050,
            "latest": 2
        },
        "3": {
            "lo_mode_id": 1,
            "if_freq": 124454070,
            "latest": 3
        },
        "4": {
            "lo_mode_id": 1,
            "if_freq": 341682301,
            "latest": 4
        },
        "5": {
            "lo_mode_id": 1,
            "if_freq": 278584183,
            "latest": 5
        },
        "6": {
            "lo_mode_id": 2,
            "if_freq": 103071869,
            "latest": 6
        },
        "7": {
            "lo_mode_id": 3,
            "if_freq": 72717304,
            "latest": 7
        },
        "8": {
            "lo_mode_id": 4,
            "if_freq": -117059516,
            "latest": 8
        },
        "9": {
            "lo_mode_id": 5,
            "if_freq": 115016707,
            "latest": 9
        },
        "10": {
            "lo_mode_id": 6,
            "if_freq": -157375121,
            "latest": 10
        },
        "11": {
            "lo_mode_id": 1,
            "if_freq": -222658788,
            "latest": 11
        },
        "12": {
            "lo_mode_id": 1,
            "if_freq": 25487050,
            "latest": 12
        },
        "13": {
            "lo_mode_id": 1,
            "if_freq": 124544070,
            "latest": 13
        },
        "14": {
            "lo_mode_id": 1,
            "if_freq": 341095341,
            "latest": 14
        },
        "15": {
            "lo_mode_id": 1,
            "if_freq": 278474183,
            "latest": 15
        },
        "16": {
            "lo_mode_id": 2,
            "if_freq": 99778167,
            "latest": 16
        },
        "17": {
            "lo_mode_id": 3,
            "if_freq": 72750792,
            "latest": 17
        },
        "18": {
            "lo_mode_id": 4,
            "if_freq": -117015366,
            "latest": 18
        },
        "19": {
            "lo_mode_id": 5,
            "if_freq": 114783486,
            "latest": 19
        },
        "20": {
            "lo_mode_id": 6,
            "if_freq": -157205900,
            "latest": 20
        }
    },
    "if_cal": {
        "1": {
            "if_mode_id": 1,
            "gain": -0.022402907450404064,
            "phase": 0.036152394545467564,
            "temperature": 58.8125,