{
    "nqubits": 5,
    "settings": {
        "nshots": 2048,
        "relaxation_time": 100000
    },
    "qubits": [
        "D1",
        "D2",
        "D3",
        "D4",
        "D5"
    ],
    "topology": [
        [
            "D1",
            "D2"
        ],
        [
            "D1",
            "D3"
        ],
        [
            "D2",
            "D4"
        ],
        [
            "D3",
            "D4"
        ],
        [
            "D4",
            "D5"
        ]
    ],
    "instruments": {
        "qm": {
            "bounds": {
                "waveforms": 40000,
                "readout": 30,
                "instructions": 1000000
            }
        },
        "twpaD": {}
    },
    "components": {
        "twpaD": {
            "frequency": 6149000000,
            "power": -2.6
        },
        "readoutD_lo": {
            "frequency": 7450000000,
            "power": 0
        },
        "driveD5_lo": {
            "frequency": 5700000000,
            "power": 0
        },
        "driveD2D3_lo": {
            "frequency": 5700000000,
            "power": 0
        },
        "driveD4_lo": {
            "frequency": 6400000000,
            "power": 0
        },
        "driveD1_lo": {
            "frequency": 5100000000,
            "power": 0
        },
        "readoutD1": {
            "frequency": 7137520000
        },
        "acquireD1": {
            "delay": 224,
            "smearing": 0,
            "threshold": 0.001991798128011722,
            "iq_angle": -0.7088818070239516,
            "gain": 10,
            "offset": 0.0
        },
        "driveD1": {
            "frequency": 4957511346
        },
        "fluxD1": {
            "offset": 0.31394651971665033,
            "filter": {}
        },
        "readoutD2": {
            "frequency": 7379568000
        },
        "acquireD2": {
            "delay": 224,
            "smearing": 0,
            "threshold": 0.002578995377684328,
            "iq_angle": -0.8174919819731508,
            "gain": 10,
            "offset": 0.0
        },
        "driveD2": {
            "frequency": 5563745712
        },
        "fluxD2": {
            "offset": -0.2693102674878147,
            "filter": {}
        },
        "readoutD3": {
            "frequency": 7490960000
        },
        "acquireD3": {
            "delay": 224,
            "smearing": 0,
            "threshold": 0.002421164775577672,
            "iq_angle": -2.6686105138809664,
            "gain": 10,
            "offset": 0.0
        },
        "driveD3": {
            "frequency": 5652307573
        },
        "fluxD3": {
            "offset": -0.17830274314573707,
            "filter": {}
        },
        "readoutD4": {
            "frequency": 7706570000
        },
        "acquireD4": {
            "delay": 224,
            "smearing": 0,
            "threshold": 0.0015434116678446636,
            "iq_angle": -1.778196646998974,
            "gain": 10,
            "offset": 0.0
        },
        "driveD4": {
            "frequency": 6249230083
        },
        "fluxD4": {
            "offset": -0.4329726183619601,
            "filter": {}
        },
        "readoutD5": {
            "frequency": 7636110000
        },
        "acquireD5": {
            "delay": 224,
            "smearing": 0,
            "gain": 10,
            "threshold": 0.0033522577119041714,
            "iq_angle": 0.8468743612250454,
            "offset": 0.0
        },
        "driveD5": {
            "frequency": 5526780884
        },
        "fluxD5": {
            "offset": -0.5,
            "filter": {}
        }
    },
    "native_gates": {
        "single_qubit": {
            "D1": {
                "RX": [
                    ["driveD1",
                        {
                            "duration": 40.0,
                            "amplitude": 0.041440192558470756,
                            "envelope": {
                                "kind": "gaussian",
                                "rel_sigma": 0.2
                            },
                            "type": "qd"
                        }
                    ]
                ],
                "MZ": [
                    ["readoutD1",
                        {
                            "duration": 2000.0,
                            "amplitude": 0.0015,
                            "envelope": {
                                "kind": "rectangular"
                            },
                            "type": "ro"
                        }
                    ]
                ]
            },
            "D2": {
                "RX": [
                    ["driveD2",
                        {
                            "duration": 40.0,
                            "amplitude": 0.05515511034194706,
                            "envelope": {
                                "kind": "gaussian",
                                "rel_sigma": 0.2
                            },
                            "type": "qd"
                        }
                    ]
                ],
                "MZ": [
                    ["readoutD2",
                        {
                            "duration": 2000.0,
                            "amplitude": 0.0012,
                            "envelope": {
                                "kind": "rectangular"
                            },
                            "type": "ro"
                        }
                    ]
                ]
            },
            "D3": {
                "RX": [
                    ["driveD3",
                        {
                            "duration": 40.0,
                            "amplitude": 0.07072246628636102,
                            "envelope": {
                                "kind": "gaussian",
                                "rel_sigma": 0.2
                            },
                            "type": "qd"
                        }
                    ]
                    ],
                "MZ": [
                    ["readoutD3",
                        {
                            "duration": 2000.0,
                            "amplitude": 0.0009,
                            "envelope": {
                                "kind": "rectangular"
                            },
                            "type": "ro"
                        }
                    ]
                ]
            },
            "D4": {
                "RX": [
                    ["driveD4",
                        {
                            "duration": 40.0,
                            "amplitude": 0.08027867962133999,
                            "envelope": {
                                "kind": "gaussian",
                                "rel_sigma": 0.2
                            },
                            "type": "qd"
                        }
                    ]
                ],
                "MZ": [
                    ["readoutD4",
                        {
                            "duration": 2000.0,
                            "amplitude": 0.002,
                            "envelope": {
                                "kind": "rectangular"
                            },
                            "type": "ro"
                        }
                    ]
                ]
            },
            "D5": {
                "RX": [
                    ["driveD5",
                        {
                            "duration": 40.0,
                            "amplitude": 0.065,
                            "envelope": {
                                "kind": "gaussian",
                                "rel_sigma": 0.2
                            },
                            "type": "qd"
                        }
                    ]
                ],
                "MZ": [
                    ["readoutD5",
                        {
                            "duration": 2000.0,