{
  "single_qubits": {
    "0": {
      "resonator": {
        "bare_frequency": 5221992000,
        "dressed_frequency": 5233546306
      },
      "qubit": {
        "frequency_01": 4103156133,
        "sweetspot": 0.0344
      },
      "readout": {
        "fidelity": 0.8682626721947305,
        "ground_state": [-0.0025675042717070748, 0.0045975322315586755],
        "excited_state": [-0.001626799305526993, 0.009128466307695572]
      },
      "t1": [19200, null],
      "t2": [25000, null],
      "t2_spin_echo": [25000, null],
      "rb_fidelity": [0.0, null]
    }
  },
  "two_qubits": {}
}
