{
    "single_qubits": {
        "0": {
            "resonator": {
                "bare_frequency": 7390899988.301702,
                "dressed_frequency": 7417124673.164956,
                "depletion_time": null,
                "bare_frequency_amplitude": 1.0
            },
            "qubit": {
                "frequency_01": 4774766374.0,
                "frequency_12": 4558268326.959584,
                "maximum_frequency": null,
                "asymmetry": null,
                "sweetspot": 0.3791308111355492,
                "flux_coefficients": null
            },
            "readout": {
                "fidelity": 0.8494694960212202,
                "coupling": 29131570.99637529,
                "effective_temperature": 0.0786574145857351,
                "ground_state": [
                    0.002885453815889599,
                    -0.00020516357554572104
                ],
                "excited_state": [
                    0.0033202030143096068,
                    0.0031635037332241366
                ],
                "qudits_frequency": {
                    "1": 7200682124.76598
                }
            },
            "t1": [
                51002.06964562291,
                2306.49446492956
            ],
            "t2": [
                11062.26402485454,
                377.82528816342733
            ],
            "t2_spin_echo": [
                53148.96160090136,
                2870.949026801005
            ],
            "rb_fidelity": [
                0.0,
                null
            ]
        },
        "1": {
            "resonator": {
                "bare_frequency": 7624790041.628027,
                "dressed_frequency": 7620000000.0,
                "depletion_time": null,
                "bare_frequency_amplitude": 0.1
            },
            "qubit": {
                "frequency_01": 4815650815.0,
                "frequency_12": 4598837502.542103,
                "maximum_frequency": null,
                "asymmetry": null,
                "sweetspot": 0.16440410064616673,
                "flux_coefficients": null
            },
            "readout": {
                "fidelity": 0.8373679283134947,
                "coupling": 30924602.616027847,
                "effective_temperature": 0.0906192378306401,
                "ground_state": [
                    0.0008512365937099124,
                    -0.002039048294560737
                ],
                "excited_state": [
                    0.0020160331366949184,
                    0.0003056468512884235
                ],
                "qudits_frequency": {
                    "1": 7334161351.774613
                }
            },
            "t1": [
                38338.77538607873,
                1448.6970994811459
            ],
            "t2": [
                23177.87615925842,
                693.2217221464523
            ],
            "t2_spin_echo": [
                35582.95893597072,
                1439.058431617064
            ],
            "rb_fidelity": [
                0.0,
                null
            ]
        },
        "2": {
            "resonator": {
                "bare_frequency": 7753473891.722596,
                "dressed_frequency": 7757031398.947359,
                "depletion_time": null,
                "bare_frequency_amplitude": 1.0
            },
            "qubit": {
                "frequency_01": 5518521125.0,
                "frequency_12": 5307639180.46136,
                "maximum_frequency": null,
                "asymmetry": null,
                "sweetspot": -0.08329817788734344,
                "flux_coefficients": [
                    60.60370787641982,
                    -0.028527152480155128,
                    0.00030016721829152526
                ]
            },
            "readout": {
                "fidelity": 0.8992042440318303,
                "coupling": 25065168.03005157,
                "effective_temperature": 0.06979269757136507,
                "ground_state": [
                    0.001241457247642859,
                    -0.0030745671672139105
                ],
                "excited_state": [
                    0.003950273877214386,
                    0.000725110921203184
                ],
                "qudits_frequency": {
                    "1": 7495530776.040377
                }
            },
            "t1": [
                36004.134852307325,
                1089.1162609868989
            ],
            "t2": [
                9017.850370904544,
                249.302456635688
            ],
            "t2_spin_echo": [
                37928.800847075414,
                1588.0071000590317
            ],
            "rb_fidelity": [
                0.0,
                null
            ]
        },
        "3": {
            "resonator": {
                "bare_frequency": 7976332660.616152,
                "dressed_frequency": 7976332660.616152,
                "depletion_time": null,
                "bare_frequency_amplitude": 1.0
            },
            "qubit": {
                "frequency_01": 6333592961.0,
                "frequency_12": 6126341382.623346,
                "maximum_frequency": null,
                "asymmetry": null,
                "sweetspot": -0.23304304921743593,
                "flux_coefficients": [
                    62.264266752260575,
                    -0.04758161300178534,
                    0.0004063229934912003
                ]
            },
            "readout": {
                "fidelity": 0.9011936339522546,
                "coupling": 53153319.60249609,
                "effective_temperature": 0.08700798837775235,
                "ground_state": [
                    -0.0000724303433652333,
                    0.0023327059166556433
                ],
                "excited_state": [
                    -0.0028617192592122315,
                    0.0010370041184032015
                ],
                "qudits_frequency": {
                    "1": 7654427255.677758
                }
            },
            "t1": [
                37242.53841748631,
                1081.7042099114624
            ],
            "t2": [
                26129.26712143675,
                1141.2399823582005
            ],
            "t2_spin_echo": [
                37291.29680497299,
                1522.5036518903955
            ],
            "rb_fidelity": [
                0.0,
                null
            ]
        },
        "4": {
            "resonator": {
                "bare_frequency": 8000000000.0,
                "dressed_frequency": 7791368551.0,
                "depletion_time": null,
                "bare_frequency_amplitude": null
            },
            "qubit": {
                "frequency_01": 6242753964.0,
                "frequency_12": 6041421968.146196,
                "maximum_frequency": null,
                "asymmetry": null,
                "sweetspot": -0.24,
                "flux_coefficients": [
                    69.82678788195469,
                    -0.03465251296265737,
                    0.0003602023870738302
                ]
            },
            "readout": {
                "fidelity": 0.9283819628647215,
                "coupling": 20040933.47171559,
                "effective_temperature": 0.07847255411760858,
                "ground_state": [
                    -0.001721794858362005,
                    -0.00043978670315940023
                ],
                "excited_state": [
                    0.0005496531930663884,
                    -0.0020078118622192795
                ],
                "qudits_frequency": {
                    "1": 7790849839.045315
                }
            },
            "t1": [
                37163.397058158705,
                1177.1614595323754
            ],
            "t2": [
                3389.576278677567,
                102.65556364551624
            ],