{
    "settings": {
        "nshots": 1000,
        "relaxation_time": 100000
    },
    "configs": {
        "twpa": {
            "kind": "oscillator",
            "frequency": 6225000000.0,
            "power": -6.4
        },
        "0/drive": {
            "kind": "iq",
            "frequency": 3880000000.0
        },
        "0/probe": {
            "kind": "iq",
            "frequency": 7417124673.164956
        },
        "0/acquisition": {
            "kind": "acquisition",
            "delay": 234.0,
            "smearing": 0.0,
            "threshold": 0.0017765468352263039,
            "iq_angle": -1.442449024778201,
            "kernel": null
        },
        "1/drive": {
            "kind": "iq",
            "frequency": 4020000000.0
        },
        "1/probe": {
            "kind": "iq",
            "frequency": 7624790041.628027
        },
        "1/acquisition": {
            "kind": "acquisition",
            "delay": 234.0,
            "smearing": 0.0,
            "threshold": -0.00016277748774058952,
            "iq_angle": -1.1097284144804158,
            "kernel": null
        },
        "qcm_rf0/o2/lo": {
            "kind": "oscillator",
            "frequency": 4632000000.0,
            "power": -10.0
        },
        "2/drive": {
            "kind": "iq",
            "frequency": 4800000000.0
        },
        "2/probe": {
            "kind": "iq",
            "frequency": 7757031398.947359
        },
        "2/acquisition": {
            "kind": "acquisition",
            "delay": 234.0,
            "smearing": 0.0,
            "threshold": 0.00016078854553621262,
            "iq_angle": -0.951460452002549,
            "kernel": null
        },
        "3/drive": {
            "kind": "iq",
            "frequency": 4340000000.0
        },
        "3/probe": {
            "kind": "iq",
            "frequency": 7976332660.616152
        },
        "3/acquisition": {
            "kind": "acquisition",
            "delay": 234.0,
            "smearing": 0.0,
            "threshold": 0.0005252731030922091,
            "iq_angle": 2.706723432685413,
            "kernel": null
        },
        "qrm_rf/o1/lo": {
            "kind": "oscillator",
            "frequency": 7520000000.0,
            "power": -52.0
        },
        "qcm_rf0/o1/lo": {
            "kind": "oscillator",
            "frequency": 3900000000.0,
            "power": -20.0
        },
        "qcm_rf1/o1/lo": {
            "kind": "oscillator",
            "frequency": 4300000000.0,
            "power": -8.0
        },
        "qcm_rf1/o2/lo": {
            "kind": "oscillator",
            "frequency": 4500000000.0,
            "power": -8.0
        },
        "qrm_rf/o1/mixer": {
            "kind": "iq-mixer",
            "offset_i": -12.3548526763916,
            "offset_q": -6.88454818725586,
            "scale_q": 1.055367350578308,
            "phase_q": 13.07525634765625
        },
        "qcm_rf0/o1/mixer": {
            "kind": "iq-mixer",
            "offset_i": -11.4176034927368,
            "offset_q": -1.96247279644012,
            "scale_q": 0.9600023627281189,
            "phase_q": -14.266953468322754
        },
        "qcm_rf0/o2/mixer": {
            "kind": "iq-mixer",
            "offset_i": -12.5811977386475,
            "offset_q": -15.7750959396362,
            "scale_q": 1.0030792951583862,
            "phase_q": -21.290374755859375
        },
        "qcm_rf1/o1/mixer": {
            "kind": "iq-mixer",
            "offset_i": -4.65652370452881,
            "offset_q": -0.244336202740669,
            "scale_q": 0.9651176929473877,
            "phase_q": -18.293394088745117
        },
        "qcm_rf1/o2/mixer": {
            "kind": "iq-mixer",
            "offset_i": -1.28422021865845,
            "offset_q": 3.15342593193054,
            "scale_q": 0.9774994254112244,
            "phase_q": -2.4224865436553955
        }
    },
    "native_gates": {
        "single_qubit": {
            "0": {
                "RX": [
                    [
                        "0/drive",
                        {
                            "kind": "pulse",
                            "duration": 40.0,
                            "amplitude": 0.2509974120421253,
                            "envelope": {
                                "kind": "drag",
                                "rel_sigma": 0.25,
                                "beta": -0.8877200835178028
                            },
                            "relative_phase": 0.0,
                            "chirp": null
                        }
                    ]
                ],
                "RX90": null,
                "RX12": null,
                "MZ": [
                    [
                        "0/acquisition",
                        {
                            "kind": "readout",
                            "acquisition": {
                                "kind": "acquisition",
                                "duration": 1600.0
                            },
                            "probe": {
                                "kind": "pulse",
                                "duration": 1500.0,
                                "amplitude": 0.3,
                                "envelope": {
                                    "kind": "rectangular"
                                },
                                "relative_phase": 0.0,
                                "chirp": null
                            },
                            "time_of_flight": 0.0
                        }
                    ]
                ],
                "CP": null
            },
            "1": {
                "RX": [
                    [
                        "1/drive",
                        {
                            "kind": "pulse",
                            "duration": 40.0,
                            "amplitude": 0.23447692097776127,
                            "envelope": {
                                "kind": "drag",
                                "rel_sigma": 0.25,
                                "beta": -0.47888166466856263
                            },
                            "relative_phase": 0.0,
                            "chirp": null
                        }
                    ]
                ],
                "RX90": null,
                "RX12": null,
                "MZ": [
                    [
                        "1/acquisition",
                        {
                            "kind": "readout",
                            "acquisition": {
                                "kind": "acquisition",
                                "duration": 1600.0
                            },
                            "probe": {
                                "kind": "pulse",
                                "duration": 1500.0,
                                "amplitude": 0.3,
                                "envelope": {
                                    "kind": "rectangular"
                                },
                                "relative_phase": 0.0,
                                "chirp": null
                            },
                            "time_of_flight": 0.0
                        }
                    ]
                ],
                "CP": null
            },
            "2": {
                "RX": [
                    [
                        "2/drive",
                        {
                            "kind": "pulse",
                            "duration": 40.0,
                            "amplitude": 0.23227568807126317,
                            "envelope": {
                                "kind": "drag",
                                "rel_sigma": 0.25,
                                "beta": -0.33107367886399736
                            },
                            "relative_phase": 0.0,