{
    "single_qubits": {
        "B1": {
            "resonator": {
                "bare_frequency": 7146395240.0,
                "dressed_frequency": 7110865136.0,
                "depletion_time": null,
                "bare_frequency_amplitude": 0.6
            },
            "qubit": {
                "frequency_01": 5000068886.0,
                "frequency_12": 4779067553.251697,
                "maximum_frequency": 5364503412.0,
                "asymmetry": null,
                "sweetspot": 14.829365766750218,
                "flux_coefficients": [
                    -2.0003470585601897,
                    0.017237811905519887,
                    0.03901614584437639
                ]
            },
            "readout": {
                "fidelity": 0.04426909188177078,
                "coupling": 32241638.428435594,
                "effective_temperature": -0.03669534418123531,
                "ground_state": [
                    -0.0019302735161855788,
                    -0.00010388520614717072
                ],
                "excited_state": [
                    -0.001977759578959164,
                    -0.00008149241229676938
                ],
                "qudits_frequency": {
                    "1": 7122164860.29066
                }
            },
            "t1": [
                13488.510827189242,
                309.87416698868543
            ],
            "t2": [
                20063.445017402348,
                954.653383513335
            ],
            "t2_spin_echo": [
                17451.21434918955,
                709.713997192959
            ],
            "rb_fidelity": [
                0.0,
                null
            ]
        },
        "B2": {
            "resonator": {
                "bare_frequency": 7392332635.0,
                "dressed_frequency": 7361026892.0,
                "depletion_time": null,
                "bare_frequency_amplitude": null
            },
            "qubit": {
                "frequency_01": 5954249165.0,
                "frequency_12": 5651827342.656521,
                "maximum_frequency": 5970408158.0,
                "asymmetry": null,
                "sweetspot": -0.07309893121980936,
                "flux_coefficients": [
                    -2.3818083900021954,
                    -0.37392385150815927,
                    -0.13461448019724132
                ]
            },
            "readout": {
                "fidelity": 0.9455664036378226,
                "coupling": 26932987.15192102,
                "effective_temperature": 0.010772356026587306,
                "ground_state": [
                    0.0032932592097089978,
                    -0.0009963355169134002
                ],
                "excited_state": [
                    0.009354185184940418,
                    -0.00021754601870419205
                ],
                "qudits_frequency": {
                    "1": 7368912354.728291
                }
            },
            "t1": [
                19360.88346980252,
                482.13236333853087
            ],
            "t2": [
                2479.4861193036813,
                145.58135037289705
            ],
            "t2_spin_echo": [
                12121.113911626036,
                405.8802180842636
            ],
            "rb_fidelity": [
                0.0,
                null
            ]
        },
        "B3": {
            "resonator": {
                "bare_frequency": 7492173053.0,
                "dressed_frequency": 7462519672.0,
                "depletion_time": null,
                "bare_frequency_amplitude": null
            },
            "qubit": {
                "frequency_01": 5685203669.0,
                "frequency_12": 5473844035.295739,
                "maximum_frequency": 6433817569.0,
                "asymmetry": null,
                "sweetspot": -33.1080515226949,
                "flux_coefficients": [
                    -2.022153690208504,
                    0.030857611381170744,
                    -0.01855427483593501
                ]
            },
            "readout": {
                "fidelity": 0.299050421291962,
                "coupling": 27302444.145566773,
                "effective_temperature": 0.02275878048535228,
                "ground_state": [
                    -0.0024238288116339404,
                    -0.0007651603282900324
                ],
                "excited_state": [
                    -0.005217870627377335,
                    -0.0021176899395812334
                ],
                "qudits_frequency": {
                    "1": 7471805225.803766
                }
            },
            "t1": [
                24664.987107572,
                1070.3204563205024
            ],
            "t2": [
                26935.518891906486,
                2249.7724348252195
            ],
            "t2_spin_echo": [
                25585.465480465366,
                1600.621515751508
            ],
            "rb_fidelity": [
                0.0,
                null
            ]
        },
        "B4": {
            "resonator": {
                "bare_frequency": 7708293729.0,
                "dressed_frequency": 7690259315.0,
                "depletion_time": null,
                "bare_frequency_amplitude": null
            },
            "qubit": {
                "frequency_01": 6811490532.0,
                "frequency_12": 6614449354.454563,
                "maximum_frequency": 6810720787.0,
                "asymmetry": null,
                "sweetspot": 0.4464569767777798,
                "flux_coefficients": [
                    -2.6111469928779063,
                    0.01006589514300028,
                    0.0005596833137488074
                ]
            },
            "readout": {
                "fidelity": 0.5736257857429451,
                "coupling": 8752004.356236028,
                "effective_temperature": 0.03158730543094166,
                "ground_state": [
                    -0.0023540836211358804,
                    0.0005878684585452254
                ],
                "excited_state": [
                    -0.0030890775275721465,
                    0.0026412178595722623
                ],
                "qudits_frequency": {
                    "1": 7695035131.866897
                }
            },
            "t1": [
                3119.473687984371,
                83.1066038925918
            ],
            "t2": [
                5482.911338598193,
                300.673834558629
            ],
            "t2_spin_echo": [
                6257.384185656371,
                347.726633586778
            ],
            "rb_fidelity": [
                0.0,
                null
            ]
        },
        "B5": {
            "resonator": {
                "bare_frequency": 7638064745.0,
                "dressed_frequency": 7635392187.0,
                "depletion_time": null,
                "bare_frequency_amplitude": null
            },
            "qubit": {
                "frequency_01": 5741831041.0,
                "frequency_12": 5524827563.515728,
                "maximum_frequency": 5740784679.0,
                "asymmetry": null,
                "sweetspot": 0.005460041531160476,
                "flux_coefficients": [
                    -2.3743355613599006,
                    -0.5524730159137231,
                    -0.00018630999480010084
                ]
            },
            "readout": {
                "fidelity": 0.9646917212785877,
                "coupling": 27646797.5158317,
                "effective_temperature": 0.008952603359291903,
                "ground_state": [
                    -0.001259317796142054,
                    0.00023904014797218934
                ],
                "excited_state": [
                    -0.007557586019304932,
                    -0.002483692681333415
                ],