{
    "single_qubits": {
        "B1": {
            "resonator": {
                "bare_frequency": 7146395240.0,
                "dressed_frequency": 7110865136.0,
                "depletion_time": null,
                "bare_frequency_amplitude": 0.6
            },
            "qubit": {
                "frequency_01": 5000068886.0,
                "frequency_12": 4779067553.251697,
                "maximum_frequency": 5364503412.0,
                "asymmetry": null,
                "sweetspot": 14.829365766750218,
                "flux_coefficients": [
                    -2.0003470585601897,
                    0.017237811905519887,
                    0.03901614584437639
                ]
            },
            "readout": {
                "fidelity": 0.03183094824127322,
                "coupling": 32241638.428435594,
                "effective_temperature": -0.023322591542354554,
                "ground_state": [
                    -0.002032747240886875,
                    0.00010567180248836277
                ],
                "excited_state": [
                    -0.002028454493213596,
                    0.00015325883399185466
                ],
                "qudits_frequency": {
                    "1": 7122164860.29066
                }
            },
            "t1": [
                13488.510827189242,
                309.87416698868543
            ],
            "t2": [
                20063.445017402348,
                954.653383513335
            ],
            "t2_spin_echo": [
                17451.21434918955,
                709.713997192959
            ],
            "rb_fidelity": [
                0.0,
                null
            ]
        },
        "B2": {
            "resonator": {
                "bare_frequency": 7392332635.0,
                "dressed_frequency": 7361026892.0,
                "depletion_time": null,
                "bare_frequency_amplitude": null
            },
            "qubit": {
                "frequency_01": 5954249165.0,
                "frequency_12": 5651827342.656521,
                "maximum_frequency": 5970408158.0,
                "asymmetry": null,
                "sweetspot": -0.07309893121980936,
                "flux_coefficients": [
                    -2.3818083900021954,
                    -0.37392385150815927,
                    -0.13461448019724132
                ]
            },
            "readout": {
                "fidelity": 0.9454326601578174,
                "coupling": 26932987.15192102,
                "effective_temperature": 0.010772962887413848,
                "ground_state": [
                    0.003368990303916087,
                    -0.0012892708514110056
                ],
                "excited_state": [
                    0.009632358628689996,
                    -0.0011383770777330339
                ],
                "qudits_frequency": {
                    "1": 7368912354.728291
                }
            },
            "t1": [
                19360.88346980252,
                482.13236333853087
            ],
            "t2": [
                2479.4861193036813,
                145.58135037289705
            ],
            "t2_spin_echo": [
                12121.113911626036,
                405.8802180842636
            ],
            "rb_fidelity": [
                0.0,
                null
            ]
        },
        "B3": {
            "resonator": {
                "bare_frequency": 7492173053.0,
                "dressed_frequency": 7462519672.0,
                "depletion_time": null,
                "bare_frequency_amplitude": null
            },
            "qubit": {
                "frequency_01": 5685203669.0,
                "frequency_12": 5473844035.295739,
                "maximum_frequency": 6433817569.0,
                "asymmetry": null,
                "sweetspot": -33.1080515226949,
                "flux_coefficients": [
                    -2.022153690208504,
                    0.030857611381170744,
                    -0.01855427483593501
                ]
            },
            "readout": {
                "fidelity": 0.34773304801390936,
                "coupling": 27302444.145566773,
                "effective_temperature": 0.023551583748461637,
                "ground_state": [
                    -0.0030324601372806663,
                    -0.0007778612898533195
                ],
                "excited_state": [
                    -0.006563506312483977,
                    -0.0018137703628898448
                ],
                "qudits_frequency": {
                    "1": 7471805225.803766
                }
            },
            "t1": [
                24664.987107572,
                1070.3204563205024
            ],
            "t2": [
                26935.518891906486,
                2249.7724348252195
            ],
            "t2_spin_echo": [
                25585.465480465366,
                1600.621515751508
            ],
            "rb_fidelity": [
                0.0,
                null
            ]
        },
        "B4": {
            "resonator": {
                "bare_frequency": 7708293729.0,
                "dressed_frequency": 7690259315.0,
                "depletion_time": null,
                "bare_frequency_amplitude": null
            },
            "qubit": {
                "frequency_01": 6811490532.0,
                "frequency_12": 6614449354.454563,
                "maximum_frequency": 6810720787.0,
                "asymmetry": null,
                "sweetspot": 0.4464569767777798,
                "flux_coefficients": [
                    -2.6111469928779063,
                    0.01006589514300028,
                    0.0005596833137488074
                ]
            },
            "readout": {
                "fidelity": 0.5681423030627257,
                "coupling": 8752004.356236028,
                "effective_temperature": 0.040595372416135846,
                "ground_state": [
                    -0.00252420861221019,
                    0.000823831673209914
                ],
                "excited_state": [
                    -0.0030738801288225284,
                    0.0031472925673206175
                ],
                "qudits_frequency": {
                    "1": 7695035131.866897
                }
            },
            "t1": [
                3119.473687984371,
                83.1066038925918
            ],
            "t2": [
                5482.911338598193,
                300.673834558629
            ],
            "t2_spin_echo": [
                6257.384185656371,
                347.726633586778
            ],
            "rb_fidelity": [
                0.0,
                null
            ]
        },
        "B5": {
            "resonator": {
                "bare_frequency": 7638064745.0,
                "dressed_frequency": 7635392187.0,
                "depletion_time": null,
                "bare_frequency_amplitude": null
            },
            "qubit": {
                "frequency_01": 5741831041.0,
                "frequency_12": 5524827563.515728,
                "maximum_frequency": 5740784679.0,
                "asymmetry": null,
                "sweetspot": 0.005460041531160476,
                "flux_coefficients": [
                    -2.3743355613599006,
                    -0.5524730159137231,
                    -0.00018630999480010084
                ]
            },
            "readout": {
                "fidelity": 0.9731175605189246,
                "coupling": 27646797.5158317,
                "effective_temperature": 0.009479054816014146,
                "ground_state": [
                    -0.0013544384613444985,
                    0.0003550217074551165
                ],
                "excited_state": [
                    -0.008133676692283423,
                    -0.0018689240919000343
                ],