{
    "single_qubits": {
        "D0": {
            "resonator": {
                "bare_frequency": 7078013178.0,
                "dressed_frequency": 7078013178.0,
                "depletion_time": null,
                "bare_frequency_amplitude": 0.8
            },
            "qubit": {
                "frequency_01": 4000000000.0,
                "frequency_12": 4000000000.0,
                "maximum_frequency": null,
                "asymmetry": null,
                "sweetspot": 0.0,
                "flux_coefficients": null
            },
            "readout": {
                "fidelity": 0.0,
                "coupling": 0.0,
                "effective_temperature": 0.0,
                "ground_state": [
                    0.0,
                    0.0
                ],
                "excited_state": [
                    0.0,
                    0.0
                ],
                "qudits_frequency": {}
            },
            "t1": [
                0.0,
                0.0
            ],
            "t2": [
                0.0,
                0.0
            ],
            "t2_spin_echo": [
                0.0,
                0.0
            ],
            "rb_fidelity": [
                0.0,
                0.0
            ]
        },
        "D1": {
            "resonator": {
                "bare_frequency": 7184236722.0,
                "dressed_frequency": 7185586722.0,
                "depletion_time": null,
                "bare_frequency_amplitude": 0.8
            },
            "qubit": {
                "frequency_01": 4578167908.0,
                "frequency_12": 4000000000.0,
                "maximum_frequency": null,
                "asymmetry": null,
                "sweetspot": 0.0,
                "flux_coefficients": null
            },
            "readout": {
                "fidelity": 0.909814323607427,
                "coupling": 0.0,
                "effective_temperature": 0.06257917655707108,
                "ground_state": [
                    0.00046605638801829925,
                    0.0009756218149623243
                ],
                "excited_state": [
                    0.0011429328550936286,
                    0.0043377304433349405
                ],
                "qudits_frequency": {
                    "1": 7186694346.069731
                }
            },
            "t1": [
                30093.123217185355,
                219.55987270748136
            ],
            "t2": [
                0.0,
                0.0
            ],
            "t2_spin_echo": [
                0.0,
                0.0
            ],
            "rb_fidelity": [
                0.0,
                0.0
            ]
        },
        "D2": {
            "resonator": {
                "bare_frequency": 7296227596.0,
                "dressed_frequency": 7299334885.0,
                "depletion_time": null,
                "bare_frequency_amplitude": 0.8
            },
            "qubit": {
                "frequency_01": 4819810357.0,
                "frequency_12": 4000000000.0,
                "maximum_frequency": null,
                "asymmetry": null,
                "sweetspot": 0.0,
                "flux_coefficients": null
            },
            "readout": {
                "fidelity": 0.8746684350132626,
                "coupling": 0.0,
                "effective_temperature": 0.06588223539024017,
                "ground_state": [
                    0.00006717736411488197,
                    -0.0005081928566096197
                ],
                "excited_state": [
                    0.0008123815145149992,
                    -0.0025464317322756104
                ],
                "qudits_frequency": {}
            },
            "t1": [
                38232.803993693014,
                585.4341976163626
            ],
            "t2": [
                0.0,
                0.0
            ],
            "t2_spin_echo": [
                0.0,
                0.0
            ],
            "rb_fidelity": [
                0.0,
                0.0
            ]
        },
        "D3": {
            "resonator": {
                "bare_frequency": 7389854720.0,
                "dressed_frequency": 7390486842.0,
                "depletion_time": null,
                "bare_frequency_amplitude": 0.8
            },
            "qubit": {
                "frequency_01": 5123127380.457178,
                "frequency_12": 4863120324.579045,
                "maximum_frequency": null,
                "asymmetry": null,
                "sweetspot": 0.0,
                "flux_coefficients": null
            },
            "readout": {
                "fidelity": 0.9177718832891246,
                "coupling": 39361698.608191706,
                "effective_temperature": 0.048115930945336886,
                "ground_state": [
                    0.0006598710464932012,
                    -0.0013651809815187596
                ],
                "excited_state": [
                    0.0014550186013302766,
                    -0.00018598479498366618
                ],
                "qudits_frequency": {
                    "1": 7389120192.169231
                }
            },
            "t1": [
                31522.26861351644,
                466.49496330090204
            ],
            "t2": [
                0.0,
                0.0
            ],
            "t2_spin_echo": [
                0.0,
                0.0
            ],
            "rb_fidelity": [
                0.0,
                0.0
            ]
        },
        "D4": {
            "resonator": {
                "bare_frequency": 7490178792.0,
                "dressed_frequency": 7493387529.0,
                "depletion_time": null,
                "bare_frequency_amplitude": 0.8
            },
            "qubit": {
                "frequency_01": 4987881381.0,
                "frequency_12": null,
                "maximum_frequency": null,
                "asymmetry": null,
                "sweetspot": 0.0,
                "flux_coefficients": null
            },
            "readout": {
                "fidelity": 0.9157824933687002,
                "coupling": 34246879.046441644,
                "effective_temperature": 0.061102882468627315,
                "ground_state": [
                    -0.0006053398617737851,
                    -0.0010362761957274824
                ],
                "excited_state": [
                    0.0006909299239749182,
                    -0.000919587634877462
                ],
                "qudits_frequency": {
                    "1": 7492442969.683224
                }
            },
            "t1": [
                19435.31194993985,
                116.48784298634568
            ],
            "t2": [
                0.0,
                0.0
            ],
            "t2_spin_echo": [
                0.0,
                0.0
            ],
            "rb_fidelity": [
                0.0,
                0.0
            ]
        }
    },
    "two_qubits": {
        "D0-D1": {
            "rb_fidelity": [
                0.0,
                null
            ],
            "cz_fidelity": [
                0.0,
                null
            ],
            "coupling": null
        },
        "D1-D0": {
            "rb_fidelity": [
                0.0,
                null
            ],
            "cz_fidelity": [
                0.0,
                null
            ],
            "coupling": null
        },
        "D1-D2": {
            "rb_fidelity": [
                0.0,
                null
            ],
            "cz_fidelity": [
                0.0,
                null
            ],
            "coupling": null
        },
        "D2-D1": {
            "rb_fidelity": [
                0.0,
                null
            ],
            "cz_fidelity": [
                0.0,
                null
            ],