{
    "single_qubits": {
        "D0": {
            "resonator": {
                "bare_frequency": 7078013178.0,
                "dressed_frequency": 7078013178.0,
                "depletion_time": null,
                "bare_frequency_amplitude": 0.8
            },
            "qubit": {
                "frequency_01": 4000000000.0,
                "frequency_12": 4000000000.0,
                "maximum_frequency": null,
                "asymmetry": null,
                "sweetspot": 0.0,
                "flux_coefficients": null
            },
            "readout": {
                "fidelity": 0.0,
                "coupling": 0.0,
                "effective_temperature": 0.0,
                "ground_state": [
                    0.0,
                    0.0
                ],
                "excited_state": [
                    0.0,
                    0.0
                ],
                "qudits_frequency": {}
            },
            "t1": [
                0.0,
                0.0
            ],
            "t2": [
                0.0,
                0.0
            ],
            "t2_spin_echo": [
                0.0,
                0.0
            ],
            "rb_fidelity": [
                0.0,
                0.0
            ]
        },
        "D1": {
            "resonator": {
                "bare_frequency": 7184236722.0,
                "dressed_frequency": 7185586722.0,
                "depletion_time": null,
                "bare_frequency_amplitude": 0.8
            },
            "qubit": {
                "frequency_01": 4578167908.0,
                "frequency_12": 4000000000.0,
                "maximum_frequency": null,
                "asymmetry": null,
                "sweetspot": 0.0,
                "flux_coefficients": null
            },
            "readout": {
                "fidelity": 0.7877984084880637,
                "coupling": 0.0,
                "effective_temperature": 0.09046198206598575,
                "ground_state": [
                    0.000589603434569127,
                    0.0011328944076926825
                ],
                "excited_state": [
                    0.0013101135257781646,
                    0.004086652654657975
                ],
                "qudits_frequency": {
                    "1": 7186694346.069731
                }
            },
            "t1": [
                27589.105527093325,
                876.5804852690989
            ],
            "t2": [
                0.0,
                0.0
            ],
            "t2_spin_echo": [
                0.0,
                0.0
            ],
            "rb_fidelity": [
                0.0,
                0.0
            ]
        },
        "D2": {
            "resonator": {
                "bare_frequency": 7296227596.0,
                "dressed_frequency": 7299334885.0,
                "depletion_time": null,
                "bare_frequency_amplitude": 0.8
            },
            "qubit": {
                "frequency_01": 4819818648.779776,
                "frequency_12": 4000000000.0,
                "maximum_frequency": null,
                "asymmetry": null,
                "sweetspot": 0.0,
                "flux_coefficients": null
            },
            "readout": {
                "fidelity": 0.8713527851458885,
                "coupling": 0.0,
                "effective_temperature": 0.06384066182854206,
                "ground_state": [
                    -0.00022129356895790765,
                    0.000859257842838078
                ],
                "excited_state": [
                    -0.0015060585524005504,
                    0.002729504521723581
                ],
                "qudits_frequency": {}
            },
            "t1": [
                38232.803993693014,
                585.4341976163626
            ],
            "t2": [
                0.0,
                0.0
            ],
            "t2_spin_echo": [
                0.0,
                0.0
            ],
            "rb_fidelity": [
                0.0,
                0.0
            ]
        },
        "D3": {
            "resonator": {
                "bare_frequency": 7389854720.0,
                "dressed_frequency": 7390480938.0,
                "depletion_time": null,
                "bare_frequency_amplitude": 0.8
            },
            "qubit": {
                "frequency_01": 5123127380.457178,
                "frequency_12": 4000000000.0,
                "maximum_frequency": null,
                "asymmetry": null,
                "sweetspot": 0.0,
                "flux_coefficients": null
            },
            "readout": {
                "fidelity": 0.8076923076923077,
                "coupling": 0.0,
                "effective_temperature": 0.09278787938776753,
                "ground_state": [
                    0.000633039130041871,
                    0.0003997742069411726
                ],
                "excited_state": [
                    0.001239497148573509,
                    0.0013105664108308843
                ],
                "qudits_frequency": {}
            },
            "t1": [
                31522.26861351644,
                466.49496330090204
            ],
            "t2": [
                0.0,
                0.0
            ],
            "t2_spin_echo": [
                0.0,
                0.0
            ],
            "rb_fidelity": [
                0.0,
                0.0
            ]
        },
        "D4": {
            "resonator": {
                "bare_frequency": 7493366670.0,
                "dressed_frequency": 7493363485.0,
                "depletion_time": null,
                "bare_frequency_amplitude": 0.8
            },
            "qubit": {
                "frequency_01": 4987881381.0,
                "frequency_12": 4000000000.0,
                "maximum_frequency": null,
                "asymmetry": null,
                "sweetspot": 0.0,
                "flux_coefficients": null
            },
            "readout": {
                "fidelity": 0.9098143236074271,
                "coupling": 34216977.17545073,
                "effective_temperature": 0.06230769660496342,
                "ground_state": [
                    0.00018123363687918385,
                    0.0012064939079094357
                ],
                "excited_state": [
                    -0.0010056937823223224,
                    0.0006756319333850795
                ],
                "qudits_frequency": {
                    "1": 7492428845.224122
                }
            },
            "t1": [
                19435.31194993985,
                116.48784298634568
            ],
            "t2": [
                0.0,
                0.0
            ],
            "t2_spin_echo": [
                0.0,
                0.0
            ],
            "rb_fidelity": [
                0.0,
                0.0
            ]
        }
    },
    "two_qubits": {
        "D0-D1": {
            "rb_fidelity": [
                0.0,
                null
            ],
            "cz_fidelity": [
                0.0,
                null
            ],
            "coupling": null
        },
        "D1-D0": {
            "rb_fidelity": [
                0.0,
                null
            ],
            "cz_fidelity": [
                0.0,
                null
            ],
            "coupling": null
        },
        "D1-D2": {
            "rb_fidelity": [
                0.0,
                null
            ],
            "cz_fidelity": [
                0.0,
                null
            ],
            "coupling": null
        },
        "D2-D1": {
            "rb_fidelity": [
                0.0,
                null
            ],
            "cz_fidelity": [
                0.0,
                null
            ],
            "coupling": null
        },