{
    "single_qubits": {
        "q0": {
            "resonator": {
                "bare_frequency": 7077309980.0,
                "dressed_frequency": 7079254893.0,
                "depletion_time": null,
                "bare_frequency_amplitude": 1.0
            },
            "qubit": {
                "frequency_01": 3742469738.0,
                "frequency_12": 3625000000.0,
                "maximum_frequency": null,
                "asymmetry": null,
                "sweetspot": 0.0,
                "flux_coefficients": null
            },
            "readout": {
                "fidelity": 0.7360742705570292,
                "coupling": 30084207.65349222,
                "effective_temperature": 0.0635839148354313,
                "ground_state": [
                    0.004461709478724505,
                    -0.0013478935367391772
                ],
                "excited_state": [
                    0.0030261150755650753,
                    -0.0017129777807725357
                ],
                "qudits_frequency": {
                    "1": 7078712397.042058
                }
            },
            "t1": [
                1618.526245397889,
                51.83057971204159
            ],
            "t2": [
                2014.5846101519965,
                59.14887974579151
            ],
            "t2_spin_echo": [
                2723.3611002833513,
                64.08158868006144
            ],
            "rb_fidelity": [
                0.0,
                0.0
            ]
        },
        "q1": {
            "resonator": {
                "bare_frequency": 7166987526.0,
                "dressed_frequency": 7166987526.0,
                "depletion_time": null,
                "bare_frequency_amplitude": 1.0
            },
            "qubit": {
                "frequency_01": 3926832821.0,
                "frequency_12": 4000000000.0,
                "maximum_frequency": null,
                "asymmetry": null,
                "sweetspot": 0.0,
                "flux_coefficients": null
            },
            "readout": {
                "fidelity": 0.873,
                "coupling": 0.0,
                "effective_temperature": 0.05543126344212679,
                "ground_state": [
                    -0.00009533248656570591,
                    -0.00035843268197361994
                ],
                "excited_state": [
                    0.0007878915486077186,
                    -0.000887289936492428
                ],
                "qudits_frequency": {
                    "1": 7186694346.069731
                }
            },
            "t1": [
                19295.490762644367,
                755.4434546321468
            ],
            "t2": [
                2555.789221707512,
                121.57914683640458
            ],
            "t2_spin_echo": [
                6313.057005833865,
                520.8916103171308
            ],
            "rb_fidelity": [
                0.0,
                null
            ]
        },
        "q2": {
            "resonator": {
                "bare_frequency": 7267621966.0,
                "dressed_frequency": 7269860586.0,
                "depletion_time": null,
                "bare_frequency_amplitude": 1.0
            },
            "qubit": {
                "frequency_01": 3821841118.0978923,
                "frequency_12": 4000000000.0,
                "maximum_frequency": null,
                "asymmetry": null,
                "sweetspot": 0.0,
                "flux_coefficients": null
            },
            "readout": {
                "fidelity": null,
                "coupling": 0.0,
                "effective_temperature": 0.06588223539024017,
                "ground_state": [
                    0.00006717736411488197,
                    -0.0005081928566096197
                ],
                "excited_state": [
                    0.0008123815145149992,
                    -0.0025464317322756104
                ],
                "qudits_frequency": {}
            },
            "t1": null,
            "t2": null,
            "t2_spin_echo": null,
            "rb_fidelity": [
                0.0,
                null
            ]
        },
        "q3": {
            "resonator": {
                "bare_frequency": 7382074503.0,
                "dressed_frequency": 7384657760.0,
                "depletion_time": null,
                "bare_frequency_amplitude": 1.0
            },
            "qubit": {
                "frequency_01": 4000000000.0,
                "frequency_12": 4000000000.0,
                "maximum_frequency": null,
                "asymmetry": null,
                "sweetspot": 0.0,
                "flux_coefficients": null
            },
            "readout": {
                "fidelity": null,
                "coupling": 39361698.608191706,
                "effective_temperature": 0.048115930945336886,
                "ground_state": [
                    0.0006598710464932012,
                    -0.0013651809815187596
                ],
                "excited_state": [
                    0.0014550186013302766,
                    -0.00018598479498366618
                ],
                "qudits_frequency": {
                    "1": 7389120192.169231
                }
            },
            "t1": null,
            "t2": null,
            "t2_spin_echo": null,
            "rb_fidelity": [
                0.0,
                null
            ]
        },
        "q4": {
            "resonator": {
                "bare_frequency": 7493387529.0,
                "dressed_frequency": 7492549082.0,
                "depletion_time": null,
                "bare_frequency_amplitude": 0.8
            },
            "qubit": {
                "frequency_01": 4000000000.0,
                "frequency_12": 4000000000.0,
                "maximum_frequency": null,
                "asymmetry": null,
                "sweetspot": 0.0,
                "flux_coefficients": null
            },
            "readout": {
                "fidelity": null,
                "coupling": 34246879.046441644,
                "effective_temperature": 0.061102882468627315,
                "ground_state": [
                    -0.0006053398617737851,
                    -0.0010362761957274824
                ],
                "excited_state": [
                    0.0006909299239749182,
                    -0.000919587634877462
                ],
                "qudits_frequency": {
                    "1": 7492442969.683224
                }
            },
            "t1": null,
            "t2": null,
            "t2_spin_echo": null,
            "rb_fidelity": [
                0.0,
                null
            ]
        }
    },
    "two_qubits": {
        "q0-q1": {
            "rb_fidelity": [
                0.0,
                null
            ],
            "cz_fidelity": [
                0.0,
                null
            ],
            "coupling": null
        },
        "q1-q0": {
            "rb_fidelity": [
                0.0,
                null
            ],
            "cz_fidelity": [
                0.0,
                null
            ],
            "coupling": null
        },
        "q1-q2": {
            "rb_fidelity": [
                0.0,
                null
            ],
            "cz_fidelity": [
                0.0,
                null
            ],
            "coupling": null
        },
        "q2-q1": {
            "rb_fidelity": [
                0.0,
                null
            ],
            "cz_fidelity": [
                0.0,
                null
            ],
            "coupling": null
        },
        "q2-q3": {
            "rb_fidelity": [
                0.0,
                null
            ],
            "cz_fidelity": [
                0.0,
                null
            ],
            "coupling": null
        },