{
    "single_qubits": {
        "0": {
            "resonator": {
                "bare_frequency": 7063874350.018488,
                "dressed_frequency": 7063550574.478738,
                "depletion_time": null,
                "bare_frequency_amplitude": 1.0
            },
            "qubit": {
                "frequency_01": 4011505503.0,
                "frequency_12": null,
                "maximum_frequency": null,
                "asymmetry": null,
                "sweetspot": 0.0,
                "flux_coefficients": null
            },
            "readout": {
                "fidelity": 0.3123342175066314,
                "coupling": 37893039.1586464,
                "effective_temperature": 0.09253337999960848,
                "ground_state": [
                    0.00022798153869616549,
                    0.00029218652840843685
                ],
                "excited_state": [
                    0.00006268293395797051,
                    -0.00008983588010085988
                ],
                "qudits_frequency": {
                    "1": 7125994492.279291
                }
            },
            "t1": [
                35227.00127200906,
                0.0
            ],
            "t2": [
                13089.714711478351,
                0.0
            ],
            "t2_spin_echo": [
                26217.106891435193,
                0.0
            ],
            "rb_fidelity": [
                0.0,
                0.0
            ]
        },
        "1": {
            "resonator": {
                "bare_frequency": 7174983868.523569,
                "dressed_frequency": 7178054717.079078,
                "depletion_time": null,
                "bare_frequency_amplitude": 1.0
            },
            "qubit": {
                "frequency_01": 4081220953.0,
                "frequency_12": null,
                "maximum_frequency": null,
                "asymmetry": null,
                "sweetspot": 0.0,
                "flux_coefficients": null
            },
            "readout": {
                "fidelity": 0.43965517241379315,
                "coupling": 667834.0867967606,
                "effective_temperature": 0.2923477682673239,
                "ground_state": [
                    0.00025935132663608635,
                    -0.00012962691320544516
                ],
                "excited_state": [
                    0.0006209150538530798,
                    -0.0004918710696510001
                ],
                "qudits_frequency": {
                    "1": 7210029721.995961
                }
            },
            "t1": [
                19635.26940773619,
                0.0
            ],
            "t2": [
                16987.4357232036,
                0.0
            ],
            "t2_spin_echo": [
                20879.70548214635,
                0.0
            ],
            "rb_fidelity": [
                0.0,
                0.0
            ]
        },
        "2": {
            "resonator": {
                "bare_frequency": 7282006772.294818,
                "dressed_frequency": 7283676266.18137,
                "depletion_time": null,
                "bare_frequency_amplitude": 1.0
            },
            "qubit": {
                "frequency_01": 4284487136.9063034,
                "frequency_12": null,
                "maximum_frequency": null,
                "asymmetry": null,
                "sweetspot": 0.0,
                "flux_coefficients": null
            },
            "readout": {
                "fidelity": 0.8879310344827587,
                "coupling": 51742.34639501572,
                "effective_temperature": 0.06389994502323028,
                "ground_state": [
                    0.0019404689455234196,
                    -0.0015400842707543414
                ],
                "excited_state": [
                    0.00014190488305256774,
                    -0.0004703649687688564
                ],
                "qudits_frequency": {
                    "1": 7333756683.009291
                }
            },
            "t1": [
                0.0,
                0.0
            ],
            "t2": [
                0.0,
                0.0
            ],
            "t2_spin_echo": [
                0.0,
                0.0
            ],
            "rb_fidelity": [
                0.0,
                0.0
            ]
        },
        "3": {
            "resonator": {
                "bare_frequency": 7374000000.0,
                "dressed_frequency": 7376271322.618393,
                "depletion_time": null,
                "bare_frequency_amplitude": 1.0
            },
            "qubit": {
                "frequency_01": 4183878642.568408,
                "frequency_12": null,
                "maximum_frequency": null,
                "asymmetry": null,
                "sweetspot": 0.0,
                "flux_coefficients": null
            },
            "readout": {
                "fidelity": 0.0,
                "coupling": 0.0,
                "effective_temperature": 0.0,
                "ground_state": [
                    0.0,
                    0.0
                ],
                "excited_state": [
                    0.0,
                    0.0
                ],
                "qudits_frequency": {
                    "1": 7442901211.6987705
                }
            },
            "t1": [
                0.0,
                0.0
            ],
            "t2": [
                0.0,
                0.0
            ],
            "t2_spin_echo": [
                0.0,
                0.0
            ],
            "rb_fidelity": [
                0.0,
                0.0
            ]
        },
        "4": {
            "resonator": {
                "bare_frequency": 7480000000.0,
                "dressed_frequency": 7483000000.0,
                "depletion_time": null,
                "bare_frequency_amplitude": 1.0
            },
            "qubit": {
                "frequency_01": 4433661403.129785,
                "frequency_12": null,
                "maximum_frequency": null,
                "asymmetry": null,
                "sweetspot": 0.0,
                "flux_coefficients": null
            },
            "readout": {
                "fidelity": 0.0,
                "coupling": 0.0,
                "effective_temperature": 0.0,
                "ground_state": [
                    0.0,
                    0.0
                ],
                "excited_state": [
                    0.0,
                    0.0
                ],
                "qudits_frequency": {
                    "1": 7541702223.404738
                }
            },
            "t1": [
                0.0,
                0.0
            ],
            "t2": [
                0.0,
                0.0
            ],
            "t2_spin_echo": [
                0.0,
                0.0
            ],
            "rb_fidelity": [
                0.0,
                0.0
            ]
        }
    },
    "two_qubits": {},
    "readout_mitigation_matrix": null,
    "flux_crosstalk_matrix": null
}