{
    "single_qubits": {
        "0": {
            "resonator": {
                "bare_frequency": 7063874350.018488,
                "dressed_frequency": 7063715949.794794,
                "depletion_time": null,
                "bare_frequency_amplitude": 1.0
            },
            "qubit": {
                "frequency_01": 4011473154.319387,
                "frequency_12": null,
                "maximum_frequency": null,
                "asymmetry": null,
                "sweetspot": 0.0,
                "flux_coefficients": null
            },
            "readout": {
                "fidelity": 0.76,
                "coupling": 34033176.765598,
                "effective_temperature": 0.06013272813064159,
                "ground_state": [
                    -0.00025982811721307896,
                    0.0005923528857510641
                ],
                "excited_state": [
                    0.0004157096756683876,
                    -0.0005760957989049452
                ],
                "qudits_frequency": {
                    "1": 7062956995.020636
                }
            },
            "t1": [
                35227.00127200906,
                0.0
            ],
            "t2": [
                13089.714711478351,
                0.0
            ],
            "t2_spin_echo": [
                26217.106891435193,
                0.0
            ],
            "rb_fidelity": [
                0.0,
                0.0
            ]
        },
        "1": {
            "resonator": {
                "bare_frequency": 7174983868.523569,
                "dressed_frequency": 7178489358.686097,
                "depletion_time": null,
                "bare_frequency_amplitude": 1.0
            },
            "qubit": {
                "frequency_01": 4082247233.4766946,
                "frequency_12": null,
                "maximum_frequency": null,
                "asymmetry": null,
                "sweetspot": 0.0,
                "flux_coefficients": null
            },
            "readout": {
                "fidelity": 0.792258064516129,
                "coupling": 38280779.331666544,
                "effective_temperature": 0.07279089378482316,
                "ground_state": [
                    -0.0010308466470845064,
                    0.0007369737151533773
                ],
                "excited_state": [
                    0.00018924766202135134,
                    0.0003995566551628128
                ],
                "qudits_frequency": {
                    "1": 7177542780.216469
                }
            },
            "t1": [
                19635.26940773619,
                0.0
            ],
            "t2": [
                16987.4357232036,
                0.0
            ],
            "t2_spin_echo": [
                20879.70548214635,
                0.0
            ],
            "rb_fidelity": [
                0.0,
                0.0
            ]
        },
        "2": {
            "resonator": {
                "bare_frequency": 7282006772.294818,
                "dressed_frequency": 7283287014.144574,
                "depletion_time": null,
                "bare_frequency_amplitude": 1.0
            },
            "qubit": {
                "frequency_01": 4280040128.330203,
                "frequency_12": null,
                "maximum_frequency": null,
                "asymmetry": null,
                "sweetspot": 0.0,
                "flux_coefficients": null
            },
            "readout": {
                "fidelity": 0.8929032258064517,
                "coupling": 40055675.35173931,
                "effective_temperature": 0.06308510477428107,
                "ground_state": [
                    0.00005597399639640875,
                    0.003340521328856558
                ],
                "excited_state": [
                    0.0004753497118783847,
                    0.0009318558674027717
                ],
                "qudits_frequency": {
                    "1": 7282218532.47198
                }
            },
            "t1": [
                0.0,
                0.0
            ],
            "t2": [
                0.0,
                0.0
            ],
            "t2_spin_echo": [
                0.0,
                0.0
            ],
            "rb_fidelity": [
                0.0,
                0.0
            ]
        },
        "3": {
            "resonator": {
                "bare_frequency": 7374000000.0,
                "dressed_frequency": 7376986692.883917,
                "depletion_time": null,
                "bare_frequency_amplitude": 1.0
            },
            "qubit": {
                "frequency_01": 5400000000.0,
                "frequency_12": null,
                "maximum_frequency": null,
                "asymmetry": null,
                "sweetspot": 0.0,
                "flux_coefficients": null
            },
            "readout": {
                "fidelity": 0.0,
                "coupling": 0.0,
                "effective_temperature": 0.0,
                "ground_state": [
                    0.0,
                    0.0
                ],
                "excited_state": [
                    0.0,
                    0.0
                ],
                "qudits_frequency": {
                    "1": 7442901211.6987705
                }
            },
            "t1": [
                0.0,
                0.0
            ],
            "t2": [
                0.0,
                0.0
            ],
            "t2_spin_echo": [
                0.0,
                0.0
            ],
            "rb_fidelity": [
                0.0,
                0.0
            ]
        },
        "4": {
            "resonator": {
                "bare_frequency": 7480000000.0,
                "dressed_frequency": 7483301583.805083,
                "depletion_time": null,
                "bare_frequency_amplitude": 1.0
            },
            "qubit": {
                "frequency_01": 4460653973.575848,
                "frequency_12": null,
                "maximum_frequency": null,
                "asymmetry": null,
                "sweetspot": 0.0,
                "flux_coefficients": null
            },
            "readout": {
                "fidelity": 0.48258064516129034,
                "coupling": 33419768.169395365,
                "effective_temperature": 0.16083265299995977,
                "ground_state": [
                    -0.0001829834343361721,
                    0.000012473338795568013
                ],
                "excited_state": [
                    -0.0006254471531903482,
                    -0.00019398297709910292
                ],
                "qudits_frequency": {
                    "1": 7482562575.45974
                }
            },
            "t1": [
                0.0,
                0.0
            ],
            "t2": [
                0.0,
                0.0
            ],
            "t2_spin_echo": [
                0.0,
                0.0
            ],
            "rb_fidelity": [
                0.0,
                0.0
            ]
        }
    },
    "two_qubits": {},
    "readout_mitigation_matrix": null,
    "flux_crosstalk_matrix": null
}
