{
    "single_qubits": {
        "0": {
            "resonator": {
                "bare_frequency": 7063874350.018488,
                "dressed_frequency": 7063615995.640153,
                "depletion_time": null,
                "bare_frequency_amplitude": 1.0
            },
            "qubit": {
                "frequency_01": 4011386742.0,
                "frequency_12": null,
                "maximum_frequency": null,
                "asymmetry": null,
                "sweetspot": 0.0,
                "flux_coefficients": null
            },
            "readout": {
                "fidelity": 0.3213855824528554,
                "coupling": 21519221.568265043,
                "effective_temperature": 0.09140646163295907,
                "ground_state": [
                    -0.00021347478364653065,
                    0.0003899048725200155
                ],
                "excited_state": [
                    0.0000326304544669948,
                    0.000058956678459221945
                ],
                "qudits_frequency": {
                    "1": 7063312560.440224
                }
            },
            "t1": [
                35227.00127200906,
                0.0
            ],
            "t2": [
                13089.714711478351,
                0.0
            ],
            "t2_spin_echo": [
                26217.106891435193,
                0.0
            ],
            "rb_fidelity": [
                0.0,
                0.0
            ]
        },
        "1": {
            "resonator": {
                "bare_frequency": 7174983868.523569,
                "dressed_frequency": 7178430550.320785,
                "depletion_time": null,
                "bare_frequency_amplitude": 1.0
            },
            "qubit": {
                "frequency_01": 4082026968.0,
                "frequency_12": null,
                "maximum_frequency": null,
                "asymmetry": null,
                "sweetspot": 0.0,
                "flux_coefficients": null
            },
            "readout": {
                "fidelity": 0.8559582720342384,
                "coupling": 37072806.28106062,
                "effective_temperature": 0.06842078526128942,
                "ground_state": [
                    -0.0012648060215260284,
                    0.0010750911556186712
                ],
                "excited_state": [
                    0.00018208764998709124,
                    0.0004633844609764236
                ],
                "qudits_frequency": {
                    "1": 7177542815.289473
                }
            },
            "t1": [
                19635.26940773619,
                0.0
            ],
            "t2": [
                16987.4357232036,
                0.0
            ],
            "t2_spin_echo": [
                20879.70548214635,
                0.0
            ],
            "rb_fidelity": [
                0.0,
                0.0
            ]
        },
        "2": {
            "resonator": {
                "bare_frequency": 7282006772.294818,
                "dressed_frequency": 7283394857.568866,
                "depletion_time": null,
                "bare_frequency_amplitude": 1.0
            },
            "qubit": {
                "frequency_01": 4284454094.0,
                "frequency_12": null,
                "maximum_frequency": null,
                "asymmetry": null,
                "sweetspot": 0.0,
                "flux_coefficients": null
            },
            "readout": {
                "fidelity": 0.7712201591511937,
                "coupling": 51742.34639501572,
                "effective_temperature": 0.09334577107412197,
                "ground_state": [
                    -0.00037359485076571915,
                    -0.00012130101244524883
                ],
                "excited_state": [
                    -0.0015475446157647208,
                    0.0001544898826875817
                ],
                "qudits_frequency": {
                    "1": 7333756683.009291
                }
            },
            "t1": [
                0.0,
                0.0
            ],
            "t2": [
                0.0,
                0.0
            ],
            "t2_spin_echo": [
                0.0,
                0.0
            ],
            "rb_fidelity": [
                0.0,
                0.0
            ]
        },
        "3": {
            "resonator": {
                "bare_frequency": 7374000000.0,
                "dressed_frequency": 7376662291.517954,
                "depletion_time": null,
                "bare_frequency_amplitude": 1.0
            },
            "qubit": {
                "frequency_01": 4183638642.0,
                "frequency_12": null,
                "maximum_frequency": null,
                "asymmetry": null,
                "sweetspot": 0.0,
                "flux_coefficients": null
            },
            "readout": {
                "fidelity": 0.8720159151193634,
                "coupling": 0.0,
                "effective_temperature": 0.058328531950649506,
                "ground_state": [
                    -0.00017509621598715567,
                    -0.00014342355887754832
                ],
                "excited_state": [
                    0.001227378424011849,
                    -0.0009597304488061365
                ],
                "qudits_frequency": {
                    "1": 7442901211.6987705
                }
            },
            "t1": [
                0.0,
                0.0
            ],
            "t2": [
                0.0,
                0.0
            ],
            "t2_spin_echo": [
                0.0,
                0.0
            ],
            "rb_fidelity": [
                0.0,
                0.0
            ]
        },
        "4": {
            "resonator": {
                "bare_frequency": 7480000000.0,
                "dressed_frequency": 7483043300.79406,
                "depletion_time": null,
                "bare_frequency_amplitude": 1.0
            },
            "qubit": {
                "frequency_01": 4434243566.0,
                "frequency_12": null,
                "maximum_frequency": null,
                "asymmetry": null,
                "sweetspot": 0.0,
                "flux_coefficients": null
            },
            "readout": {
                "fidelity": 0.7314323607427056,
                "coupling": 0.0,
                "effective_temperature": 0.07883174641794155,
                "ground_state": [
                    -0.00098700187389612,
                    -0.0011635684151076468
                ],
                "excited_state": [
                    -0.0004972285176916011,
                    -0.002308070251823097
                ],
                "qudits_frequency": {
                    "1": 7541702223.404738
                }
            },
            "t1": [
                0.0,
                0.0
            ],
            "t2": [
                0.0,
                0.0
            ],
            "t2_spin_echo": [
                0.0,
                0.0
            ],
            "rb_fidelity": [
                0.0,
                0.0
            ]
        }
    },
    "two_qubits": {},
    "readout_mitigation_matrix": null,
    "flux_crosstalk_matrix": null
}