{
    "single_qubits": {
        "0": {
            "resonator": {
                "bare_frequency": 7063874350.018488,
                "dressed_frequency": 7063874350.018488,
                "depletion_time": null,
                "bare_frequency_amplitude": 1.0
            },
            "qubit": {
                "frequency_01": 4011473154.319387,
                "frequency_12": null,
                "maximum_frequency": null,
                "asymmetry": null,
                "sweetspot": 0.0,
                "flux_coefficients": null
            },
            "readout": {
                "fidelity": 0.8779840848806366,
                "coupling": 37893039.1586464,
                "effective_temperature": 0.05245734110649072,
                "ground_state": [
                    -0.00029878240651608066,
                    -0.0008064942699113132
                ],
                "excited_state": [
                    0.00031086539547098914,
                    -0.00035444155851942536
                ],
                "qudits_frequency": {
                    "1": 7125994492.279291
                }
            },
            "t1": [
                35227.00127200906,
                0.0
            ],
            "t2": [
                13089.714711478351,
                0.0
            ],
            "t2_spin_echo": [
                26217.106891435193,
                0.0
            ],
            "rb_fidelity": [
                0.0,
                0.0
            ]
        },
        "1": {
            "resonator": {
                "bare_frequency": 7174983868.523569,
                "dressed_frequency": 7176983868.523569,
                "depletion_time": null,
                "bare_frequency_amplitude": 1.0
            },
            "qubit": {
                "frequency_01": 4082003610.0,
                "frequency_12": null,
                "maximum_frequency": null,
                "asymmetry": null,
                "sweetspot": 0.0,
                "flux_coefficients": null
            },
            "readout": {
                "fidelity": 0.7703225806451613,
                "coupling": 667834.0867967606,
                "effective_temperature": 0.07367322849644611,
                "ground_state": [
                    0.000387469157240246,
                    0.0013164759413813339
                ],
                "excited_state": [
                    0.00021567220497519746,
                    0.0001395919896762986
                ],
                "qudits_frequency": {
                    "1": 7210029721.995961
                }
            },
            "t1": [
                19635.26940773619,
                0.0
            ],
            "t2": [
                16987.4357232036,
                0.0
            ],
            "t2_spin_echo": [
                20879.70548214635,
                0.0
            ],
            "rb_fidelity": [
                0.0,
                0.0
            ]
        },
        "2": {
            "resonator": {
                "bare_frequency": 7282006772.294818,
                "dressed_frequency": 7282006772.294818,
                "depletion_time": null,
                "bare_frequency_amplitude": 1.0
            },
            "qubit": {
                "frequency_01": 4284416543.1321473,
                "frequency_12": null,
                "maximum_frequency": null,
                "asymmetry": null,
                "sweetspot": 0.0,
                "flux_coefficients": null
            },
            "readout": {
                "fidelity": 0.9088493223491896,
                "coupling": 51742.34639501572,
                "effective_temperature": 0.053653983543728,
                "ground_state": [
                    0.00154637740276226,
                    -0.0021555916269745275
                ],
                "excited_state": [
                    0.00014138851929317063,
                    -0.0004329102163757356
                ],
                "qudits_frequency": {
                    "1": 7333756683.009291
                }
            },
            "t1": [
                0.0,
                0.0
            ],
            "t2": [
                0.0,
                0.0
            ],
            "t2_spin_echo": [
                0.0,
                0.0
            ],
            "rb_fidelity": [
                0.0,
                0.0
            ]
        },
        "3": {
            "resonator": {
                "bare_frequency": 7374000000.0,
                "dressed_frequency": 7376000000.0,
                "depletion_time": null,
                "bare_frequency_amplitude": 1.0
            },
            "qubit": {
                "frequency_01": 5400000000.0,
                "frequency_12": null,
                "maximum_frequency": null,
                "asymmetry": null,
                "sweetspot": 0.0,
                "flux_coefficients": null
            },
            "readout": {
                "fidelity": 0.0,
                "coupling": 0.0,
                "effective_temperature": 0.0,
                "ground_state": [
                    0.0,
                    0.0
                ],
                "excited_state": [
                    0.0,
                    0.0
                ],
                "qudits_frequency": {
                    "1": 7442901211.6987705
                }
            },
            "t1": [
                0.0,
                0.0
            ],
            "t2": [
                0.0,
                0.0
            ],
            "t2_spin_echo": [
                0.0,
                0.0
            ],
            "rb_fidelity": [
                0.0,
                0.0
            ]
        },
        "4": {
            "resonator": {
                "bare_frequency": 7480000000.0,
                "dressed_frequency": 7483000000.0,
                "depletion_time": null,
                "bare_frequency_amplitude": 1.0
            },
            "qubit": {
                "frequency_01": 5556367014.657318,
                "frequency_12": null,
                "maximum_frequency": null,
                "asymmetry": null,
                "sweetspot": 0.0,
                "flux_coefficients": null
            },
            "readout": {
                "fidelity": 0.0,
                "coupling": 0.0,
                "effective_temperature": 0.0,
                "ground_state": [
                    0.0,
                    0.0
                ],
                "excited_state": [
                    0.0,
                    0.0
                ],
                "qudits_frequency": {
                    "1": 7541702223.404738
                }
            },
            "t1": [
                0.0,
                0.0
            ],
            "t2": [
                0.0,
                0.0
            ],
            "t2_spin_echo": [
                0.0,
                0.0
            ],
            "rb_fidelity": [
                0.0,
                0.0
            ]
        }
    },
    "two_qubits": {},
    "readout_mitigation_matrix": null,
    "flux_crosstalk_matrix": null
}