{
    "settings": {
        "nshots": 1000,
        "relaxation_time": 300000
    },
    "configs": {
        "twpa": {
            "kind": "oscillator",
            "frequency": 6490000000.0,
            "power": 0.6
        },
        "0/drive": {
            "kind": "iq",
            "frequency": 4012922000.0
        },
        "0/probe": {
            "kind": "iq",
            "frequency": 7063374350.018488
        },
        "0/acquisition": {
            "kind": "acquisition",
            "delay": 224.0,
            "smearing": 0.0,
            "threshold": 0.00006668119380303046,
            "iq_angle": 0.9313801548089979,
            "kernel": null
        },
        "1/drive": {
            "kind": "iq",
            "frequency": 4082026968.0
        },
        "1/probe": {
            "kind": "iq",
            "frequency": 7176791075.709903
        },
        "1/acquisition": {
            "kind": "acquisition",
            "delay": 224.0,
            "smearing": 0.0,
            "threshold": -0.0007632791645291112,
            "iq_angle": 0.3999823291873937,
            "kernel": null
        },
        "2/drive": {
            "kind": "iq",
            "frequency": 4284454094.0
        },
        "2/probe": {
            "kind": "iq",
            "frequency": 7283394857.568866
        },
        "2/acquisition": {
            "kind": "acquisition",
            "delay": 224.0,
            "smearing": 0.0,
            "threshold": 0.0008816605533575885,
            "iq_angle": -2.910851166561887,
            "kernel": null
        },
        "3/drive": {
            "kind": "iq",
            "frequency": 4183638642.0
        },
        "3/probe": {
            "kind": "iq",
            "frequency": 7376662291.517954
        },
        "3/acquisition": {
            "kind": "acquisition",
            "delay": 224.0,
            "smearing": 0.0,
            "threshold": 0.000771867951328084,
            "iq_angle": 0.5271145502701038,
            "kernel": null
        },
        "4/drive": {
            "kind": "iq",
            "frequency": 4434243566.0
        },
        "4/probe": {
            "kind": "iq",
            "frequency": 7483043300.79406
        },
        "4/acquisition": {
            "kind": "acquisition",
            "delay": 224.0,
            "smearing": 0.0,
            "threshold": 0.0013395822204160675,
            "iq_angle": 1.1664416258339667,
            "kernel": null
        },
        "qcm_rf0/o1/lo": {
            "kind": "oscillator",
            "frequency": 3951495066.0,
            "power": -10.0
        },
        "qcm_rf0/o2/lo": {
            "kind": "oscillator",
            "frequency": 4125929615.0,
            "power": -10.0
        },
        "qcm_rf1/o1/lo": {
            "kind": "oscillator",
            "frequency": 4164420855.0,
            "power": -10.0
        },
        "qcm_rf1/o2/lo": {
            "kind": "oscillator",
            "frequency": 4511000000.0,
            "power": -4.0
        },
        "qcm_rf2/o2/lo": {
            "kind": "oscillator",
            "frequency": 4125438156.0,
            "power": -16.0
        },
        "qrm_rf0/o1/lo": {
            "kind": "oscillator",
            "frequency": 7260000000.0,
            "power": -36.0
        },
        "qcm_rf0/o1/mixer": {
            "kind": "iq-mixer",
            "offset_i": -4.57762432098389,
            "offset_q": -0.129794046282768,
            "scale_q": 0.972710907459259,
            "phase_q": -17.31073570251465
        },
        "qcm_rf0/o2/mixer": {
            "kind": "iq-mixer",
            "offset_i": -2.11123394966125,
            "offset_q": 2.74066758155823,
            "scale_q": 0.981836199760437,
            "phase_q": -19.69134521484375
        },
        "qcm_rf1/o1/mixer": {
            "kind": "iq-mixer",
            "offset_i": -7.11358118057251,
            "offset_q": -1.97350656986237,
            "scale_q": 0.9660495519638062,
            "phase_q": -17.94171905517578
        },
        "qcm_rf1/o2/mixer": {
            "kind": "iq-mixer",
            "offset_i": -5.90092802047729,
            "offset_q": -2.4012815952301,
            "scale_q": 0.9743596315383911,
            "phase_q": -17.940053939819336
        },
        "qcm_rf2/o2/mixer": {
            "kind": "iq-mixer",
            "offset_i": -4.01932668685913,
            "offset_q": -1.06938493251801,
            "scale_q": 0.9930159449577332,
            "phase_q": -14.126152038574219
        },
        "qrm_rf0/o1/mixer": {
            "kind": "iq-mixer",
            "offset_i": -8.6382884979248,
            "offset_q": -6.15734958648682,
            "scale_q": 0.9943858981132507,
            "phase_q": 27.24383544921875
        }
    },
    "native_gates": {
        "single_qubit": {
            "0": {
                "RX": [
                    [
                        "0/drive",
                        {
                            "kind": "pulse",
                            "duration": 80.0,
                            "amplitude": 0.3935902476426501,
                            "envelope": {
                                "kind": "drag",
                                "rel_sigma": 0.125,
                                "beta": -0.9947655142454027
                            },
                            "relative_phase": 0.0,
                            "chirp": null
                        }
                    ]
                ],
                "RX90": null,
                "RX12": null,
                "MZ": [
                    [
                        "0/acquisition",
                        {
                            "kind": "readout",
                            "acquisition": {
                                "kind": "acquisition",
                                "duration": 1800.0
                            },
                            "probe": {
                                "kind": "pulse",
                                "duration": 1600.0,
                                "amplitude": 0.2,
                                "envelope": {
                                    "kind": "rectangular"
                                },
                                "relative_phase": 0.0,
                                "chirp": null
                            },
                            "time_of_flight": 0.0
                        }
                    ]
                ],
                "CP": null
            },
            "1": {
                "RX": [
                    [
                        "1/drive",
                        {
                            "kind": "pulse",
                            "duration": 80.0,
                            "amplitude": 0.20913303574560307,
                            "envelope": {
                                "kind": "drag",
                                "rel_sigma": 0.125,
                                "beta": 0.030566711187611888
                            },
                            "relative_phase": 0.0,
                            "chirp": null
                        }
                    ]
                ],
                "RX90": null,
                "RX12": null,
                "MZ": [
                    [
                        "1/acquisition",
                        {
                            "kind": "readout",
                            "acquisition": {
                                "kind": "acquisition",
                                "duration": 1800.0
                            },
                            "probe": {
                                "kind": "pulse",
                                "duration": 1600.0,
                                "amplitude": 0.13,
                                "envelope": {
                                    "kind": "rectangular"
                                },
                                "relative_phase": 0.0,