{
    "single_qubits": {
        "0": {
            "resonator": {
                "bare_frequency": 7087784000.0,
                "dressed_frequency": 7090736198.0,
                "depletion_time": null,
                "bare_frequency_amplitude": null
            },
            "qubit": {
                "frequency_01": 4277632555.0,
                "frequency_12": null,
                "maximum_frequency": null,
                "asymmetry": null,
                "sweetspot": 0.0,
                "flux_coefficients": null
            },
            "readout": {
                "fidelity": 0.5516787360105333,
                "coupling": 3849144.9664716907,
                "effective_temperature": 0.1535483086592946,
                "ground_state": [
                    0.00048358274034158966,
                    0.0006188099761085809
                ],
                "excited_state": [
                    0.0010408015326464058,
                    0.0016376064395848325
                ],
                "qudits_frequency": {
                    "1": 7084560091.736483
                }
            },
            "t1": [
                34067.78732135576,
                2001.5058931022613
            ],
            "t2": [
                42947.463231525384,
                5667.18599206604
            ],
            "t2_spin_echo": [
                29442.551821581594,
                3689.6121867189268
            ],
            "rb_fidelity": [
                0.9778066983623281,
                0.00425382885465642
            ]
        },
        "1": {
            "resonator": {
                "bare_frequency": 7184084000.0,
                "dressed_frequency": 7187716776.0,
                "depletion_time": null,
                "bare_frequency_amplitude": null
            },
            "qubit": {
                "frequency_01": 4362111690.700789,
                "frequency_12": null,
                "maximum_frequency": null,
                "asymmetry": null,
                "sweetspot": 0.0,
                "flux_coefficients": null
            },
            "readout": {
                "fidelity": 0.7894736842105263,
                "coupling": null,
                "effective_temperature": 0.08690694855320942,
                "ground_state": [
                    -0.0004088886158595242,
                    0.0012638986160126943
                ],
                "excited_state": [
                    -0.002556614919153391,
                    0.0022339990242622805
                ],
                "qudits_frequency": {}
            },
            "t1": [
                28711.275657047765,
                1045.7712769609682
            ],
            "t2": [
                21891.325553949388,
                1291.4151830981484
            ],
            "t2_spin_echo": [
                42187.763216179956,
                3585.9428949424005
            ],
            "rb_fidelity": [
                0.9359257215180983,
                0.029532995701962765
            ]
        },
        "2": {
            "resonator": {
                "bare_frequency": 7286090722.0,
                "dressed_frequency": 7289797469.0,
                "depletion_time": null,
                "bare_frequency_amplitude": 0.1
            },
            "qubit": {
                "frequency_01": 4739130151.0,
                "frequency_12": null,
                "maximum_frequency": null,
                "asymmetry": null,
                "sweetspot": 0.0,
                "flux_coefficients": null
            },
            "readout": {
                "fidelity": 0.6989528795811517,
                "coupling": null,
                "effective_temperature": 0.13968042915012227,
                "ground_state": [
                    -0.0009376653183858086,
                    -0.00006512595204406298
                ],
                "excited_state": [
                    -0.0019408542574115603,
                    -0.0015871649738987204
                ],
                "qudits_frequency": {}
            },
            "t1": [
                24693.575977584576,
                1435.4400317970835
            ],
            "t2": [
                22543.536089715926,
                696.1058342766545
            ],
            "t2_spin_echo": [
                38371.9192068418,
                4451.608120508571
            ],
            "rb_fidelity": [
                0.8761853596169924,
                0.21684842825168277
            ]
        },
        "3": {
            "resonator": {
                "bare_frequency": 7408729446.0,
                "dressed_frequency": 7413798539.0,
                "depletion_time": null,
                "bare_frequency_amplitude": 0.1
            },
            "qubit": {
                "frequency_01": 5148451864.634486,
                "frequency_12": null,
                "maximum_frequency": null,
                "asymmetry": null,
                "sweetspot": 0.0,
                "flux_coefficients": null
            },
            "readout": {
                "fidelity": 0.864516129032258,
                "coupling": null,
                "effective_temperature": 0.053763653441312766,
                "ground_state": [
                    -0.00017724508532250725,
                    -0.0013701699711941779
                ],
                "excited_state": [
                    0.002717465370250721,
                    -0.004024599334982741
                ],
                "qudits_frequency": {}
            },
            "t1": [
                21552.884342697285,
                290.07442712112834
            ],
            "t2": [
                27837.264604062897,
                1646.923278042511
            ],
            "t2_spin_echo": [
                31581.629952429998,
                1905.2073577281103
            ],
            "rb_fidelity": [
                0.8886287728052246,
                0.2022092396929545
            ]
        },
        "4": {
            "resonator": {
                "bare_frequency": 7522445510.0,
                "dressed_frequency": 7527253832.0,
                "depletion_time": null,
                "bare_frequency_amplitude": 0.1
            },
            "qubit": {
                "frequency_01": 5497256073.776916,
                "frequency_12": null,
                "maximum_frequency": null,
                "asymmetry": null,
                "sweetspot": 0.0,
                "flux_coefficients": null
            },
            "readout": {
                "fidelity": 0.8289124668435013,
                "coupling": null,
                "effective_temperature": 0.07514168397570606,
                "ground_state": [
                    -0.0018309138725212189,
                    0.0011605118194284194
                ],
                "excited_state": [
                    -0.005517668996098319,
                    0.0011386145734392963
                ],
                "qudits_frequency": {}
            },
            "t1": [
                3633.070442222729,
                47.49523720184484
            ],
            "t2": [
                5428.85972474219,
                260.9316372322819
            ],
            "t2_spin_echo": [
                6112.924102535393,
                256.50443193122425
            ],
            "rb_fidelity": [
                0.914,
                0.04144743181603524
            ]
        },
        "5": {
            "resonator": {
                "bare_frequency": 7818421929.0,
                "dressed_frequency": 7818907000.0,
                "depletion_time": null,
                "bare_frequency_amplitude": 0.1
            },
            "qubit": {
                "frequency_01": 0.0,
                "frequency_12": null,
                "maximum_frequency": null,
                "asymmetry": null,
                "sweetspot": 0.0,
                "flux_coefficients": null
            },