{
    "single_qubits": {
        "0": {
            "resonator": {
                "bare_frequency": 7075839666.0,
                "dressed_frequency": 7079393250.0,
                "depletion_time": null,
                "bare_frequency_amplitude": null
            },
            "qubit": {
                "frequency_01": 3956554689.0,
                "frequency_12": null,
                "maximum_frequency": null,
                "asymmetry": null,
                "sweetspot": 0.0,
                "flux_coefficients": null
            },
            "readout": {
                "fidelity": 0.9299191374663072,
                "coupling": 0.0,
                "effective_temperature": 0.05004354841962129,
                "ground_state": [
                    0.005372730284230864,
                    0.0037592499738983483
                ],
                "excited_state": [
                    0.004238125084766743,
                    0.001966704282251193
                ],
                "qudits_frequency": {}
            },
            "t1": [
                15144.145512622217,
                733.6666256408294
            ],
            "t2": [
                24359.04085751238,
                10486.899767145134
            ],
            "t2_spin_echo": [
                58531.768051430896,
                8226.998091796244
            ],
            "rb_fidelity": [
                0.9342201226640174,
                0.025322084445890965
            ]
        },
        "1": {
            "resonator": {
                "bare_frequency": 7190684000.0,
                "dressed_frequency": 7194132703.0,
                "depletion_time": null,
                "bare_frequency_amplitude": null
            },
            "qubit": {
                "frequency_01": 4360968924.0,
                "frequency_12": null,
                "maximum_frequency": null,
                "asymmetry": null,
                "sweetspot": 0.0,
                "flux_coefficients": null
            },
            "readout": {
                "fidelity": 0.9098143236074271,
                "coupling": null,
                "effective_temperature": 0.06080097317096353,
                "ground_state": [
                    -0.004982031945439457,
                    0.0005939422673517294
                ],
                "excited_state": [
                    -0.008714376605992603,
                    -0.001722090553685993
                ],
                "qudits_frequency": {}
            },
            "t1": [
                7293.243350114552,
                149.74603838665928
            ],
            "t2": [
                11888.81485817504,
                372.82642088565655
            ],
            "t2_spin_echo": [
                15441.831167982056,
                596.2340363083226
            ],
            "rb_fidelity": [
                0.9556316107730761,
                0.012819321110007272
            ]
        },
        "2": {
            "resonator": {
                "bare_frequency": 7300023033.0,
                "dressed_frequency": 7303035190.0,
                "depletion_time": null,
                "bare_frequency_amplitude": 0.1
            },
            "qubit": {
                "frequency_01": 4402875090.0,
                "frequency_12": null,
                "maximum_frequency": null,
                "asymmetry": null,
                "sweetspot": 0.0,
                "flux_coefficients": null
            },
            "readout": {
                "fidelity": 0.8594164456233422,
                "coupling": null,
                "effective_temperature": 0.07974297972147423,
                "ground_state": [
                    -0.0015493067733988511,
                    -0.0012087333934924268
                ],
                "excited_state": [
                    -0.001813977950523443,
                    -0.004476602990639516
                ],
                "qudits_frequency": {}
            },
            "t1": [
                36387.64088073872,
                924.2395930655558
            ],
            "t2": [
                62781.62294633512,
                8551.648590191968
            ],
            "t2_spin_echo": [
                41385.84637751212,
                2906.585369638922
            ],
            "rb_fidelity": [
                0.9557598719455438,
                0.01943721343734885
            ]
        },
        "3": {
            "resonator": {
                "bare_frequency": 7389664440.0,
                "dressed_frequency": 7393432397.0,
                "depletion_time": null,
                "bare_frequency_amplitude": 0.1
            },
            "qubit": {
                "frequency_01": 4765935844.0,
                "frequency_12": null,
                "maximum_frequency": null,
                "asymmetry": null,
                "sweetspot": 0.0,
                "flux_coefficients": null
            },
            "readout": {
                "fidelity": 0.7506631299734748,
                "coupling": null,
                "effective_temperature": 0.10886683578431995,
                "ground_state": [
                    -0.0009226726441580842,
                    0.0008628922728743154
                ],
                "excited_state": [
                    -0.0021835538583344443,
                    0.0021665323345241806
                ],
                "qudits_frequency": {}
            },
            "t1": [
                17703.983580276163,
                311.3658027580481
            ],
            "t2": [
                19493.673886341843,
                964.6287847504731
            ],
            "t2_spin_echo": [
                28184.741914284037,
                1800.442385286981
            ],
            "rb_fidelity": [
                0.9853233394636807,
                0.03815079155941925
            ]
        },
        "4": {
            "resonator": {
                "bare_frequency": 7513751997.0,
                "dressed_frequency": 7517504758.0,
                "depletion_time": null,
                "bare_frequency_amplitude": 0.1
            },
            "qubit": {
                "frequency_01": 5150559239.0,
                "frequency_12": null,
                "maximum_frequency": null,
                "asymmetry": null,
                "sweetspot": 0.0,
                "flux_coefficients": null
            },
            "readout": {
                "fidelity": 0.7816711590296497,
                "coupling": null,
                "effective_temperature": 0.08274449847036612,
                "ground_state": [
                    0.0005607891334638628,
                    0.000729918163268726
                ],
                "excited_state": [
                    -0.0007309526662514468,
                    0.0008716835629551892
                ],
                "qudits_frequency": {}
            },
            "t1": [
                18849.356174473272,
                1057.068599154358
            ],
            "t2": [
                18971.98635361035,
                1099.4011134265193
            ],
            "t2_spin_echo": [
                26169.800760353643,
                1559.8700588821805
            ],
            "rb_fidelity": [
                0.0,
                0.0
            ]
        },
        "5": {
            "resonator": {
                "bare_frequency": 7818421929.0,
                "dressed_frequency": 7818907000.0,
                "depletion_time": null,
                "bare_frequency_amplitude": 0.1
            },
            "qubit": {
                "frequency_01": 0.0,
                "frequency_12": null,
                "maximum_frequency": null,
                "asymmetry": null,
                "sweetspot": 0.0,
                "flux_coefficients": null
            },
            "readout": {
                "fidelity": 0.0,
                "coupling": null,
                "effective_temperature": null,