{
    "single_qubits": {
        "q0": {
            "resonator": {
                "bare_frequency": 6908800000.0,
                "dressed_frequency": 6909204729.0,
                "depletion_time": null,
                "bare_frequency_amplitude": 1.0
            },
            "qubit": {
                "frequency_01": 3554706893.0,
                "frequency_12": 3271200000.0,
                "maximum_frequency": null,
                "asymmetry": null,
                "sweetspot": 0.0,
                "flux_coefficients": null
            },
            "readout": {
                "fidelity": 0.6591511936339522,
                "coupling": 37893039.1586464,
                "effective_temperature": 0.08400305639539139,
                "ground_state": [
                    0.0019212933070170044,
                    -0.0006505891705772265
                ],
                "excited_state": [
                    0.002387251706903678,
                    0.000601326389527794
                ],
                "qudits_frequency": {
                    "1": 6909082973.0
                }
            },
            "t1": [
                35227.00127200906,
                0.0
            ],
            "t2": [
                13089.714711478351,
                0.0
            ],
            "t2_spin_echo": [
                26217.106891435193,
                0.0
            ],
            "rb_fidelity": [
                0.0,
                0.0
            ]
        },
        "q1": {
            "resonator": {
                "bare_frequency": 7001400000.0,
                "dressed_frequency": 7001021552.0,
                "depletion_time": null,
                "bare_frequency_amplitude": 1.0
            },
            "qubit": {
                "frequency_01": 3634363998.0,
                "frequency_12": 3366600000.0,
                "maximum_frequency": null,
                "asymmetry": null,
                "sweetspot": 0.0,
                "flux_coefficients": null
            },
            "readout": {
                "fidelity": 0.5561053898622443,
                "coupling": 667834.0867967606,
                "effective_temperature": 0.046799720564052336,
                "ground_state": [
                    0.001939798751667337,
                    -0.0005673297215034629
                ],
                "excited_state": [
                    0.0024997169956601567,
                    -0.0015157764057292381
                ],
                "qudits_frequency": {
                    "1": 7210029721.995961
                }
            },
            "t1": [
                19635.26940773619,
                0.0
            ],
            "t2": [
                16987.4357232036,
                0.0
            ],
            "t2_spin_echo": [
                20879.70548214635,
                0.0
            ],
            "rb_fidelity": [
                0.0,
                0.0
            ]
        },
        "q2": {
            "resonator": {
                "bare_frequency": 7106200000.0,
                "dressed_frequency": 7106300000.0,
                "depletion_time": null,
                "bare_frequency_amplitude": 1.0
            },
            "qubit": {
                "frequency_01": 4446264890.0,
                "frequency_12": 4196000000.0,
                "maximum_frequency": null,
                "asymmetry": null,
                "sweetspot": 0.0,
                "flux_coefficients": null
            },
            "readout": {
                "fidelity": 0.8864517854754581,
                "coupling": 51742.34639501572,
                "effective_temperature": 0.07725943071563343,
                "ground_state": [
                    0.001963979799190635,
                    0.0003218623285919292
                ],
                "excited_state": [
                    0.005584486644893533,
                    0.0003433370233118073
                ],
                "qudits_frequency": {
                    "1": 7106330833.0
                }
            },
            "t1": [
                0.0,
                0.0
            ],
            "t2": [
                0.0,
                0.0
            ],
            "t2_spin_echo": [
                0.0,
                0.0
            ],
            "rb_fidelity": [
                0.0,
                0.0
            ]
        },
        "q3": {
            "resonator": {
                "bare_frequency": 7202500000.0,
                "dressed_frequency": 7202232558.0,
                "depletion_time": null,
                "bare_frequency_amplitude": 1.0
            },
            "qubit": {
                "frequency_01": 4570144374.0,
                "frequency_12": 4315400000.0,
                "maximum_frequency": null,
                "asymmetry": null,
                "sweetspot": 0.0,
                "flux_coefficients": null
            },
            "readout": {
                "fidelity": 0.883289124668435,
                "coupling": 30237899.14449999,
                "effective_temperature": 0.07233862993799513,
                "ground_state": [
                    -0.002022585199553129,
                    -0.0001656894088124779
                ],
                "excited_state": [
                    -0.002084497725208268,
                    -0.002537706082136117
                ],
                "qudits_frequency": {
                    "1": 7201537801.938744
                }
            },
            "t1": [
                0.0,
                0.0
            ],
            "t2": [
                0.0,
                0.0
            ],
            "t2_spin_echo": [
                0.0,
                0.0
            ],
            "rb_fidelity": [
                0.0,
                0.0
            ]
        },
        "q4": {
            "resonator": {
                "bare_frequency": 7308200000.0,
                "dressed_frequency": 7308660407.0,
                "depletion_time": null,
                "bare_frequency_amplitude": 1.0
            },
            "qubit": {
                "frequency_01": 4467803118.0,
                "frequency_12": 4212400000.0,
                "maximum_frequency": null,
                "asymmetry": null,
                "sweetspot": 0.0,
                "flux_coefficients": null
            },
            "readout": {
                "fidelity": 0.9137931034482758,
                "coupling": 33591686.98353754,
                "effective_temperature": 0.06464725700712423,
                "ground_state": [
                    0.0020136359885846154,
                    -0.0014676994123355841
                ],
                "excited_state": [
                    0.0035716277556986416,
                    0.0012134481592393086
                ],
                "qudits_frequency": {
                    "1": 7307865998.470524
                }
            },
            "t1": [
                0.0,
                0.0
            ],
            "t2": [
                0.0,
                0.0
            ],
            "t2_spin_echo": [
                0.0,
                0.0
            ],
            "rb_fidelity": [
                0.0,
                0.0
            ]
        }
    },
    "two_qubits": {},
    "readout_mitigation_matrix": null,
    "flux_crosstalk_matrix": null
}