{
    "single_qubits": {
        "q0": {
            "resonator": {
                "bare_frequency": 6908800000.0,
                "dressed_frequency": 6909204729.0,
                "depletion_time": null,
                "bare_frequency_amplitude": 1.0
            },
            "qubit": {
                "frequency_01": 3554706893.0,
                "frequency_12": 3271200000.0,
                "maximum_frequency": null,
                "asymmetry": null,
                "sweetspot": 0.0,
                "flux_coefficients": null
            },
            "readout": {
                "fidelity": 0.6591511936339522,
                "coupling": 37893039.1586464,
                "effective_temperature": 0.08400305639539139,
                "ground_state": [
                    0.0019212933070170044,
                    -0.0006505891705772265
                ],
                "excited_state": [
                    0.002387251706903678,
                    0.000601326389527794
                ],
                "qudits_frequency": {
                    "1": 6909082973.0
                }
            },
            "t1": [
                35227.00127200906,
                0.0
            ],
            "t2": [
                13089.714711478351,
                0.0
            ],
            "t2_spin_echo": [
                26217.106891435193,
                0.0
            ],
            "rb_fidelity": [
                0.0,
                0.0
            ]
        },
        "q1": {
            "resonator": {
                "bare_frequency": 7001400000.0,
                "dressed_frequency": 7001021552.0,
                "depletion_time": null,
                "bare_frequency_amplitude": 1.0
            },
            "qubit": {
                "frequency_01": 3634416969.0,
                "frequency_12": 3366600000.0,
                "maximum_frequency": null,
                "asymmetry": null,
                "sweetspot": 0.0,
                "flux_coefficients": null
            },
            "readout": {
                "fidelity": 0.7546419098143236,
                "coupling": 667834.0867967606,
                "effective_temperature": 0.04168256498633624,
                "ground_state": [
                    0.001995469077221489,
                    -0.0004254850163254667
                ],
                "excited_state": [
                    0.0028082896753870257,
                    -0.0017354730154369661
                ],
                "qudits_frequency": {
                    "1": 7210029721.995961
                }
            },
            "t1": [
                19635.26940773619,
                0.0
            ],
            "t2": [
                16987.4357232036,
                0.0
            ],
            "t2_spin_echo": [
                20879.70548214635,
                0.0
            ],
            "rb_fidelity": [
                0.0,
                0.0
            ]
        },
        "q2": {
            "resonator": {
                "bare_frequency": 7106200000.0,
                "dressed_frequency": 7106300000.0,
                "depletion_time": null,
                "bare_frequency_amplitude": 1.0
            },
            "qubit": {
                "frequency_01": 4446977220.0,
                "frequency_12": 4196000000.0,
                "maximum_frequency": null,
                "asymmetry": null,
                "sweetspot": 0.0,
                "flux_coefficients": null
            },
            "readout": {
                "fidelity": 0.883289124668435,
                "coupling": 51742.34639501572,
                "effective_temperature": 0.06078592532820078,
                "ground_state": [
                    0.0019775850620341543,
                    0.0004504381616463512
                ],
                "excited_state": [
                    0.00572801110248679,
                    0.0005260075234638518
                ],
                "qudits_frequency": {
                    "1": 7106330833.0
                }
            },
            "t1": [
                0.0,
                0.0
            ],
            "t2": [
                0.0,
                0.0
            ],
            "t2_spin_echo": [
                0.0,
                0.0
            ],
            "rb_fidelity": [
                0.0,
                0.0
            ]
        },
        "q3": {
            "resonator": {
                "bare_frequency": 7202500000.0,
                "dressed_frequency": 7201841769.0,
                "depletion_time": null,
                "bare_frequency_amplitude": 1.0
            },
            "qubit": {
                "frequency_01": 4570144374.0,
                "frequency_12": 4315400000.0,
                "maximum_frequency": null,
                "asymmetry": null,
                "sweetspot": 0.0,
                "flux_coefficients": null
            },
            "readout": {
                "fidelity": 0.883289124668435,
                "coupling": 0.0,
                "effective_temperature": 0.07233862993799513,
                "ground_state": [
                    -0.002022585199553129,
                    -0.0001656894088124779
                ],
                "excited_state": [
                    -0.002084497725208268,
                    -0.002537706082136117
                ],
                "qudits_frequency": {
                    "1": 7201444937.0
                }
            },
            "t1": [
                0.0,
                0.0
            ],
            "t2": [
                0.0,
                0.0
            ],
            "t2_spin_echo": [
                0.0,
                0.0
            ],
            "rb_fidelity": [
                0.0,
                0.0
            ]
        },
        "q4": {
            "resonator": {
                "bare_frequency": 7308200000.0,
                "dressed_frequency": 7308164318.0,
                "depletion_time": null,
                "bare_frequency_amplitude": 1.0
            },
            "qubit": {
                "frequency_01": 4467803118.0,
                "frequency_12": 4212400000.0,
                "maximum_frequency": null,
                "asymmetry": null,
                "sweetspot": 0.0,
                "flux_coefficients": null
            },
            "readout": {
                "fidelity": 0.9137931034482758,
                "coupling": 0.0,
                "effective_temperature": 0.06464725700712423,
                "ground_state": [
                    0.0020136359885846154,
                    -0.0014676994123355841
                ],
                "excited_state": [
                    0.0035716277556986416,
                    0.0012134481592393086
                ],
                "qudits_frequency": {
                    "1": 7308306012.0
                }
            },
            "t1": [
                0.0,
                0.0
            ],
            "t2": [
                0.0,
                0.0
            ],
            "t2_spin_echo": [
                0.0,
                0.0
            ],
            "rb_fidelity": [
                0.0,
                0.0
            ]
        }
    },
    "two_qubits": {},
    "readout_mitigation_matrix": null,
    "flux_crosstalk_matrix": null
}