{
    "single_qubits": {
        "0": {
            "resonator": {
                "bare_frequency": 7008400000.0,
                "dressed_frequency": 7011411887.982024,
                "depletion_time": null,
                "bare_frequency_amplitude": 0.3
            },
            "qubit": {
                "frequency_01": 4584175339.0,
                "frequency_12": 4390817343.959584,
                "maximum_frequency": null,
                "asymmetry": null,
                "sweetspot": 0.3791308111355492,
                "flux_coefficients": null
            },
            "readout": {
                "fidelity": 0.864516129032258,
                "coupling": 40412152.18058742,
                "effective_temperature": 0.06284908283489411,
                "ground_state": [
                    -0.00014549752947648793,
                    0.00012180977642997944
                ],
                "excited_state": [
                    -0.0008946601635753347,
                    -0.0004073183415541229
                ],
                "qudits_frequency": {
                    "1": 7403189948.309715
                }
            },
            "t1": [
                26751.69305720194,
                837.5824090034507
            ],
            "t2": [
                20290.36157204091,
                2194.1646481631387
            ],
            "t2_spin_echo": [
                31049.160061370727,
                1951.2867644830974
            ],
            "rb_fidelity": [
                0.9961647138656857,
                0.0006562156446919471
            ]
        },
        "1": {
            "resonator": {
                "bare_frequency": 7081500000.0,
                "dressed_frequency": 7085285415.204192,
                "depletion_time": null,
                "bare_frequency_amplitude": 0.3
            },
            "qubit": {
                "frequency_01": 4616146140.0,
                "frequency_12": 4384250000.0,
                "maximum_frequency": null,
                "asymmetry": null,
                "sweetspot": 0.16440410064616673,
                "flux_coefficients": null
            },
            "readout": {
                "fidelity": 0.8696774193548387,
                "coupling": 30924602.616027847,
                "effective_temperature": 0.06451416451700705,
                "ground_state": [
                    -0.0008009606057902115,
                    -0.0005690292579057069
                ],
                "excited_state": [
                    -0.0005226751973777525,
                    -0.001773996564602799
                ],
                "qudits_frequency": {
                    "1": 7334161351.774613
                }
            },
            "t1": [
                27843.62693730545,
                934.2731425745555
            ],
            "t2": [
                18400.0,
                600.0
            ],
            "t2_spin_echo": [
                19355.971412962983,
                810.8076542164478
            ],
            "rb_fidelity": [
                0.9964801444972369,
                0.0003962121413010023
            ]
        },
        "2": {
            "resonator": {
                "bare_frequency": 7194366000.0,
                "dressed_frequency": 7195322326.128393,
                "depletion_time": null,
                "bare_frequency_amplitude": 0.3
            },
            "qubit": {
                "frequency_01": 5019256984.0,
                "frequency_12": 4598837502.542103,
                "maximum_frequency": null,
                "asymmetry": null,
                "sweetspot": 0.16440410064616673,
                "flux_coefficients": null
            },
            "readout": {
                "fidelity": 0.8722580645161291,
                "coupling": 30924602.616027847,
                "effective_temperature": 0.05901888177087538,
                "ground_state": [
                    0.0018276654178705774,
                    0.004887669336941916
                ],
                "excited_state": [
                    -0.0002701805947334411,
                    0.006316383929274938
                ],
                "qudits_frequency": {
                    "1": 7334161351.774613
                }
            },
            "t1": [
                0.0,
                0.0
            ],
            "t2": [
                0.0,
                0.0
            ],
            "t2_spin_echo": [
                0.0,
                0.0
            ],
            "rb_fidelity": [
                0.0,
                null
            ]
        },
        "3": {
            "resonator": {
                "bare_frequency": 7288500000.0,
                "dressed_frequency": 7293033224.737508,
                "depletion_time": null,
                "bare_frequency_amplitude": 0.3
            },
            "qubit": {
                "frequency_01": 5019256984.0,
                "frequency_12": 4598837502.542103,
                "maximum_frequency": null,
                "asymmetry": null,
                "sweetspot": 0.16440410064616673,
                "flux_coefficients": null
            },
            "readout": {
                "fidelity": 0.8722580645161291,
                "coupling": 30924602.616027847,
                "effective_temperature": 0.05901888177087538,
                "ground_state": [
                    0.0018276654178705774,
                    0.004887669336941916
                ],
                "excited_state": [
                    -0.0002701805947334411,
                    0.006316383929274938
                ],
                "qudits_frequency": {
                    "1": 7334161351.774613
                }
            },
            "t1": [
                0.0,
                0.0
            ],
            "t2": [
                0.0,
                0.0
            ],
            "t2_spin_echo": [
                0.0,
                0.0
            ],
            "rb_fidelity": [
                0.0,
                null
            ]
        }
    },
    "two_qubits": {
        "0-1": {
            "rb_fidelity": [
                0.0,
                null
            ],
            "cz_fidelity": [
                0.0,
                null
            ],
            "coupling": null
        },
        "1-2": {
            "rb_fidelity": [
                0.0,
                null
            ],
            "cz_fidelity": [
                0.0,
                null
            ],
            "coupling": null
        },
        "2-3": {
            "rb_fidelity": [
                0.0,
                null
            ],
            "cz_fidelity": [
                0.0,
                null
            ],
            "coupling": null
        }
    },
    "readout_mitigation_matrix": null,
    "flux_crosstalk_matrix": null
}
