{
    "single_qubits": {
        "0": {
            "resonator": {
                "bare_frequency": 7010245411.627959,
                "dressed_frequency": 7011619376.092514,
                "depletion_time": null,
                "bare_frequency_amplitude": 0.2
            },
            "qubit": {
                "frequency_01": 4588002342.0,
                "frequency_12": 4390817343.959584,
                "maximum_frequency": null,
                "asymmetry": null,
                "sweetspot": 0.3791308111355492,
                "flux_coefficients": null
            },
            "readout": {
                "fidelity": 0.9084880636604774,
                "coupling": 40412152.18058742,
                "effective_temperature": 0.056949085001862305,
                "ground_state": [
                    -0.0005068924837367428,
                    0.0003672094273186026
                ],
                "excited_state": [
                    -0.0038494784047042956,
                    0.001455585679502514
                ],
                "qudits_frequency": {
                    "1": 7403189948.309715
                }
            },
            "t1": [
                24173.108584444413,
                2252.6032909824735
            ],
            "t2": [
                24723.341826701344,
                4843.378050819194
            ],
            "t2_spin_echo": [
                31049.160061370727,
                1951.2867644830974
            ],
            "rb_fidelity": [
                0.9956786431220954,
                0.0005888355381586476
            ]
        },
        "1": {
            "resonator": {
                "bare_frequency": 7083500000.0,
                "dressed_frequency": 7085391571.042031,
                "depletion_time": null,
                "bare_frequency_amplitude": 0.2
            },
            "qubit": {
                "frequency_01": 4628239788.0,
                "frequency_12": 4384250000.0,
                "maximum_frequency": null,
                "asymmetry": null,
                "sweetspot": 0.16440410064616673,
                "flux_coefficients": null
            },
            "readout": {
                "fidelity": 0.8912466843501327,
                "coupling": 42714158.92961076,
                "effective_temperature": 0.05350632457684941,
                "ground_state": [
                    0.003525470192107454,
                    -0.0015882590228818516
                ],
                "excited_state": [
                    0.005076603943598653,
                    0.001639330507607046
                ],
                "qudits_frequency": {
                    "1": 7083906521.252759
                }
            },
            "t1": [
                16492.176404935108,
                3119.3567453851283
            ],
            "t2": [
                20182.40276705721,
                5961.185684378888
            ],
            "t2_spin_echo": [
                19355.971412962983,
                810.8076542164478
            ],
            "rb_fidelity": [
                0.99771434532519,
                0.0012416821530693773
            ]
        },
        "2": {
            "resonator": {
                "bare_frequency": 7193561503.152364,
                "dressed_frequency": 7195047438.7115965,
                "depletion_time": null,
                "bare_frequency_amplitude": 0.2
            },
            "qubit": {
                "frequency_01": 5024305522.0,
                "frequency_12": 4598837502.542103,
                "maximum_frequency": null,
                "asymmetry": null,
                "sweetspot": 0.16440410064616673,
                "flux_coefficients": null
            },
            "readout": {
                "fidelity": 0.9343501326259946,
                "coupling": 37860646.308370344,
                "effective_temperature": 0.06544801923606278,
                "ground_state": [
                    -0.010760704828946057,
                    -0.0036593668102539324
                ],
                "excited_state": [
                    -0.0007873289613836117,
                    -0.007431141953871799
                ],
                "qudits_frequency": {
                    "1": 7193726761.66889
                }
            },
            "t1": [
                12271.532920142146,
                1687.2657541420042
            ],
            "t2": [
                11743.059074611925,
                1774.2521759350018
            ],
            "t2_spin_echo": [
                0.0,
                0.0
            ],
            "rb_fidelity": [
                0.9976485348927409,
                0.00027749207118567504
            ]
        },
        "3": {
            "resonator": {
                "bare_frequency": 7291377399.753392,
                "dressed_frequency": 7293124103.428145,
                "depletion_time": null,
                "bare_frequency_amplitude": 0.2
            },
            "qubit": {
                "frequency_01": 5232749629.0,
                "frequency_12": 4598837502.542103,
                "maximum_frequency": null,
                "asymmetry": null,
                "sweetspot": 0.16440410064616673,
                "flux_coefficients": null
            },
            "readout": {
                "fidelity": 0.9078249336870027,
                "coupling": 39521648.505647145,
                "effective_temperature": 0.06049567664635615,
                "ground_state": [
                    0.0006599513068231678,
                    0.00025406630510090613
                ],
                "excited_state": [
                    0.00653949231358823,
                    0.0051919493202836845
                ],
                "qudits_frequency": {
                    "1": 7291749859.158732
                }
            },
            "t1": [
                2188.264656509919,
                58.546845144859844
            ],
            "t2": [
                3368.6950431395076,
                280.4157015449316
            ],
            "t2_spin_echo": [
                0.0,
                0.0
            ],
            "rb_fidelity": [
                0.9877801774504915,
                0.0004700038020460116
            ]
        }
    },
    "two_qubits": {
        "0-1": {
            "rb_fidelity": [
                0.0,
                null
            ],
            "cz_fidelity": [
                0.0,
                null
            ],
            "coupling": null
        },
        "1-2": {
            "rb_fidelity": [
                0.0,
                null
            ],
            "cz_fidelity": [
                0.0,
                null
            ],
            "coupling": null
        },
        "2-3": {
            "rb_fidelity": [
                0.0,
                null
            ],
            "cz_fidelity": [
                0.0,
                null
            ],
            "coupling": null
        }
    },
    "readout_mitigation_matrix": null,
    "flux_crosstalk_matrix": null
}