{
    "single_qubits": {
        "0": {
            "resonator": {
                "bare_frequency": 7010245411.627959,
                "dressed_frequency": 7011569376.092514,
                "depletion_time": null,
                "bare_frequency_amplitude": 0.2
            },
            "qubit": {
                "frequency_01": 4588015156.0,
                "frequency_12": 4326475828.832831,
                "maximum_frequency": null,
                "asymmetry": null,
                "sweetspot": 0.3791308111355492,
                "flux_coefficients": null
            },
            "readout": {
                "fidelity": 0.9071618037135278,
                "coupling": 35670239.2135036,
                "effective_temperature": 0.04567990408495657,
                "ground_state": [
                    0.0033079184489562268,
                    -0.00400956706407466
                ],
                "excited_state": [
                    0.000960709751541688,
                    -0.0002586457959438603
                ],
                "qudits_frequency": {
                    "1": 7010519376.092514
                }
            },
            "t1": [
                28726.94905803173,
                2031.4164644463685
            ],
            "t2": [
                24001.108789435235,
                3412.645411628548
            ],
            "t2_spin_echo": [
                31049.160061370727,
                1951.2867644830974
            ],
            "rb_fidelity": [
                0.9956786431220954,
                0.0005888355381586476
            ]
        },
        "1": {
            "resonator": {
                "bare_frequency": 7083500000.0,
                "dressed_frequency": 7085391571.042031,
                "depletion_time": null,
                "bare_frequency_amplitude": 0.2
            },
            "qubit": {
                "frequency_01": 4628245157.0,
                "frequency_12": 4375292512.749496,
                "maximum_frequency": null,
                "asymmetry": null,
                "sweetspot": 0.16440410064616673,
                "flux_coefficients": null
            },
            "readout": {
                "fidelity": 0.8375331564986738,
                "coupling": 44336408.641585134,
                "effective_temperature": 0.05994500195212063,
                "ground_state": [
                    -0.0015718975391961838,
                    -0.005546221477909885
                ],
                "excited_state": [
                    -0.0005743282205051317,
                    -0.003706970858239853
                ],
                "qudits_frequency": {
                    "1": 7083791571.042031
                }
            },
            "t1": [
                25345.51005720762,
                1870.0616819238367
            ],
            "t2": [
                18445.082469557205,
                1613.4449873333579
            ],
            "t2_spin_echo": [
                19355.971412962983,
                810.8076542164478
            ],
            "rb_fidelity": [
                0.99771434532519,
                0.0012416821530693773
            ]
        },
        "2": {
            "resonator": {
                "bare_frequency": 7193561503.152364,
                "dressed_frequency": 7194897438.7115965,
                "depletion_time": null,
                "bare_frequency_amplitude": 0.2
            },
            "qubit": {
                "frequency_01": 5024296978.0,
                "frequency_12": 4780183022.565878,
                "maximum_frequency": null,
                "asymmetry": null,
                "sweetspot": 0.16440410064616673,
                "flux_coefficients": null
            },
            "readout": {
                "fidelity": 0.943633952254642,
                "coupling": 37561819.703823425,
                "effective_temperature": 0.051889923858733304,
                "ground_state": [
                    -0.010991321488583958,
                    -0.0034263294483131606
                ],
                "excited_state": [
                    -0.0010638828300845251,
                    -0.008302335435566563
                ],
                "qudits_frequency": {
                    "1": 7193597438.7115965
                }
            },
            "t1": [
                19398.436892723512,
                2058.611477913864
            ],
            "t2": [
                10112.146833514065,
                1057.7611199594724
            ],
            "t2_spin_echo": [
                0.0,
                0.0
            ],
            "rb_fidelity": [
                0.9976485348927409,
                0.00027749207118567504
            ]
        },
        "3": {
            "resonator": {
                "bare_frequency": 7291377399.753392,
                "dressed_frequency": 7293124103.428145,
                "depletion_time": null,
                "bare_frequency_amplitude": 0.2
            },
            "qubit": {
                "frequency_01": 5232741151.0,
                "frequency_12": 4995192447.358281,
                "maximum_frequency": null,
                "asymmetry": null,
                "sweetspot": 0.16440410064616673,
                "flux_coefficients": null
            },
            "readout": {
                "fidelity": 0.8183023872679045,
                "coupling": 38649419.66589415,
                "effective_temperature": 0.07738583095978421,
                "ground_state": [
                    0.0010235482007279336,
                    -0.009215892388455719
                ],
                "excited_state": [
                    -0.0005745266411737961,
                    -0.007919095025196998
                ],
                "qudits_frequency": {
                    "1": 7291674103.428145
                }
            },
            "t1": [
                2128.482414450334,
                41.223550855290405
            ],
            "t2": [
                4104.788699112027,
                394.12935866102526
            ],
            "t2_spin_echo": [
                0.0,
                0.0
            ],
            "rb_fidelity": [
                0.9877801774504915,
                0.0004700038020460116
            ]
        }
    },
    "two_qubits": {
        "0-1": {
            "rb_fidelity": [
                0.0,
                null
            ],
            "cz_fidelity": [
                0.0,
                null
            ],
            "coupling": [
                3934324.7664226727,
                109640.16690395841
            ]
        },
        "1-2": {
            "rb_fidelity": [
                0.0,
                null
            ],
            "cz_fidelity": [
                0.0,
                null
            ],
            "coupling": [
                1421350.9473473798,
                38800.24578392456
            ]
        },
        "2-3": {
            "rb_fidelity": [
                0.0,
                null
            ],
            "cz_fidelity": [
                0.0,
                null
            ],
            "coupling": [
                1692411.8127098263,
                1129286.8178072986
            ]
        }
    },
    "readout_mitigation_matrix": null,
    "flux_crosstalk_matrix": null
}
