{
    "single_qubits": {
        "0": {
            "resonator": {
                "bare_frequency": 7008400000.0,
                "dressed_frequency": 7011411887.982024,
                "depletion_time": null,
                "bare_frequency_amplitude": 0.3
            },
            "qubit": {
                "frequency_01": 4584125587.0,
                "frequency_12": 4390817343.959584,
                "maximum_frequency": null,
                "asymmetry": null,
                "sweetspot": 0.3791308111355492,
                "flux_coefficients": null
            },
            "readout": {
                "fidelity": 0.8236074270557029,
                "coupling": 40412152.18058742,
                "effective_temperature": 0.0720124095132345,
                "ground_state": [
                    -0.00009904435772745303,
                    0.0001656620687306735
                ],
                "excited_state": [
                    -0.0009663839752552416,
                    -0.00008257944277645097
                ],
                "qudits_frequency": {
                    "1": 7403189948.309715
                }
            },
            "t1": [
                26751.69305720194,
                837.5824090034507
            ],
            "t2": [
                20290.36157204091,
                2194.1646481631387
            ],
            "t2_spin_echo": [
                31049.160061370727,
                1951.2867644830974
            ],
            "rb_fidelity": [
                0.9961647138656857,
                0.0006562156446919471
            ]
        },
        "1": {
            "resonator": {
                "bare_frequency": 7081500000.0,
                "dressed_frequency": 7085285415.204192,
                "depletion_time": null,
                "bare_frequency_amplitude": 0.3
            },
            "qubit": {
                "frequency_01": 4616176434.0,
                "frequency_12": 4384250000.0,
                "maximum_frequency": null,
                "asymmetry": null,
                "sweetspot": 0.16440410064616673,
                "flux_coefficients": null
            },
            "readout": {
                "fidelity": 0.830238726790451,
                "coupling": 30924602.616027847,
                "effective_temperature": 0.07631234217718297,
                "ground_state": [
                    -0.000990707564591353,
                    -0.0003540180424894338
                ],
                "excited_state": [
                    -0.0010389941967218648,
                    -0.0015661971034793749
                ],
                "qudits_frequency": {
                    "1": 7334161351.774613
                }
            },
            "t1": [
                27843.62693730545,
                934.2731425745555
            ],
            "t2": [
                18400.0,
                600.0
            ],
            "t2_spin_echo": [
                19355.971412962983,
                810.8076542164478
            ],
            "rb_fidelity": [
                0.9964801444972369,
                0.0003962121413010023
            ]
        },
        "2": {
            "resonator": {
                "bare_frequency": 7194366000.0,
                "dressed_frequency": 7195342350.380979,
                "depletion_time": null,
                "bare_frequency_amplitude": 0.3
            },
            "qubit": {
                "frequency_01": 5028979723.0,
                "frequency_12": 4598837502.542103,
                "maximum_frequency": null,
                "asymmetry": null,
                "sweetspot": 0.16440410064616673,
                "flux_coefficients": null
            },
            "readout": {
                "fidelity": 0.9151193633952255,
                "coupling": 40300196.38046327,
                "effective_temperature": 0.05007030351488914,
                "ground_state": [
                    0.0000356190514857943,
                    -0.001691889392834082
                ],
                "excited_state": [
                    0.0017897843969113122,
                    -0.0007448671407597841
                ],
                "qudits_frequency": {
                    "1": 7193842965.367799
                }
            },
            "t1": [
                0.0,
                0.0
            ],
            "t2": [
                0.0,
                0.0
            ],
            "t2_spin_echo": [
                0.0,
                0.0
            ],
            "rb_fidelity": [
                0.0,
                null
            ]
        },
        "3": {
            "resonator": {
                "bare_frequency": 7288500000.0,
                "dressed_frequency": 7293259397.717756,
                "depletion_time": null,
                "bare_frequency_amplitude": 0.3
            },
            "qubit": {
                "frequency_01": 5223804873.0,
                "frequency_12": 4598837502.542103,
                "maximum_frequency": null,
                "asymmetry": null,
                "sweetspot": 0.16440410064616673,
                "flux_coefficients": null
            },
            "readout": {
                "fidelity": 0.7970822281167108,
                "coupling": 39521648.505647145,
                "effective_temperature": 0.07353083270045871,
                "ground_state": [
                    -0.0010330318939244113,
                    -0.0003187309192423102
                ],
                "excited_state": [
                    0.00039455261565414355,
                    -0.001772333501572466
                ],
                "qudits_frequency": {
                    "1": 7291749859.158732
                }
            },
            "t1": [
                0.0,
                0.0
            ],
            "t2": [
                0.0,
                0.0
            ],
            "t2_spin_echo": [
                0.0,
                0.0
            ],
            "rb_fidelity": [
                0.0,
                null
            ]
        }
    },
    "two_qubits": {
        "0-1": {
            "rb_fidelity": [
                0.0,
                null
            ],
            "cz_fidelity": [
                0.0,
                null
            ],
            "coupling": null
        },
        "1-2": {
            "rb_fidelity": [
                0.0,
                null
            ],
            "cz_fidelity": [
                0.0,
                null
            ],
            "coupling": null
        },
        "2-3": {
            "rb_fidelity": [
                0.0,
                null
            ],
            "cz_fidelity": [
                0.0,
                null
            ],
            "coupling": null
        }
    },
    "readout_mitigation_matrix": null,
    "flux_crosstalk_matrix": null
}