{
    "single_qubits": {
        "0": {
            "resonator": {
                "bare_frequency": 7010245411.627959,
                "dressed_frequency": 7011569376.092514,
                "depletion_time": null,
                "bare_frequency_amplitude": 0.2
            },
            "qubit": {
                "frequency_01": 4588015156.0,
                "frequency_12": 4326475828.832831,
                "maximum_frequency": null,
                "asymmetry": null,
                "sweetspot": 0.3791308111355492,
                "flux_coefficients": null
            },
            "readout": {
                "fidelity": 0.916445623342175,
                "coupling": 35670239.2135036,
                "effective_temperature": 0.03188038473003482,
                "ground_state": [
                    -0.0029240197025399094,
                    -0.0029570037922494316
                ],
                "excited_state": [
                    0.0013785231411951762,
                    -0.001586152148644778
                ],
                "qudits_frequency": {
                    "1": 7010519376.092514
                }
            },
            "t1": [
                28726.94905803173,
                2031.4164644463685
            ],
            "t2": [
                24001.108789435235,
                3412.645411628548
            ],
            "t2_spin_echo": [
                31049.160061370727,
                1951.2867644830974
            ],
            "rb_fidelity": [
                0.9956786431220954,
                0.0005888355381586476
            ],
            "rabi_ampl_oscillation": {
                "classification": 0.9140388630741902
            }
        },
        "1": {
            "resonator": {
                "bare_frequency": 7083500000.0,
                "dressed_frequency": 7085391571.042031,
                "depletion_time": null,
                "bare_frequency_amplitude": 0.2
            },
            "qubit": {
                "frequency_01": 4628253595.0,
                "frequency_12": 4375292512.749496,
                "maximum_frequency": null,
                "asymmetry": null,
                "sweetspot": 0.16440410064616673,
                "flux_coefficients": null
            },
            "readout": {
                "fidelity": 0.9283819628647214,
                "coupling": 44336408.641585134,
                "effective_temperature": 0.04833849834079256,
                "ground_state": [
                    0.0031112276384324933,
                    -0.0007392209681073857
                ],
                "excited_state": [
                    0.005242250174610185,
                    0.002744378539986703
                ],
                "qudits_frequency": {
                    "1": 7083791571.042031
                }
            },
            "t1": [
                25345.51005720762,
                1870.0616819238367
            ],
            "t2": [
                18445.082469557205,
                1613.4449873333579
            ],
            "t2_spin_echo": [
                19355.971412962983,
                810.8076542164478
            ],
            "rb_fidelity": [
                0.99771434532519,
                0.0012416821530693773
            ],
            "rabi_ampl_oscillation": {
                "classification": 0.9383941480254681
            }
        },
        "2": {
            "resonator": {
                "bare_frequency": 7193561503.152364,
                "dressed_frequency": 7194897438.7115965,
                "depletion_time": null,
                "bare_frequency_amplitude": 0.2
            },
            "qubit": {
                "frequency_01": 5024296978.0,
                "frequency_12": 4780183022.565878,
                "maximum_frequency": null,
                "asymmetry": null,
                "sweetspot": 0.16440410064616673,
                "flux_coefficients": null
            },
            "readout": {
                "fidelity": 0.4907161803713528,
                "coupling": 37561819.703823425,
                "effective_temperature": 0.11646046079530187,
                "ground_state": [
                    -0.00969865008755374,
                    -0.006768017605048124
                ],
                "excited_state": [
                    -0.006368180565076149,
                    -0.007822806536446552
                ],
                "qudits_frequency": {
                    "1": 7193597438.7115965
                }
            },
            "t1": [
                19398.436892723512,
                2058.611477913864
            ],
            "t2": [
                10112.146833514065,
                1057.7611199594724
            ],
            "t2_spin_echo": [
                0.0,
                0.0
            ],
            "rb_fidelity": [
                0.9976485348927409,
                0.00027749207118567504
            ],
            "rabi_ampl_oscillation": {
                "classification": 0.9751189618314369
            }
        },
        "3": {
            "resonator": {
                "bare_frequency": 7291377399.753392,
                "dressed_frequency": 7293124103.428145,
                "depletion_time": null,
                "bare_frequency_amplitude": 0.2
            },
            "qubit": {
                "frequency_01": 5232741151.0,
                "frequency_12": 4995192447.358281,
                "maximum_frequency": null,
                "asymmetry": null,
                "sweetspot": 0.16440410064616673,
                "flux_coefficients": null
            },
            "readout": {
                "fidelity": 0.9190981432360743,
                "coupling": 38649419.66589415,
                "effective_temperature": 0.0506843722142507,
                "ground_state": [
                    -0.0025541521889746433,
                    0.004860727658732911
                ],
                "excited_state": [
                    -0.007418837037833715,
                    -0.0014247308605852655
                ],
                "qudits_frequency": {
                    "1": 7291674103.428145
                }
            },
            "t1": [
                2128.482414450334,
                41.223550855290405
            ],
            "t2": [
                4104.788699112027,
                394.12935866102526
            ],
            "t2_spin_echo": [
                0.0,
                0.0
            ],
            "rb_fidelity": [
                0.9877801774504915,
                0.0004700038020460116
            ],
            "rabi_ampl_oscillation": {
                "classification": 0.9179435644545613
            }
        }
    },
    "two_qubits": {
        "0-1": {
            "rb_fidelity": [
                0.0,
                null
            ],
            "cz_fidelity": [
                0.0,
                null
            ],
            "coupling": [
                3934324.7664226727,
                109640.16690395841
            ]
        },
        "1-2": {
            "rb_fidelity": [
                0.0,
                null
            ],
            "cz_fidelity": [
                0.0,
                null
            ],
            "coupling": [
                1421350.9473473798,
                38800.24578392456
            ]
        },
        "2-3": {
            "rb_fidelity": [
                0.0,
                null
            ],
            "cz_fidelity": [
                0.0,
                null
            ],
            "coupling": [
                1692411.8127098263,
                1129286.8178072986
            ]
        }
    },
    "readout_mitigation_matrix": null,