{
    "single_qubits": {
        "0": {
            "resonator": {
                "bare_frequency": 7008400000.0,
                "dressed_frequency": 7011411887.982024,
                "depletion_time": null,
                "bare_frequency_amplitude": 0.3
            },
            "qubit": {
                "frequency_01": 4584176709.0,
                "frequency_12": 4390817343.959584,
                "maximum_frequency": null,
                "asymmetry": null,
                "sweetspot": 0.3791308111355492,
                "flux_coefficients": null
            },
            "readout": {
                "fidelity": 0.8567741935483871,
                "coupling": 40412152.18058742,
                "effective_temperature": 0.06222855234103223,
                "ground_state": [
                    -0.00012704122310974625,
                    0.00012175561236051358
                ],
                "excited_state": [
                    -0.000893815497108279,
                    -0.00034637313456356306
                ],
                "qudits_frequency": {
                    "1": 7403189948.309715
                }
            },
            "t1": [
                26478.97295704462,
                1639.1859262823273
            ],
            "t2": [
                20290.36157204091,
                2194.1646481631387
            ],
            "t2_spin_echo": [
                31049.160061370727,
                1951.2867644830974
            ],
            "rb_fidelity": [
                0.99618,
                0.00035
            ]
        },
        "1": {
            "resonator": {
                "bare_frequency": 7081500000.0,
                "dressed_frequency": 7085285415.204192,
                "depletion_time": null,
                "bare_frequency_amplitude": 0.3
            },
            "qubit": {
                "frequency_01": 4616161592.0,
                "frequency_12": 4384250000.0,
                "maximum_frequency": null,
                "asymmetry": null,
                "sweetspot": 0.16440410064616673,
                "flux_coefficients": null
            },
            "readout": {
                "fidelity": 0.9135483870967742,
                "coupling": 30924602.616027847,
                "effective_temperature": 0.062029617546959424,
                "ground_state": [
                    0.0010980116089248273,
                    -0.002291085573131285
                ],
                "excited_state": [
                    0.003891906724238461,
                    -0.0046638708101549116
                ],
                "qudits_frequency": {
                    "1": 7334161351.774613
                }
            },
            "t1": [
                30317.12043542739,
                1207.1991633444711
            ],
            "t2": [
                18400.0,
                600.0
            ],
            "t2_spin_echo": [
                19355.971412962983,
                810.8076542164478
            ],
            "rb_fidelity": [
                0.99569,
                0.00025
            ]
        },
        "2": {
            "resonator": {
                "bare_frequency": 7194366000.0,
                "dressed_frequency": 7195322326.128393,
                "depletion_time": null,
                "bare_frequency_amplitude": 0.3
            },
            "qubit": {
                "frequency_01": 5019256984.0,
                "frequency_12": 4598837502.542103,
                "maximum_frequency": null,
                "asymmetry": null,
                "sweetspot": 0.16440410064616673,
                "flux_coefficients": null
            },
            "readout": {
                "fidelity": 0.8722580645161291,
                "coupling": 30924602.616027847,
                "effective_temperature": 0.05901888177087538,
                "ground_state": [
                    0.0018276654178705774,
                    0.004887669336941916
                ],
                "excited_state": [
                    -0.0002701805947334411,
                    0.006316383929274938
                ],
                "qudits_frequency": {
                    "1": 7334161351.774613
                }
            },
            "t1": [
                0.0,
                0.0
            ],
            "t2": [
                0.0,
                0.0
            ],
            "t2_spin_echo": [
                0.0,
                0.0
            ],
            "rb_fidelity": [
                0.0,
                null
            ]
        },
        "3": {
            "resonator": {
                "bare_frequency": 7288500000.0,
                "dressed_frequency": 7293033224.737508,
                "depletion_time": null,
                "bare_frequency_amplitude": 0.3
            },
            "qubit": {
                "frequency_01": 5019256984.0,
                "frequency_12": 4598837502.542103,
                "maximum_frequency": null,
                "asymmetry": null,
                "sweetspot": 0.16440410064616673,
                "flux_coefficients": null
            },
            "readout": {
                "fidelity": 0.8722580645161291,
                "coupling": 30924602.616027847,
                "effective_temperature": 0.05901888177087538,
                "ground_state": [
                    0.0018276654178705774,
                    0.004887669336941916
                ],
                "excited_state": [
                    -0.0002701805947334411,
                    0.006316383929274938
                ],
                "qudits_frequency": {
                    "1": 7334161351.774613
                }
            },
            "t1": [
                0.0,
                0.0
            ],
            "t2": [
                0.0,
                0.0
            ],
            "t2_spin_echo": [
                0.0,
                0.0
            ],
            "rb_fidelity": [
                0.0,
                null
            ]
        }
    },
    "two_qubits": {
        "0-1": {
            "rb_fidelity": [
                0.0,
                null
            ],
            "cz_fidelity": [
                0.0,
                null
            ],
            "coupling": null
        },
        "1-2": {
            "rb_fidelity": [
                0.0,
                null
            ],
            "cz_fidelity": [
                0.0,
                null
            ],
            "coupling": null
        },
        "2-3": {
            "rb_fidelity": [
                0.0,
                null
            ],
            "cz_fidelity": [
                0.0,
                null
            ],
            "coupling": null
        }
    },
    "readout_mitigation_matrix": null,
    "flux_crosstalk_matrix": null
}