{
    "single_qubits": {
        "0": {
            "resonator": {
                "bare_frequency": 7402172228.849767,
                "dressed_frequency": 7404437809.46398,
                "depletion_time": null,
                "bare_frequency_amplitude": 0.3
            },
            "qubit": {
                "frequency_01": 4786909284.0,
                "frequency_12": 4558268326.959584,
                "maximum_frequency": null,
                "asymmetry": null,
                "sweetspot": 0.3791308111355492,
                "flux_coefficients": null
            },
            "readout": {
                "fidelity": 0.8503225806451613,
                "coupling": 40412152.18058742,
                "effective_temperature": 0.059421103020028836,
                "ground_state": [
                    -0.0002089112171460815,
                    0.0013178599559497668
                ],
                "excited_state": [
                    -0.001719263438233763,
                    0.0016212770064768266
                ],
                "qudits_frequency": {
                    "1": 7403189948.309715
                }
            },
            "t1": [
                20449.80284763629,
                522.0149323846908
            ],
            "t2": [
                20108.68615465412,
                987.6731444310027
            ],
            "t2_spin_echo": [
                31049.160061370727,
                1951.2867644830974
            ],
            "rb_fidelity": [
                0.9980161959000604,
                0.00008939607690445857
            ]
        },
        "1": {
            "resonator": {
                "bare_frequency": 7655769914.73672,
                "dressed_frequency": 7656050310.124741,
                "depletion_time": null,
                "bare_frequency_amplitude": 0.3
            },
            "qubit": {
                "frequency_01": 5019253593.0,
                "frequency_12": 4758837502.542103,
                "maximum_frequency": null,
                "asymmetry": null,
                "sweetspot": 0.16440410064616673,
                "flux_coefficients": null
            },
            "readout": {
                "fidelity": 0.8761290322580646,
                "coupling": 30924602.616027847,
                "effective_temperature": 0.06948456162888075,
                "ground_state": [
                    0.003379961509006158,
                    0.003992417110517815
                ],
                "excited_state": [
                    0.0018814524008383628,
                    0.006082298249208111
                ],
                "qudits_frequency": {
                    "1": 7334161351.774613
                }
            },
            "t1": [
                30317.12043542739,
                1207.1991633444711
            ],
            "t2": [
                23177.87615925842,
                693.2217221464523
            ],
            "t2_spin_echo": [
                35582.95893597072,
                1439.058431617064
            ],
            "rb_fidelity": [
                0.9965390061994567,
                0.00016794928780165471
            ]
        }
    },
    "two_qubits": {
        "0-1": {
            "rb_fidelity": [
                0.0,
                null
            ],
            "cz_fidelity": [
                0.0,
                null
            ],
            "coupling": null
        }
    },
    "readout_mitigation_matrix": null,
    "flux_crosstalk_matrix": null
}