{
    "single_qubits": {
        "0": {
            "resonator": {
                "bare_frequency": 7402172228.849767,
                "dressed_frequency": 7404437809.46398,
                "depletion_time": null,
                "bare_frequency_amplitude": 0.3
            },
            "qubit": {
                "frequency_01": 4786912219.0,
                "frequency_12": 4558268326.959584,
                "maximum_frequency": null,
                "asymmetry": null,
                "sweetspot": 0.3791308111355492,
                "flux_coefficients": null
            },
            "readout": {
                "fidelity": 0.8554838709677419,
                "coupling": 40412152.18058742,
                "effective_temperature": 0.07055600141206111,
                "ground_state": [
                    -0.0006799267798072497,
                    0.0011262980920766713
                ],
                "excited_state": [
                    -0.002137915438801079,
                    0.0008276510077690401
                ],
                "qudits_frequency": {
                    "1": 7403189948.309715
                }
            },
            "t1": [
                20957.440488993743,
                427.98977615348434
            ],
            "t2": [
                20108.68615465412,
                987.6731444310027
            ],
            "t2_spin_echo": [
                31049.160061370727,
                1951.2867644830974
            ],
            "rb_fidelity": [
                0.9980161959000604,
                0.00008939607690445857
            ]
        },
        "1": {
            "resonator": {
                "bare_frequency": 7655769914.73672,
                "dressed_frequency": 7656050310.124741,
                "depletion_time": null,
                "bare_frequency_amplitude": 0.3
            },
            "qubit": {
                "frequency_01": 5019235533.0,
                "frequency_12": 4598837502.542103,
                "maximum_frequency": null,
                "asymmetry": null,
                "sweetspot": 0.16440410064616673,
                "flux_coefficients": null
            },
            "readout": {
                "fidelity": 0.8903225806451612,
                "coupling": 30924602.616027847,
                "effective_temperature": 0.05723567070348992,
                "ground_state": [
                    0.0017519793557059559,
                    0.004548548499229997
                ],
                "excited_state": [
                    -0.00022354350189892364,
                    0.0058964156830609675
                ],
                "qudits_frequency": {
                    "1": 7334161351.774613
                }
            },
            "t1": [
                30317.12043542739,
                1207.1991633444711
            ],
            "t2": [
                23177.87615925842,
                693.2217221464523
            ],
            "t2_spin_echo": [
                35582.95893597072,
                1439.058431617064
            ],
            "rb_fidelity": [
                0.9965390061994567,
                0.00016794928780165471
            ]
        }
    },
    "two_qubits": {
        "0-1": {
            "rb_fidelity": [
                0.0,
                null
            ],
            "cz_fidelity": [
                0.0,
                null
            ],
            "coupling": null
        }
    },
    "readout_mitigation_matrix": null,
    "flux_crosstalk_matrix": null
}