{
    "single_qubits": {
        "0": {
            "resonator": {
                "bare_frequency": 7402172228.849767,
                "dressed_frequency": 7404437809.46398,
                "depletion_time": null,
                "bare_frequency_amplitude": 0.3
            },
            "qubit": {
                "frequency_01": 4786906805.0,
                "frequency_12": 4558268326.959584,
                "maximum_frequency": null,
                "asymmetry": null,
                "sweetspot": 0.3791308111355492,
                "flux_coefficients": null
            },
            "readout": {
                "fidelity": 0.8825806451612903,
                "coupling": 40412152.18058742,
                "effective_temperature": 0.0773679000886081,
                "ground_state": [
                    -0.0009303469325001759,
                    0.001167902516871907
                ],
                "excited_state": [
                    -0.002303197046819106,
                    0.0004329144144853995
                ],
                "qudits_frequency": {
                    "1": 7403189948.309715
                }
            },
            "t1": [
                20957.440488993743,
                427.98977615348434
            ],
            "t2": [
                20108.68615465412,
                987.6731444310027
            ],
            "t2_spin_echo": [
                31049.160061370727,
                1951.2867644830974
            ],
            "rb_fidelity": [
                0.0,
                null
            ]
        },
        "1": {
            "resonator": {
                "bare_frequency": 7655769914.73672,
                "dressed_frequency": 7656050310.124741,
                "depletion_time": null,
                "bare_frequency_amplitude": 0.3
            },
            "qubit": {
                "frequency_01": 5019244702.0,
                "frequency_12": 4598837502.542103,
                "maximum_frequency": null,
                "asymmetry": null,
                "sweetspot": 0.16440410064616673,
                "flux_coefficients": null
            },
            "readout": {
                "fidelity": 0.88,
                "coupling": 30924602.616027847,
                "effective_temperature": 0.05326072545088652,
                "ground_state": [
                    0.0015238916506768977,
                    0.004998068549404369
                ],
                "excited_state": [
                    -0.0007603499219944218,
                    0.006232326614873057
                ],
                "qudits_frequency": {
                    "1": 7334161351.774613
                }
            },
            "t1": [
                30317.12043542739,
                1207.1991633444711
            ],
            "t2": [
                23177.87615925842,
                693.2217221464523
            ],
            "t2_spin_echo": [
                35582.95893597072,
                1439.058431617064
            ],
            "rb_fidelity": [
                0.0,
                null
            ]
        }
    },
    "two_qubits": {
        "0-1": {
            "rb_fidelity": [
                0.0,
                null
            ],
            "cz_fidelity": [
                0.0,
                null
            ],
            "coupling": null
        }
    },
    "readout_mitigation_matrix": null,
    "flux_crosstalk_matrix": null
}