{
    "settings": {
        "nshots": 1000,
        "relaxation_time": 100000
    },
    "configs": {
        "twpa": {
            "kind": "oscillator",
            "frequency": 6225000000.0,
            "power": -6.4
        },
        "0/drive": {
            "kind": "iq",
            "frequency": 4786912219.0
        },
        "0/drive_ef": {
            "kind": "iq",
            "frequency": 4586912219.0
        },
        "qcm_rf0/o1/lo": {
            "kind": "oscillator",
            "frequency": 4686070454.0,
            "power": -10.0
        },
        "0/probe": {
            "kind": "iq",
            "frequency": 7404237809.46398
        },
        "0/acquisition": {
            "kind": "acquisition",
            "delay": 234.0,
            "smearing": 0.0,
            "threshold": 0.0012361830338409054,
            "iq_angle": 2.9395524222893274,
            "kernel": null
        },
        "qcm_rf0/o2/lo": {
            "kind": "oscillator",
            "frequency": 5100000000.0,
            "power": -8.0
        },
        "1/drive": {
            "kind": "iq",
            "frequency": 5019217664.0
        },
        "1/drive_ef": {
            "kind": "iq",
            "frequency": 4819217664.0
        },
        "1/probe": {
            "kind": "iq",
            "frequency": 7656050310.124741
        },
        "1/acquisition": {
            "kind": "acquisition",
            "delay": 234.0,
            "smearing": 0.0,
            "threshold": 0.0019974795818185403,
            "iq_angle": -2.6651568991187093,
            "kernel": null
        },
        "qrm_rf/o1/lo": {
            "kind": "oscillator",
            "frequency": 7467139071.0,
            "power": -46.0
        },
        "0/probe/mixer": {
            "kind": "iq-mixer",
            "offset_i": -2.80815410614014,
            "offset_q": 1.68375706672668,
            "scale_q": 1.0163506269454956,
            "phase_q": 8.052189826965332
        },
        "1/probe/mixer": {
            "kind": "iq-mixer",
            "offset_i": -2.80815410614014,
            "offset_q": 1.68375706672668,
            "scale_q": 1.015706181526184,
            "phase_q": 15.400139808654785
        },
        "0/drive/mixer": {
            "kind": "iq-mixer",
            "offset_i": -7.77708292007446,
            "offset_q": -11.2031545639038,
            "scale_q": 0.9987695813179016,
            "phase_q": -17.41692352294922
        },
        "1/drive/mixer": {
            "kind": "iq-mixer",
            "offset_i": -9.18688297271729,
            "offset_q": -8.56734085083008,
            "scale_q": 0.9711578488349915,
            "phase_q": -10.319860458374023
        },
        "0/drive_ef/mixer": {
            "kind": "iq-mixer",
            "offset_i": -7.77708292007446,
            "offset_q": -11.2031545639038,
            "scale_q": 0.9987695813179016,
            "phase_q": -17.41692352294922
        },
        "1/drive_ef/mixer": {
            "kind": "iq-mixer",
            "offset_i": -9.18688297271729,
            "offset_q": -8.56734085083008,
            "scale_q": 0.9711578488349915,
            "phase_q": -10.319860458374023
        }
    },
    "native_gates": {
        "single_qubit": {
            "0": {
                "RX": [
                    [
                        "0/drive",
                        {
                            "kind": "pulse",
                            "duration": 40.0,
                            "amplitude": 0.3589406924711133,
                            "envelope": {
                                "kind": "drag",
                                "rel_sigma": 0.25,
                                "beta": -1.7883073475917046
                            },
                            "relative_phase": 0.0,
                            "chirp": null
                        }
                    ]
                ],
                "RX90": null,
                "RX12": [
                    [
                        "0/drive_ef",
                        {
                            "kind": "pulse",
                            "duration": 40.0,
                            "amplitude": 0.3589406924711133,
                            "envelope": {
                                "kind": "drag",
                                "rel_sigma": 0.25,
                                "beta": -1.7883073475917046
                            },
                            "relative_phase": 0.0,
                            "chirp": null
                        }
                    ]
                ],
                "MZ": [
                    [
                        "0/acquisition",
                        {
                            "kind": "readout",
                            "acquisition": {
                                "kind": "acquisition",
                                "duration": 1600.0
                            },
                            "probe": {
                                "kind": "pulse",
                                "duration": 1500.0,
                                "amplitude": 0.1,
                                "envelope": {
                                    "kind": "rectangular"
                                },
                                "relative_phase": 0.0,
                                "chirp": null
                            },
                            "time_of_flight": 220.0
                        }
                    ]
                ],
                "CP": null
            },
            "1": {
                "RX": [
                    [
                        "1/drive",
                        {
                            "kind": "pulse",
                            "duration": 40.0,
                            "amplitude": 0.3162893893395675,
                            "envelope": {
                                "kind": "drag",
                                "rel_sigma": 0.25,
                                "beta": -0.6793481448359979
                            },
                            "relative_phase": 0.0,
                            "chirp": null
                        }
                    ]
                ],
                "RX90": null,
                "RX12": [
                    [
                        "1/drive_ef",
                        {
                            "kind": "pulse",
                            "duration": 40.0,
                            "amplitude": 0.3589406924711133,
                            "envelope": {
                                "kind": "drag",
                                "rel_sigma": 0.25,
                                "beta": -1.7883073475917046
                            },
                            "relative_phase": 0.0,
                            "chirp": null
                        }
                    ]
                ],
                "MZ": [
                    [
                        "1/acquisition",
                        {
                            "kind": "readout",
                            "acquisition": {
                                "kind": "acquisition",
                                "duration": 1600.0
                            },
                            "probe": {
                                "kind": "pulse",
                                "duration": 1500.0,
                                "amplitude": 0.3,
                                "envelope": {
                                    "kind": "rectangular"
                                },
                                "relative_phase": 0.0,
                                "chirp": null
                            },
                            "time_of_flight": 220.0
                        }
                    ]
                ],
                "CP": null
            }
        },
        "coupler": {},
        "two_qubit": {}
    }
}