{
    "settings": {
        "nshots": 1000,
        "relaxation_time": 100000
    },
    "configs": {
        "twpa": {
            "kind": "oscillator",
            "frequency": 6225000000.0,
            "power": -6.4
        },
        "0/drive": {
            "kind": "iq",
            "frequency": 4786906805.0
        },
        "qcm_rf0/o1/lo": {
            "kind": "oscillator",
            "frequency": 4686070454.0,
            "power": -10.0
        },
        "0/probe": {
            "kind": "iq",
            "frequency": 7404237809.46398
        },
        "0/acquisition": {
            "kind": "acquisition",
            "delay": 234.0,
            "smearing": 0.0,
            "threshold": 0.0011205346696838792,
            "iq_angle": 2.8779752238871605,
            "kernel": null
        },
        "qcm_rf0/o2/lo": {
            "kind": "oscillator",
            "frequency": 5100000000.0,
            "power": -8.0
        },
        "1/drive": {
            "kind": "iq",
            "frequency": 5019244702.0
        },
        "1/probe": {
            "kind": "iq",
            "frequency": 7656050310.124741
        },
        "1/acquisition": {
            "kind": "acquisition",
            "delay": 234.0,
            "smearing": 0.0,
            "threshold": 0.0021045165274675747,
            "iq_angle": -2.646199246575214,
            "kernel": null
        },
        "qrm_rf/o1/lo": {
            "kind": "oscillator",
            "frequency": 7467139071.0,
            "power": -46.0
        },
        "0/probe/mixer": {
            "kind": "iq-mixer",
            "offset_i": -2.66273665428162,
            "offset_q": 1.73328900337219,
            "scale_q": 1.0164984464645386,
            "phase_q": 7.954648017883301
        },
        "1/probe/mixer": {
            "kind": "iq-mixer",
            "offset_i": -2.66273665428162,
            "offset_q": 1.73328900337219,
            "scale_q": 1.0141253471374512,
            "phase_q": 15.622164726257324
        },
        "0/drive/mixer": {
            "kind": "iq-mixer",
            "offset_i": -7.71271085739136,
            "offset_q": -11.3149108886719,
            "scale_q": 0.9985907077789307,
            "phase_q": -17.34004783630371
        },
        "1/drive/mixer": {
            "kind": "iq-mixer",
            "offset_i": -9.12446880340576,
            "offset_q": -8.62504291534424,
            "scale_q": 0.9682835936546326,
            "phase_q": -10.262931823730469
        }
    },
    "native_gates": {
        "single_qubit": {
            "0": {
                "RX": [
                    [
                        "0/drive",
                        {
                            "kind": "pulse",
                            "duration": 40.0,
                            "amplitude": 0.354893230620278,
                            "envelope": {
                                "kind": "drag",
                                "rel_sigma": 0.25,
                                "beta": -1.8033222821745176
                            },
                            "relative_phase": 0.0,
                            "chirp": null
                        }
                    ]
                ],
                "RX90": null,
                "RX12": null,
                "MZ": [
                    [
                        "0/acquisition",
                        {
                            "kind": "readout",
                            "acquisition": {
                                "kind": "acquisition",
                                "duration": 1600.0
                            },
                            "probe": {
                                "kind": "pulse",
                                "duration": 1500.0,
                                "amplitude": 0.1,
                                "envelope": {
                                    "kind": "rectangular"
                                },
                                "relative_phase": 0.0,
                                "chirp": null
                            },
                            "time_of_flight": 220.0
                        }
                    ]
                ],
                "CP": null
            },
            "1": {
                "RX": [
                    [
                        "1/drive",
                        {
                            "kind": "pulse",
                            "duration": 40.0,
                            "amplitude": 0.3136688060156329,
                            "envelope": {
                                "kind": "drag",
                                "rel_sigma": 0.25,
                                "beta": -0.6626237941504876
                            },
                            "relative_phase": 0.0,
                            "chirp": null
                        }
                    ]
                ],
                "RX90": null,
                "RX12": null,
                "MZ": [
                    [
                        "1/acquisition",
                        {
                            "kind": "readout",
                            "acquisition": {
                                "kind": "acquisition",
                                "duration": 1600.0
                            },
                            "probe": {
                                "kind": "pulse",
                                "duration": 1500.0,
                                "amplitude": 0.3,
                                "envelope": {
                                    "kind": "rectangular"
                                },
                                "relative_phase": 0.0,
                                "chirp": null
                            },
                            "time_of_flight": 220.0
                        }
                    ]
                ],
                "CP": null
            }
        },
        "coupler": {},
        "two_qubit": {}
    }
}