{
    "single_qubits": {
        "B1": {
            "resonator": {
                "bare_frequency": 7143662474.0,
                "dressed_frequency": 7123129302.0,
                "depletion_time": null,
                "bare_frequency_amplitude": null
            },
            "qubit": {
                "frequency_01": 5001386350.895779,
                "frequency_12": 4892000000.0,
                "maximum_frequency": 5001029715.0,
                "asymmetry": null,
                "sweetspot": -0.013222346927128365,
                "flux_coefficients": [
                    -1.771683439586141,
                    -0.03396063709399469,
                    0.0007866287742131908
                ]
            },
            "readout": {
                "fidelity": 0.8743024182832846,
                "coupling": 23166557.67842824,
                "effective_temperature": 0.07602057261104941,
                "ground_state": [
                    0.000278939062104941,
                    0.004724079157368589
                ],
                "excited_state": [
                    -0.0021706073387265366,
                    0.008487206962184326
                ],
                "qudits_frequency": {
                    "1": 7122623407.214086
                }
            },
            "t1": [
                17752.32131280898,
                406.3966869016
            ],
            "t2": [
                25688.718319986332,
                418.1607924608804
            ],
            "t2_spin_echo": [
                30377.6023915856,
                1031.201103741346
            ],
            "rb_fidelity": [
                0.0,
                null
            ]
        },
        "B2": {
            "resonator": {
                "bare_frequency": 7392332635.0,
                "dressed_frequency": 7370243724.0,
                "depletion_time": null,
                "bare_frequency_amplitude": null
            },
            "qubit": {
                "frequency_01": 5970965482.456472,
                "frequency_12": 5823000000.0,
                "maximum_frequency": 5971052580.0,
                "asymmetry": null,
                "sweetspot": 0.36378615627616506,
                "flux_coefficients": [
                    -1.9501450326372338,
                    -0.12008970437441618,
                    0.0038594867746432043
                ]
            },
            "readout": {
                "fidelity": 0.9534945522189742,
                "coupling": 30189885.63916474,
                "effective_temperature": 0.057496108443646665,
                "ground_state": [
                    -0.0015710841227349732,
                    -0.019207491658295033
                ],
                "excited_state": [
                    0.009338166172671376,
                    -0.017674980902415212
                ],
                "qudits_frequency": {
                    "1": 7368941011.368767
                }
            },
            "t1": [
                17048.289344855846,
                368.4281753485059
            ],
            "t2": [
                21200.65125733725,
                301.72030780732973
            ],
            "t2_spin_echo": [
                9589.717285324175,
                910.017394051578
            ],
            "rb_fidelity": [
                0.0,
                null
            ]
        },
        "B3": {
            "resonator": {
                "bare_frequency": 7492173053.0,
                "dressed_frequency": 7472634881.0,
                "depletion_time": null,
                "bare_frequency_amplitude": null
            },
            "qubit": {
                "frequency_01": 5685101196.231535,
                "frequency_12": 5570000000.0,
                "maximum_frequency": 5685159634.0,
                "asymmetry": null,
                "sweetspot": 0.1222805504509881,
                "flux_coefficients": [
                    -2.367173612125169,
                    -0.0033559087464416827,
                    -0.00022884262040074522
                ]
            },
            "readout": {
                "fidelity": 0.8987509965453097,
                "coupling": 27271543.388991848,
                "effective_temperature": 0.06879836341981638,
                "ground_state": [
                    -0.0027088996303059184,
                    0.004409099271352003
                ],
                "excited_state": [
                    -0.009163367050919417,
                    0.003585551367687032
                ],
                "qudits_frequency": {
                    "1": 7471802743.691179
                }
            },
            "t1": [
                23116.704144663567,
                966.5821257212858
            ],
            "t2": [
                16181.686518410608,
                294.28245896271244
            ],
            "t2_spin_echo": [
                36687.09295729495,
                2037.603537437229
            ],
            "rb_fidelity": [
                0.0,
                null
            ]
        },
        "B4": {
            "resonator": {
                "bare_frequency": 7708293729.0,
                "dressed_frequency": 7694965582.0,
                "depletion_time": null,
                "bare_frequency_amplitude": null
            },
            "qubit": {
                "frequency_01": 6811504529.581522,
                "frequency_12": null,
                "maximum_frequency": 6811522685.0,
                "asymmetry": null,
                "sweetspot": 0.051010333853627854,
                "flux_coefficients": [
                    -2.6111469928779063,
                    0.01006589514300028,
                    0.0005596833137488074
                ]
            },
            "readout": {
                "fidelity": 0.840287005049163,
                "coupling": 8073373.648768808,
                "effective_temperature": 0.11463866353043954,
                "ground_state": [
                    -0.00767500353750297,
                    -0.004977435759795296
                ],
                "excited_state": [
                    -0.0028612960061667734,
                    -0.0053328826890849
                ],
                "qudits_frequency": {
                    "1": 7694818027.75375
                }
            },
            "t1": [
                3454.4448657963117,
                138.9456497410725
            ],
            "t2": [
                4328.63908743337,
                171.42497107560285
            ],
            "t2_spin_echo": [
                0.0,
                null
            ],
            "rb_fidelity": [
                0.0,
                null
            ]
        },
        "B5": {
            "resonator": {
                "bare_frequency": 7638064745.0,
                "dressed_frequency": 7637282690.0,
                "depletion_time": null,
                "bare_frequency_amplitude": null
            },
            "qubit": {
                "frequency_01": 5698576886.463891,
                "frequency_12": null,
                "maximum_frequency": 5785719025.0,
                "asymmetry": null,
                "sweetspot": -0.41688801869870834,
                "flux_coefficients": [
                    -2.3743355613599006,
                    -0.5524730159137231,
                    -0.00018630999480010084
                ]
            },
            "readout": {
                "fidelity": 0.936752591017805,
                "coupling": 26344389.45896762,
                "effective_temperature": 0.05519646083580214,
                "ground_state": [
                    -0.005229858699004727,
                    -0.004585473743636946
                ],
                "excited_state": [
                    -0.000659862948507823,
                    -0.009882289075784914
                ],