{
    "single_qubits": {
        "B1": {
            "resonator": {
                "bare_frequency": 7110643408.0,
                "dressed_frequency": 7123141314.0,
                "depletion_time": null,
                "bare_frequency_amplitude": 0.4
            },
            "qubit": {
                "frequency_01": 4999879000.0,
                "frequency_12": 4779067553.251697,
                "maximum_frequency": 5000057557.0,
                "asymmetry": null,
                "sweetspot": -0.018946732776366743,
                "flux_coefficients": [
                    -1.771683439586141,
                    -0.03396063709399469,
                    0.0007866287742131908
                ]
            },
            "readout": {
                "fidelity": 0.847398689313896,
                "coupling": 32241638.428435594,
                "effective_temperature": 0.01507876558857554,
                "ground_state": [
                    0.0003292586936185957,
                    0.0020246882420951787
                ],
                "excited_state": [
                    0.00013052151493964323,
                    0.004996315997018682
                ],
                "qudits_frequency": {
                    "1": 7122164860.29066
                }
            },
            "t1": [
                20401.882777560655,
                55.28268744653538
            ],
            "t2": [
                19900.160510431306,
                314.5437800535533
            ],
            "t2_spin_echo": [
                29304.928153782053,
                322.15957543658067
            ],
            "rb_fidelity": [
                0.0,
                null
            ]
        },
        "B2": {
            "resonator": {
                "bare_frequency": 7358690734.0,
                "dressed_frequency": 7369876000.0,
                "depletion_time": null,
                "bare_frequency_amplitude": 0.5
            },
            "qubit": {
                "frequency_01": 5956161362.0,
                "frequency_12": 5651827342.656521,
                "maximum_frequency": 5951010006.0,
                "asymmetry": null,
                "sweetspot": -0.4818085909796844,
                "flux_coefficients": [
                    -1.9501450326372338,
                    -0.12008970437441618,
                    0.0038594867746432043
                ]
            },
            "readout": {
                "fidelity": 0.9201551424368063,
                "coupling": 26932987.15192102,
                "effective_temperature": 0.012431676902878398,
                "ground_state": [
                    -0.0037971171076930333,
                    -0.0022526373516034847
                ],
                "excited_state": [
                    -0.005551711152813023,
                    -0.008007431990966865
                ],
                "qudits_frequency": {
                    "1": 7368912354.728291
                }
            },
            "t1": [
                20868.042217237988,
                99.47554295617468
            ],
            "t2": [
                1785.5382776355757,
                57.45432565149193
            ],
            "t2_spin_echo": [
                9390.063151719576,
                90.88373319750721
            ],
            "rb_fidelity": [
                0.0,
                null
            ]
        },
        "B3": {
            "resonator": {
                "bare_frequency": 7462488456.0,
                "dressed_frequency": 7462639000.0,
                "depletion_time": null,
                "bare_frequency_amplitude": 0.5
            },
            "qubit": {
                "frequency_01": 5685127000.0,
                "frequency_12": 5473844035.295739,
                "maximum_frequency": 5685474620.0,
                "asymmetry": null,
                "sweetspot": 0.04577020366144625,
                "flux_coefficients": [
                    -2.367173612125169,
                    -0.0033559087464416827,
                    -0.00022884262040074522
                ]
            },
            "readout": {
                "fidelity": 0.8179751237127191,
                "coupling": 27302444.145566773,
                "effective_temperature": 0.017957557839219655,
                "ground_state": [
                    -0.000015898501082302075,
                    0.0012291792364699178
                ],
                "excited_state": [
                    -0.002088417793712913,
                    0.003454031276004557
                ],
                "qudits_frequency": {
                    "1": 7471805225.803766
                }
            },
            "t1": [
                25715.18981422553,
                178.73597446001207
            ],
            "t2": [
                25186.83046165953,
                302.33442601716445
            ],
            "t2_spin_echo": [
                26944.310917200288,
                332.6028800979844
            ],
            "rb_fidelity": [
                0.0,
                null
            ]
        },
        "B4": {
            "resonator": {
                "bare_frequency": 7686509000.0,
                "dressed_frequency": 7696059000.0,
                "depletion_time": null,
                "bare_frequency_amplitude": 0.3
            },
            "qubit": {
                "frequency_01": 6811503000.0,
                "frequency_12": 6614449354.454563,
                "maximum_frequency": 6811491569.0,
                "asymmetry": null,
                "sweetspot": 0.17155423256001362,
                "flux_coefficients": [
                    -2.6111469928779063,
                    0.01006589514300028,
                    0.0005596833137488074
                ]
            },
            "readout": {
                "fidelity": 0.6667112478266685,
                "coupling": 8752004.356236028,
                "effective_temperature": 0.027178202153852762,
                "ground_state": [
                    -0.001204345128696427,
                    0.0006339855107850064
                ],
                "excited_state": [
                    -0.003938345337465707,
                    0.000513342382420954
                ],
                "qudits_frequency": {
                    "1": 7695035131.866897
                }
            },
            "t1": [
                3460.4838546363603,
                64.81184131351453
            ],
            "t2": [
                5479.590869515389,
                136.93388601466202
            ],
            "t2_spin_echo": [
                6545.022372929835,
                144.83654379171546
            ],
            "rb_fidelity": [
                0.0,
                null
            ]
        },
        "B5": {
            "resonator": {
                "bare_frequency": 7632703326.0,
                "dressed_frequency": 7637612000.0,
                "depletion_time": null,
                "bare_frequency_amplitude": 0.1
            },
            "qubit": {
                "frequency_01": 5741773000.0,
                "frequency_12": 5524827563.515728,
                "maximum_frequency": 5741801327.0,
                "asymmetry": null,
                "sweetspot": 0.32754223203441096,
                "flux_coefficients": [
                    -2.3743355613599006,
                    -0.5524730159137231,
                    -0.00018630999480010084
                ]
            },
            "readout": {
                "fidelity": 0.967901564798716,
                "coupling": 27646797.5158317,
                "effective_temperature": 0.008876895356870158,
                "ground_state": [
                    -0.002849473996665049,
                    0.0010326228754588237
                ],
                "excited_state": [
                    -0.005751011940236236,
                    -0.006051356914297884
                ],