{
    "single_qubits": {
        "B1": {
            "resonator": {
                "bare_frequency": 7143662474.0,
                "dressed_frequency": 7123131448.0,
                "depletion_time": null,
                "bare_frequency_amplitude": null
            },
            "qubit": {
                "frequency_01": 5001386350.895779,
                "frequency_12": 4892000000.0,
                "maximum_frequency": 5001029715.0,
                "asymmetry": null,
                "sweetspot": -0.013222346927128365,
                "flux_coefficients": [
                    -1.771683439586141,
                    -0.03396063709399469,
                    0.0007866287742131908
                ]
            },
            "readout": {
                "fidelity": 0.8836035078394898,
                "coupling": 22366994.203907464,
                "effective_temperature": 0.07326642617909616,
                "ground_state": [
                    0.0003215059317032347,
                    0.004760415768532438
                ],
                "excited_state": [
                    -0.0011409159107250069,
                    0.008974108822225985
                ],
                "qudits_frequency": {
                    "1": 7122703353.542716
                }
            },
            "t1": [
                17752.32131280898,
                406.3966869016
            ],
            "t2": [
                25688.718319986332,
                418.1607924608804
            ],
            "t2_spin_echo": [
                30377.6023915856,
                1031.201103741346
            ],
            "rb_fidelity": [
                0.0,
                null
            ]
        },
        "B2": {
            "resonator": {
                "bare_frequency": 7392332635.0,
                "dressed_frequency": 7370029300.0,
                "depletion_time": null,
                "bare_frequency_amplitude": null
            },
            "qubit": {
                "frequency_01": 5970965482.456472,
                "frequency_12": 5823000000.0,
                "maximum_frequency": 5971052580.0,
                "asymmetry": null,
                "sweetspot": 0.36378615627616506,
                "flux_coefficients": [
                    -1.9501450326372338,
                    -0.12008970437441618,
                    0.0038594867746432043
                ]
            },
            "readout": {
                "fidelity": 0.9194791389848526,
                "coupling": 26932987.15192102,
                "effective_temperature": 0.07225775567575128,
                "ground_state": [
                    -0.013029991815817174,
                    -0.00766015377076099
                ],
                "excited_state": [
                    -0.018875049025715268,
                    -0.011014460421427431
                ],
                "qudits_frequency": {
                    "1": 7368912354.728291
                }
            },
            "t1": [
                17048.289344855846,
                368.4281753485059
            ],
            "t2": [
                21200.65125733725,
                301.72030780732973
            ],
            "t2_spin_echo": [
                9589.717285324175,
                910.017394051578
            ],
            "rb_fidelity": [
                0.0,
                null
            ]
        },
        "B3": {
            "resonator": {
                "bare_frequency": 7492173053.0,
                "dressed_frequency": 7472638764.0,
                "depletion_time": null,
                "bare_frequency_amplitude": null
            },
            "qubit": {
                "frequency_01": 5685101196.231535,
                "frequency_12": 5570000000.0,
                "maximum_frequency": 5685159634.0,
                "asymmetry": null,
                "sweetspot": 0.1222805504509881,
                "flux_coefficients": [
                    -2.367173612125169,
                    -0.0033559087464416827,
                    -0.00022884262040074522
                ]
            },
            "readout": {
                "fidelity": 0.8976880148817433,
                "coupling": 27102524.57707877,
                "effective_temperature": 0.07833543144993034,
                "ground_state": [
                    -0.0021950617145496732,
                    0.0031430528030409544
                ],
                "excited_state": [
                    -0.0069725015469206284,
                    0.007092021503704772
                ],
                "qudits_frequency": {
                    "1": 7471821082.768604
                }
            },
            "t1": [
                23116.704144663567,
                966.5821257212858
            ],
            "t2": [
                16181.686518410608,
                294.28245896271244
            ],
            "t2_spin_echo": [
                36687.09295729495,
                2037.603537437229
            ],
            "rb_fidelity": [
                0.0,
                null
            ]
        },
        "B4": {
            "resonator": {
                "bare_frequency": 7708293729.0,
                "dressed_frequency": 7695407595.0,
                "depletion_time": null,
                "bare_frequency_amplitude": null
            },
            "qubit": {
                "frequency_01": 6811504529.581522,
                "frequency_12": null,
                "maximum_frequency": 6811522685.0,
                "asymmetry": null,
                "sweetspot": 0.051010333853627854,
                "flux_coefficients": [
                    -2.6111469928779063,
                    0.01006589514300028,
                    0.0005596833137488074
                ]
            },
            "readout": {
                "fidelity": 0.7265479670475684,
                "coupling": 8752004.356236028,
                "effective_temperature": 0.1684676602377782,
                "ground_state": [
                    -0.005327025847596729,
                    -0.0029368282813884883
                ],
                "excited_state": [
                    -0.005176180946424608,
                    -0.0067536993258626036
                ],
                "qudits_frequency": {
                    "1": 7695035131.866897
                }
            },
            "t1": [
                3454.4448657963117,
                138.9456497410725
            ],
            "t2": [
                4328.63908743337,
                171.42497107560285
            ],
            "t2_spin_echo": [
                0.0,
                null
            ],
            "rb_fidelity": [
                0.0,
                null
            ]
        },
        "B5": {
            "resonator": {
                "bare_frequency": 7638064745.0,
                "dressed_frequency": 7637319493.0,
                "depletion_time": null,
                "bare_frequency_amplitude": null
            },
            "qubit": {
                "frequency_01": 5698576886.463891,
                "frequency_12": null,
                "maximum_frequency": 5785719025.0,
                "asymmetry": null,
                "sweetspot": -0.41688801869870834,
                "flux_coefficients": [
                    -2.3743355613599006,
                    -0.5524730159137231,
                    -0.00018630999480010084
                ]
            },
            "readout": {
                "fidelity": 0.926122774382142,
                "coupling": 26638969.248369943,
                "effective_temperature": 0.050861830426582745,
                "ground_state": [
                    -0.0049439109004545505,
                    -0.002932201048166381
                ],
                "excited_state": [
                    -0.006530767863548534,
                    -0.009579646328591363
                ],