{
    "single_qubits": {
        "B1": {
            "resonator": {
                "bare_frequency": 7143662474.0,
                "dressed_frequency": 7123118280.0,
                "depletion_time": null,
                "bare_frequency_amplitude": null
            },
            "qubit": {
                "frequency_01": 4994175057.426989,
                "frequency_12": 4892000000.0,
                "maximum_frequency": 5001029715.0,
                "asymmetry": null,
                "sweetspot": -0.013222346927128365,
                "flux_coefficients": [
                    -1.771683439586141,
                    -0.03396063709399469,
                    0.0007866287742131908
                ]
            },
            "readout": {
                "fidelity": 0.9176189210736114,
                "coupling": 31636742.599712603,
                "effective_temperature": 0.0563349446346614,
                "ground_state": [
                    -0.005647440983995831,
                    0.0063117145863978465
                ],
                "excited_state": [
                    -0.008001364630934345,
                    0.0012593547908384814
                ],
                "qudits_frequency": {
                    "1": 7122178017.469607
                }
            },
            "t1": [
                19780.543340252552,
                503.89522383797754
            ],
            "t2": [
                8909.757123453566,
                426.51156534602796
            ],
            "t2_spin_echo": [
                30377.6023915856,
                1031.201103741346
            ],
            "rb_fidelity": [
                0.0,
                null
            ]
        },
        "B2": {
            "resonator": {
                "bare_frequency": 7392332635.0,
                "dressed_frequency": 7369961853.0,
                "depletion_time": null,
                "bare_frequency_amplitude": null
            },
            "qubit": {
                "frequency_01": 5951383982.680708,
                "frequency_12": 5823000000.0,
                "maximum_frequency": 5971052580.0,
                "asymmetry": null,
                "sweetspot": 0.36378615627616506,
                "flux_coefficients": [
                    -1.9501450326372338,
                    -0.12008970437441618,
                    0.0038594867746432043
                ]
            },
            "readout": {
                "fidelity": 0.9505713526441668,
                "coupling": 26932987.15192102,
                "effective_temperature": 0.05552428366640175,
                "ground_state": [
                    0.002159933684454074,
                    -0.019269060931655216
                ],
                "excited_state": [
                    0.011961059989825924,
                    -0.015374645199740532
                ],
                "qudits_frequency": {
                    "1": 7368912354.728291
                }
            },
            "t1": [
                14305.026043857775,
                278.47982249954015
            ],
            "t2": [
                2690.837452128877,
                118.28214236460224
            ],
            "t2_spin_echo": [
                9589.717285324175,
                910.017394051578
            ],
            "rb_fidelity": [
                0.0,
                null
            ]
        },
        "B3": {
            "resonator": {
                "bare_frequency": 7492173053.0,
                "dressed_frequency": 7472639168.0,
                "depletion_time": null,
                "bare_frequency_amplitude": null
            },
            "qubit": {
                "frequency_01": 5684929755.489909,
                "frequency_12": 5570000000.0,
                "maximum_frequency": 5685159634.0,
                "asymmetry": null,
                "sweetspot": 0.1222805504509881,
                "flux_coefficients": [
                    -2.367173612125169,
                    -0.0033559087464416827,
                    -0.00022884262040074522
                ]
            },
            "readout": {
                "fidelity": 0.9117725219239968,
                "coupling": 27302444.145566773,
                "effective_temperature": 0.07065209526593606,
                "ground_state": [
                    -0.0036497115919399874,
                    0.00502331066225696
                ],
                "excited_state": [
                    -0.009882118385616782,
                    0.002161700818059041
                ],
                "qudits_frequency": {
                    "1": 7471805225.803766
                }
            },
            "t1": [
                25344.87862298221,
                798.1278135636267
            ],
            "t2": [
                12256.649948933462,
                1221.1965068619477
            ],
            "t2_spin_echo": [
                36687.09295729495,
                2037.603537437229
            ],
            "rb_fidelity": [
                0.0,
                null
            ]
        },
        "B4": {
            "resonator": {
                "bare_frequency": 7708293729.0,
                "dressed_frequency": 7695387165.0,
                "depletion_time": null,
                "bare_frequency_amplitude": null
            },
            "qubit": {
                "frequency_01": 6805560452.242589,
                "frequency_12": null,
                "maximum_frequency": 6811522685.0,
                "asymmetry": null,
                "sweetspot": 0.051010333853627854,
                "flux_coefficients": [
                    -2.6111469928779063,
                    0.01006589514300028,
                    0.0005596833137488074
                ]
            },
            "readout": {
                "fidelity": 0.8291256975817167,
                "coupling": 8752004.356236028,
                "effective_temperature": 0.10560078068771199,
                "ground_state": [
                    -0.007292114926917304,
                    -0.0060278644452830005
                ],
                "excited_state": [
                    -0.0024970826499090847,
                    -0.005902667775643243
                ],
                "qudits_frequency": {
                    "1": 7695035131.866897
                }
            },
            "t1": [
                4045.816092284398,
                143.06346641469204
            ],
            "t2": [
                1552.8353146627512,
                237.26135727263025
            ],
            "t2_spin_echo": [
                0.0,
                null
            ],
            "rb_fidelity": [
                0.0,
                null
            ]
        },
        "B5": {
            "resonator": {
                "bare_frequency": 7638064745.0,
                "dressed_frequency": 7637366908.0,
                "depletion_time": null,
                "bare_frequency_amplitude": null
            },
            "qubit": {
                "frequency_01": 5734259357.3037195,
                "frequency_12": null,
                "maximum_frequency": 5785719025.0,
                "asymmetry": null,
                "sweetspot": -0.41688801869870834,
                "flux_coefficients": [
                    -2.3743355613599006,
                    -0.5524730159137231,
                    -0.00018630999480010084
                ]
            },
            "readout": {
                "fidelity": 0.914164230667021,
                "coupling": 27646797.5158317,
                "effective_temperature": 0.05521679849267722,
                "ground_state": [
                    -0.0061296341028129284,
                    -0.0040237345878041805
                ],
                "excited_state": [
                    -0.002400010123298487,
                    -0.010326788716420131
                ],