{
    "single_qubits": {
        "B1": {
            "resonator": {
                "bare_frequency": 7146395240.0,
                "dressed_frequency": 7123105136.0,
                "depletion_time": null,
                "bare_frequency_amplitude": 0.6
            },
            "qubit": {
                "frequency_01": 5000068886.0,
                "frequency_12": 4779067553.251697,
                "maximum_frequency": 5000083333.0,
                "asymmetry": null,
                "sweetspot": -0.01857684885289427,
                "flux_coefficients": [
                    -2.0003470585601897,
                    0.017237811905519887,
                    0.03901614584437639
                ]
            },
            "readout": {
                "fidelity": 0.9058355437665783,
                "coupling": 32241638.428435594,
                "effective_temperature": 0.06834615940314082,
                "ground_state": [
                    -0.0025115122534234784,
                    -0.004110355699190186
                ],
                "excited_state": [
                    0.0017981507496745263,
                    -0.004706414589356996
                ],
                "qudits_frequency": {
                    "1": 7122164860.29066
                }
            },
            "t1": [
                13488.510827189242,
                309.87416698868543
            ],
            "t2": [
                20063.445017402348,
                954.653383513335
            ],
            "t2_spin_echo": [
                17451.21434918955,
                709.713997192959
            ],
            "rb_fidelity": [
                0.0,
                null
            ]
        },
        "B2": {
            "resonator": {
                "bare_frequency": 7392332635.0,
                "dressed_frequency": 7369825892.0,
                "depletion_time": null,
                "bare_frequency_amplitude": null
            },
            "qubit": {
                "frequency_01": 5954249165.0,
                "frequency_12": 5651827342.656521,
                "maximum_frequency": 5954997453.0,
                "asymmetry": null,
                "sweetspot": -0.5,
                "flux_coefficients": [
                    -2.3818083900021954,
                    -0.37392385150815927,
                    -0.13461448019724132
                ]
            },
            "readout": {
                "fidelity": 0.8938992042440318,
                "coupling": 26932987.15192102,
                "effective_temperature": 0.09705036940623774,
                "ground_state": [
                    0.009711900431333215,
                    0.004579874669418897
                ],
                "excited_state": [
                    0.0034897863538812263,
                    0.011970990478241475
                ],
                "qudits_frequency": {
                    "1": 7368912354.728291
                }
            },
            "t1": [
                19360.88346980252,
                482.13236333853087
            ],
            "t2": [
                2479.4861193036813,
                145.58135037289705
            ],
            "t2_spin_echo": [
                12121.113911626036,
                405.8802180842636
            ],
            "rb_fidelity": [
                0.0,
                null
            ]
        },
        "B3": {
            "resonator": {
                "bare_frequency": 7492173053.0,
                "dressed_frequency": 7472638672.0,
                "depletion_time": null,
                "bare_frequency_amplitude": null
            },
            "qubit": {
                "frequency_01": 5685203669.0,
                "frequency_12": 5473844035.295739,
                "maximum_frequency": 5685123772.0,
                "asymmetry": null,
                "sweetspot": 0.048477350140008396,
                "flux_coefficients": [
                    -2.022153690208504,
                    0.030857611381170744,
                    -0.01855427483593501
                ]
            },
            "readout": {
                "fidelity": 0.8156498673740052,
                "coupling": 27302444.145566773,
                "effective_temperature": 0.11917537045539575,
                "ground_state": [
                    -0.003924279011805959,
                    -0.0011197309441684717
                ],
                "excited_state": [
                    -0.004800252655931114,
                    -0.005647867339952239
                ],
                "qudits_frequency": {
                    "1": 7471805225.803766
                }
            },
            "t1": [
                24664.987107572,
                1070.3204563205024
            ],
            "t2": [
                26935.518891906486,
                2249.7724348252195
            ],
            "t2_spin_echo": [
                25585.465480465366,
                1600.621515751508
            ],
            "rb_fidelity": [
                0.0,
                null
            ]
        },
        "B4": {
            "resonator": {
                "bare_frequency": 7708293729.0,
                "dressed_frequency": 7695659315.0,
                "depletion_time": null,
                "bare_frequency_amplitude": null
            },
            "qubit": {
                "frequency_01": 6811490532.0,
                "frequency_12": 6614449354.454563,
                "maximum_frequency": 6811506295.0,
                "asymmetry": null,
                "sweetspot": 0.17143890453648397,
                "flux_coefficients": [
                    -2.6111469928779063,
                    0.01006589514300028,
                    0.0005596833137488074
                ]
            },
            "readout": {
                "fidelity": 0.6591511936339522,
                "coupling": 8752004.356236028,
                "effective_temperature": 0.1316115844792327,
                "ground_state": [
                    0.001066975819880777,
                    0.00698474327716527
                ],
                "excited_state": [
                    -0.0009333732431700123,
                    0.004573155663887765
                ],
                "qudits_frequency": {
                    "1": 7695035131.866897
                }
            },
            "t1": [
                3119.473687984371,
                83.1066038925918
            ],
            "t2": [
                5482.911338598193,
                300.673834558629
            ],
            "t2_spin_echo": [
                6257.384185656371,
                347.726633586778
            ],
            "rb_fidelity": [
                0.0,
                null
            ]
        },
        "B5": {
            "resonator": {
                "bare_frequency": 7638064745.0,
                "dressed_frequency": 7637312187.0,
                "depletion_time": null,
                "bare_frequency_amplitude": null
            },
            "qubit": {
                "frequency_01": 5741831041.0,
                "frequency_12": 5524827563.515728,
                "maximum_frequency": 5741864238.0,
                "asymmetry": null,
                "sweetspot": 0.3315004619980794,
                "flux_coefficients": [
                    -2.3743355613599006,
                    -0.5524730159137231,
                    -0.00018630999480010084
                ]
            },
            "readout": {
                "fidelity": 0.946949602122016,
                "coupling": 27646797.5158317,
                "effective_temperature": 0.05561542091906593,
                "ground_state": [
                    -0.002015127253596329,
                    -0.0017297303368994123
                ],
                "excited_state": [
                    0.002353631098327333,
                    -0.007102815098368837
                ],