{
    "single_qubits": {
        "B1": {
            "resonator": {
                "bare_frequency": 7143662474.0,
                "dressed_frequency": 7123141314.0,
                "depletion_time": null,
                "bare_frequency_amplitude": null
            },
            "qubit": {
                "frequency_01": 4995280675.0,
                "frequency_12": 4779067553.251697,
                "maximum_frequency": 4999945907.0,
                "asymmetry": null,
                "sweetspot": -0.01911425545775281,
                "flux_coefficients": [
                    -1.771683439586141,
                    -0.03396063709399469,
                    0.0007866287742131908
                ]
            },
            "readout": {
                "fidelity": 0.2228116710875332,
                "coupling": 32241638.428435594,
                "effective_temperature": 0.2927579790611647,
                "ground_state": [
                    0.002802164201442422,
                    0.0026528638445500073
                ],
                "excited_state": [
                    0.0033530944350622692,
                    0.002445222543112795
                ],
                "qudits_frequency": {
                    "1": 7122164860.29066
                }
            },
            "t1": [
                22534.30655332051,
                2421.712717561069
            ],
            "t2": [
                775948.4359337743,
                81883702.28803965
            ],
            "t2_spin_echo": [
                253126.26259450687,
                3306938.4495089855
            ],
            "rb_fidelity": [
                0.0,
                null
            ]
        },
        "B2": {
            "resonator": {
                "bare_frequency": 7392332635.0,
                "dressed_frequency": 7369825892.0,
                "depletion_time": null,
                "bare_frequency_amplitude": null
            },
            "qubit": {
                "frequency_01": 5954787270.0,
                "frequency_12": 5651827342.656521,
                "maximum_frequency": 5955390713.0,
                "asymmetry": null,
                "sweetspot": -0.5,
                "flux_coefficients": [
                    -1.9501450326372338,
                    -0.12008970437441618,
                    0.0038594867746432043
                ]
            },
            "readout": {
                "fidelity": 0.11405835543766579,
                "coupling": 26932987.15192102,
                "effective_temperature": -4.201096459477431,
                "ground_state": [
                    -0.013366176904086773,
                    0.003182775727985052
                ],
                "excited_state": [
                    -0.013010062588581357,
                    0.00315957719988785
                ],
                "qudits_frequency": {
                    "1": 7368912354.728291
                }
            },
            "t1": [
                13017.891936296686,
                7149.108577280954
            ],
            "t2": [
                11676.838547936031,
                16524.3994735682
            ],
            "t2_spin_echo": [
                3677.2991642734287,
                2438.6952056585906
            ],
            "rb_fidelity": [
                0.0,
                null
            ]
        },
        "B3": {
            "resonator": {
                "bare_frequency": 7492173053.0,
                "dressed_frequency": 7472638672.0,
                "depletion_time": null,
                "bare_frequency_amplitude": null
            },
            "qubit": {
                "frequency_01": 5682605558.0,
                "frequency_12": 5473844035.295739,
                "maximum_frequency": 5685196395.0,
                "asymmetry": null,
                "sweetspot": 0.045258207019902956,
                "flux_coefficients": [
                    -2.367173612125169,
                    -0.0033559087464416827,
                    -0.00022884262040074522
                ]
            },
            "readout": {
                "fidelity": 0.6870026525198939,
                "coupling": 27302444.145566773,
                "effective_temperature": 0.15023608274224926,
                "ground_state": [
                    0.00019871681708912427,
                    0.0027003992478745235
                ],
                "excited_state": [
                    0.0023641469950147903,
                    0.002747717143014192
                ],
                "qudits_frequency": {
                    "1": 7471805225.803766
                }
            },
            "t1": [
                23921.202764795675,
                1637.7273824927306
            ],
            "t2": [
                3918.8138672191676,
                322.0752937476775
            ],
            "t2_spin_echo": [
                2861.8362482109414,
                226.5166431610182
            ],
            "rb_fidelity": [
                0.0,
                null
            ]
        },
        "B4": {
            "resonator": {
                "bare_frequency": 7708293729.0,
                "dressed_frequency": 7695659315.0,
                "depletion_time": null,
                "bare_frequency_amplitude": null
            },
            "qubit": {
                "frequency_01": 6811312667.0,
                "frequency_12": 6614449354.454563,
                "maximum_frequency": 6811491225.0,
                "asymmetry": null,
                "sweetspot": 0.17192461646513932,
                "flux_coefficients": [
                    -2.6111469928779063,
                    0.01006589514300028,
                    0.0005596833137488074
                ]
            },
            "readout": {
                "fidelity": 0.5583554376657826,
                "coupling": 8752004.356236028,
                "effective_temperature": 0.24118918367701675,
                "ground_state": [
                    -0.002474352647487983,
                    0.0018894395044438002
                ],
                "excited_state": [
                    -0.0013363273611751729,
                    0.0032973945565739106
                ],
                "qudits_frequency": {
                    "1": 7695035131.866897
                }
            },
            "t1": [
                4335.132529506257,
                141.59578390905867
            ],
            "t2": [
                2383.0268385591867,
                153.66861446368856
            ],
            "t2_spin_echo": [
                2041.800224015688,
                178.10554108666412
            ],
            "rb_fidelity": [
                0.0,
                null
            ]
        },
        "B5": {
            "resonator": {
                "bare_frequency": 7638064745.0,
                "dressed_frequency": 7637312187.0,
                "depletion_time": null,
                "bare_frequency_amplitude": null
            },
            "qubit": {
                "frequency_01": 5741237705.0,
                "frequency_12": 5524827563.515728,
                "maximum_frequency": 5741830341.0,
                "asymmetry": null,
                "sweetspot": 0.328192258130152,
                "flux_coefficients": [
                    -2.3743355613599006,
                    -0.5524730159137231,
                    -0.00018630999480010084
                ]
            },
            "readout": {
                "fidelity": 0.9177718832891247,
                "coupling": 27646797.5158317,
                "effective_temperature": 0.05392116503062487,
                "ground_state": [
                    -0.0073346622018568,
                    -0.0003244726351854309
                ],
                "excited_state": [
                    -0.009794433292406623,
                    0.005227824643412382
                ],