{
    "single_qubits": {
        "B1": {
            "resonator": {
                "bare_frequency": 7110714000.0,
                "dressed_frequency": 7113798000.0,
                "depletion_time": null,
                "bare_frequency_amplitude": 0.8
            },
            "qubit": {
                "frequency_01": 4963973187.0,
                "frequency_12": 4779067553.251697,
                "maximum_frequency": 5000057557.0,
                "asymmetry": null,
                "sweetspot": -0.44644901514656743,
                "flux_coefficients": [
                    -0.8036782686336027,
                    -0.818812339098507,
                    0.009433099684165083
                ]
            },
            "readout": {
                "fidelity": 0.9004948508760198,
                "coupling": 0.49999999193930944,
                "effective_temperature": 0.0646621132428172,
                "ground_state": [
                    -0.0021802991164161633,
                    -0.0037107663898848006
                ],
                "excited_state": [
                    -0.0012448966185270472,
                    -0.008818889571628071
                ],
                "qudits_frequency": {
                    "1": 7122164860.29066
                }
            },
            "t1": [
                22539.081882103896,
                122.96226703057684
            ],
            "t2": [
                3812.5394538336463,
                123.41727528246524
            ],
            "t2_spin_echo": [
                7741.979055644665,
                328.6342756523005
            ],
            "rb_fidelity": [
                0.9975181622800957,
                0.0008963591291008668
            ]
        },
        "B2": {
            "resonator": {
                "bare_frequency": 7357533000.0,
                "dressed_frequency": 7361339117.0,
                "depletion_time": null,
                "bare_frequency_amplitude": 0.5
            },
            "qubit": {
                "frequency_01": 5956161362.0,
                "frequency_12": 5651827342.656521,
                "maximum_frequency": 5951010006.0,
                "asymmetry": null,
                "sweetspot": -0.16040386678837074,
                "flux_coefficients": [
                    -1.9501450326372338,
                    -0.12008970437441618,
                    0.0038594867746432043
                ]
            },
            "readout": {
                "fidelity": 0.9201551424368063,
                "coupling": 0.24995663414607205,
                "effective_temperature": 0.012431676902878398,
                "ground_state": [
                    -0.0037971171076930333,
                    -0.0022526373516034847
                ],
                "excited_state": [
                    -0.005551711152813023,
                    -0.008007431990966865
                ],
                "qudits_frequency": {
                    "1": 7368912354.728291
                }
            },
            "t1": [
                20868.042217237988,
                99.47554295617468
            ],
            "t2": [
                1785.5382776355757,
                57.45432565149193
            ],
            "t2_spin_echo": [
                9390.063151719576,
                90.88373319750721
            ],
            "rb_fidelity": [
                0.0,
                null
            ]
        },
        "B3": {
            "resonator": {
                "bare_frequency": 7462498066.0,
                "dressed_frequency": 7465190000.0,
                "depletion_time": null,
                "bare_frequency_amplitude": 0.4
            },
            "qubit": {
                "frequency_01": 5614430023.0,
                "frequency_12": 5473844035.295739,
                "maximum_frequency": 5685474620.0,
                "asymmetry": null,
                "sweetspot": 0.04577020366144625,
                "flux_coefficients": [
                    -1.3124986772052634,
                    -0.8148623191397151,
                    -0.003812753797164054
                ]
            },
            "readout": {
                "fidelity": 0.8716062591948643,
                "coupling": 27302444.145566773,
                "effective_temperature": 0.0894668104749337,
                "ground_state": [
                    0.006288860157126206,
                    0.004909133310570261
                ],
                "excited_state": [
                    0.0043140227049569225,
                    0.015631641539418317
                ],
                "qudits_frequency": {
                    "1": 7471805225.803766
                }
            },
            "t1": [
                15302.583741838487,
                105.33538440641247
            ],
            "t2": [
                1218.6983369404008,
                29.047378635528425
            ],
            "t2_spin_echo": [
                6497.507494745018,
                208.14789408841332
            ],
            "rb_fidelity": [
                0.9972318093648125,
                0.0013002382243621571
            ]
        },
        "B4": {
            "resonator": {
                "bare_frequency": 7786509000.0,
                "dressed_frequency": 7696059000.0,
                "depletion_time": null,
                "bare_frequency_amplitude": 0.3
            },
            "qubit": {
                "frequency_01": 6811503000.0,
                "frequency_12": 6614449354.454563,
                "maximum_frequency": 6811491569.0,
                "asymmetry": null,
                "sweetspot": 0.17155423256001362,
                "flux_coefficients": [
                    -2.6111469928779063,
                    0.01006589514300028,
                    0.0005596833137488074
                ]
            },
            "readout": {
                "fidelity": 0.6667112478266685,
                "coupling": 8752004.356236028,
                "effective_temperature": 0.027178202153852762,
                "ground_state": [
                    -0.001204345128696427,
                    0.0006339855107850064
                ],
                "excited_state": [
                    -0.003938345337465707,
                    0.000513342382420954
                ],
                "qudits_frequency": {
                    "1": 7695035131.866897
                }
            },
            "t1": [
                3460.4838546363603,
                64.81184131351453
            ],
            "t2": [
                5479.590869515389,
                136.93388601466202
            ],
            "t2_spin_echo": [
                6545.022372929835,
                144.83654379171546
            ],
            "rb_fidelity": [
                0.0,
                null
            ]
        },
        "B5": {
            "resonator": {
                "bare_frequency": 7632703326.0,
                "dressed_frequency": 7637612000.0,
                "depletion_time": null,
                "bare_frequency_amplitude": 0.1
            },
            "qubit": {
                "frequency_01": 5741773000.0,
                "frequency_12": 5524827563.515728,
                "maximum_frequency": 5741801327.0,
                "asymmetry": null,
                "sweetspot": 0.32754223203441096,
                "flux_coefficients": [
                    -2.3743355613599006,
                    -0.5524730159137231,
                    -0.00018630999480010084
                ]
            },
            "readout": {
                "fidelity": 0.967901564798716,
                "coupling": 27646797.5158317,
                "effective_temperature": 0.008876895356870158,
                "ground_state": [
                    -0.002849473996665049,
                    0.0010326228754588237
                ],