{
    "single_qubits": {
        "B1": {
            "resonator": {
                "bare_frequency": 7143662474.0,
                "dressed_frequency": 7123141314.0,
                "depletion_time": null,
                "bare_frequency_amplitude": null
            },
            "qubit": {
                "frequency_01": 4993962315.5108185,
                "frequency_12": 4779067553.251697,
                "maximum_frequency": 5001029715.0,
                "asymmetry": null,
                "sweetspot": -0.013222346927128365,
                "flux_coefficients": [
                    -1.771683439586141,
                    -0.03396063709399469,
                    0.0007866287742131908
                ]
            },
            "readout": {
                "fidelity": 0.8851979803348392,
                "coupling": 32241638.428435594,
                "effective_temperature": 0.07577939267070052,
                "ground_state": [
                    -0.0038532539663832873,
                    0.0022399693494226515
                ],
                "excited_state": [
                    -0.0027913489269348586,
                    -0.0010576009326655276
                ],
                "qudits_frequency": {
                    "1": 7122164860.29066
                }
            },
            "t1": [
                19780.543340252552,
                503.89522383797754
            ],
            "t2": [
                5869.811200980018,
                470.27643187855733
            ],
            "t2_spin_echo": [
                30377.6023915856,
                1031.201103741346
            ],
            "rb_fidelity": [
                0.0,
                null
            ]
        },
        "B2": {
            "resonator": {
                "bare_frequency": 7392332635.0,
                "dressed_frequency": 7369825892.0,
                "depletion_time": null,
                "bare_frequency_amplitude": null
            },
            "qubit": {
                "frequency_01": 5951820875.501508,
                "frequency_12": 5651827342.656521,
                "maximum_frequency": 5971052580.0,
                "asymmetry": null,
                "sweetspot": 0.36378615627616506,
                "flux_coefficients": [
                    -1.9501450326372338,
                    -0.12008970437441618,
                    0.0038594867746432043
                ]
            },
            "readout": {
                "fidelity": 0.952431570555408,
                "coupling": 26932987.15192102,
                "effective_temperature": 0.05590041391772899,
                "ground_state": [
                    -0.003778907895319469,
                    -0.00794689388582341
                ],
                "excited_state": [
                    0.0054738353210229875,
                    -0.01260616612397164
                ],
                "qudits_frequency": {
                    "1": 7368912354.728291
                }
            },
            "t1": [
                14305.026043857775,
                278.47982249954015
            ],
            "t2": [
                1107.0804889523006,
                185.37481987174948
            ],
            "t2_spin_echo": [
                9589.717285324175,
                910.017394051578
            ],
            "rb_fidelity": [
                0.0,
                null
            ]
        },
        "B3": {
            "resonator": {
                "bare_frequency": 7492173053.0,
                "dressed_frequency": 7472638672.0,
                "depletion_time": null,
                "bare_frequency_amplitude": null
            },
            "qubit": {
                "frequency_01": 5684869539.750105,
                "frequency_12": 5473844035.295739,
                "maximum_frequency": 5685159634.0,
                "asymmetry": null,
                "sweetspot": 0.1222805504509881,
                "flux_coefficients": [
                    -2.367173612125169,
                    -0.0033559087464416827,
                    -0.00022884262040074522
                ]
            },
            "readout": {
                "fidelity": 0.7810257773053415,
                "coupling": 27302444.145566773,
                "effective_temperature": 0.11046735461082514,
                "ground_state": [
                    -0.0001450734786691275,
                    0.0014930933670050835
                ],
                "excited_state": [
                    -0.003028227569232936,
                    0.002067528136417076
                ],
                "qudits_frequency": {
                    "1": 7471805225.803766
                }
            },
            "t1": [
                25344.87862298221,
                798.1278135636267
            ],
            "t2": [
                25027.732605201876,
                2035.3797755063608
            ],
            "t2_spin_echo": [
                36687.09295729495,
                2037.603537437229
            ],
            "rb_fidelity": [
                0.0,
                null
            ]
        },
        "B4": {
            "resonator": {
                "bare_frequency": 7708293729.0,
                "dressed_frequency": 7695659315.0,
                "depletion_time": null,
                "bare_frequency_amplitude": null
            },
            "qubit": {
                "frequency_01": 6805769442.682199,
                "frequency_12": 6614449354.454563,
                "maximum_frequency": 6811522685.0,
                "asymmetry": null,
                "sweetspot": 0.051010333853627854,
                "flux_coefficients": [
                    -2.6111469928779063,
                    0.01006589514300028,
                    0.0005596833137488074
                ]
            },
            "readout": {
                "fidelity": 0.6399149614669146,
                "coupling": 8752004.356236028,
                "effective_temperature": 0.20525598530768563,
                "ground_state": [
                    -0.0009396782073628178,
                    0.00011353834203484546
                ],
                "excited_state": [
                    -0.003300126731086848,
                    -0.00031462938698276444
                ],
                "qudits_frequency": {
                    "1": 7695035131.866897
                }
            },
            "t1": [
                4045.816092284398,
                143.06346641469204
            ],
            "t2": [
                4428.814838990429,
                1717.3660872303901
            ],
            "t2_spin_echo": [
                0.0,
                null
            ],
            "rb_fidelity": [
                0.0,
                null
            ]
        },
        "B5": {
            "resonator": {
                "bare_frequency": 7638064745.0,
                "dressed_frequency": 7637312187.0,
                "depletion_time": null,
                "bare_frequency_amplitude": null
            },
            "qubit": {
                "frequency_01": 5733966360.230793,
                "frequency_12": 5524827563.515728,
                "maximum_frequency": 5785719025.0,
                "asymmetry": null,
                "sweetspot": -0.41688801869870834,
                "flux_coefficients": [
                    -2.3743355613599006,
                    -0.5524730159137231,
                    -0.00018630999480010084
                ]
            },
            "readout": {
                "fidelity": 0.9285144831251662,
                "coupling": 27646797.5158317,
                "effective_temperature": 0.060138009729049244,
                "ground_state": [
                    -0.003526716454441547,
                    0.00004332153844839754
                ],
                "excited_state": [
                    -0.0022985382268411697,
                    -0.008198267803756347
                ],