{
    "modes": {
        "1": {
            "octave_name": "octave1",
            "octave_channel": 1
        },
        "2": {
            "octave_name": "octave1",
            "octave_channel": 5
        }
    },
    "lo_modes": {
        "1": {
            "mode_id": 1,
            "lo_freq": 7200000000,
            "gain": 0.0,
            "latest": 3
        },
        "2": {
            "mode_id": 2,
            "lo_freq": 5700000000,
            "gain": 0.0,
            "latest": 10
        },
        "3": {
            "mode_id": 1,
            "lo_freq": 7200000000,
            "gain": -20.0,
            "latest": 9
        }
    },
    "lo_cal": {
        "1": {
            "i0": -0.007084891057857912,
            "q0": -0.0037503475781198825,
            "lo_mode_id": 1,
            "dc_gain": -0.006382994517186713,
            "dc_phase": -0.037909540123185925,
            "temperature": 55.4375,
            "timestamp": 1707997127.0055819,
            "method": "auto"
        },
        "2": {
            "i0": 0.005540087064494878,
            "q0": 0.013584123933690531,
            "lo_mode_id": 2,
            "dc_gain": -0.015966685187811747,
            "dc_phase": 0.036147940500258116,
            "temperature": 57.1875,
            "timestamp": 1707997137.8742175,
            "method": "auto"
        },
        "3": {
            "i0": -0.007150298203847077,
            "q0": -0.003681236357795724,
            "lo_mode_id": 1,
            "dc_gain": -0.0067166872254205146,
            "dc_phase": -0.037646633859200584,
            "temperature": 55.4375,
            "timestamp": 1707997185.1473517,
            "method": "auto"
        },
        "4": {
            "i0": 0.005593702056751237,
            "q0": 0.013624323045313884,
            "lo_mode_id": 2,
            "dc_gain": -0.01615298518671693,
            "dc_phase": 0.03618386046905906,
            "temperature": 57.1875,
            "timestamp": 1707997199.3525617,
            "method": "auto"
        },
        "5": {
            "i0": -0.008167293483263742,
            "q0": -0.004278715504681908,
            "lo_mode_id": 3,
            "dc_gain": -0.00683252071203877,
            "dc_phase": -0.03656498141911376,
            "temperature": 55.875,
            "timestamp": 1708009215.400701,
            "method": "auto"
        },
        "6": {
            "i0": 0.0055360748027866846,
            "q0": 0.013524575943806887,
            "lo_mode_id": 2,
            "dc_gain": -0.016242522524091085,
            "dc_phase": 0.03611133259838432,
            "temperature": 57.5,
            "timestamp": 1708009224.4162471,
            "method": "auto"
        },
        "7": {
            "i0": -0.007027376960722282,
            "q0": -0.005168181900082347,
            "lo_mode_id": 3,
            "dc_gain": -0.011616984072514325,
            "dc_phase": -0.03956418422823939,
            "temperature": 55.875,
            "timestamp": 1708009310.055034,
            "method": "auto"
        },
        "8": {
            "i0": 0.005515330301401605,
            "q0": 0.013584178004109956,
            "lo_mode_id": 2,
            "dc_gain": -0.016009718168371045,
            "dc_phase": 0.03575795075808891,
            "temperature": 57.4375,
            "timestamp": 1708009319.1679537,
            "method": "auto"
        },
        "9": {
            "i0": -0.007029538087917532,
            "q0": -0.0031846698637926947,
            "lo_mode_id": 3,
            "dc_gain": -0.00860120485872995,
            "dc_phase": -0.03372875279776255,
            "temperature": 55.875,
            "timestamp": 1708009760.1945362,
            "method": "auto"
        },
        "10": {
            "i0": 0.0054983300084039555,
            "q0": 0.013613714037487184,
            "lo_mode_id": 2,
            "dc_gain": -0.01634426687343471,
            "dc_phase": 0.03601883381148697,
            "temperature": 57.4375,
            "timestamp": 1708009774.4893403,
            "method": "auto"
        }
    },
    "if_modes": {
        "1": {
            "lo_mode_id": 1,
            "if_freq": 92027169,
            "latest": 3
        },
        "2": {
            "lo_mode_id": 2,
            "if_freq": 96353976,
            "latest": 4
        },
        "3": {
            "lo_mode_id": 3,
            "if_freq": 92127169,
            "latest": 9
        },
        "4": {
            "lo_mode_id": 2,
            "if_freq": 96250000,
            "latest": 10
        }
    },
    "if_cal": {
        "1": {
            "if_mode_id": 1,
            "gain": -0.007360398972448068,
            "phase": -0.06465671354290509,
            "temperature": 55.4375,
            "timestamp": 1707997127.010914,
            "method": "auto"
        },
        "2": {
            "if_mode_id": 2,
            "gain": -0.015917572193397657,
            "phase": 0.031197635339684886,
            "temperature": 57.1875,
            "timestamp": 1707997137.879775,
            "method": "auto"
        },
        "3": {
            "if_mode_id": 1,
            "gain": -0.009132193801938278,
            "phase": -0.0637737858321658,
            "temperature": 55.4375,
            "timestamp": 1707997190.2725003,
            "method": "auto"
        },
        "4": {
            "if_mode_id": 2,
            "gain": -0.018000860743824256,
            "phase": 0.03085405629289496,
            "temperature": 57.1875,
            "timestamp": 1707997199.3577943,
            "method": "auto"
        },
        "5": {
            "if_mode_id": 3,
            "gain": NaN,
            "phase": NaN,
            "temperature": 55.875,
            "timestamp": 1708009215.4134812,
            "method": "auto"
        },
        "6": {
            "if_mode_id": 4,
            "gain": -0.016461075322099013,
            "phase": 0.031098781079080616,
            "temperature": 57.5,
            "timestamp": 1708009224.4250226,
            "method": "auto"
        },
        "7": {
            "if_mode_id": 3,
            "gain": NaN,
            "phase": NaN,
            "temperature": 55.875,
            "timestamp": 1708009310.062477,
            "method": "auto"
        },
        "8": {
            "if_mode_id": 4,
            "gain": -0.016649260351969546,
            "phase": 0.030088510499716285,
            "temperature": 57.4375,
            "timestamp": 1708009319.1750634,
            "method": "auto"
        },
        "9": {
            "if_mode_id": 3,
            "gain": 0.0,
            "phase": 0.0,
            "temperature": 55.875,
            "timestamp": 1708009765.2501948,
            "method": "auto"
        },
        "10": {
            "if_mode_id": 4,
            "gain": -0.01803886738060439,
            "phase": 0.030408710532885602,
            "temperature": 57.4375,
            "timestamp": 1708009774.4971294,
            "method": "auto"
        }
    }
}