{
    "single_qubits": {
        "0": {
            "resonator": {
                "bare_frequency": 6407873622.85168,
                "dressed_frequency": 6416399203.0,
                "depletion_time": null,
                "bare_frequency_amplitude": null
            },
            "qubit": {
                "frequency_01": 4245767128.2725987,
                "frequency_12": null,
                "maximum_frequency": null,
                "asymmetry": null,
                "sweetspot": 0.0,
                "flux_coefficients": null
            },
            "readout": {
                "fidelity": 0.5266622778143516,
                "coupling": 59741576.28922513,
                "effective_temperature": 0.1707635219923449,
                "ground_state": [
                    0.000044307895569559295,
                    0.0009673377013984446
                ],
                "excited_state": [
                    0.000042999608391911834,
                    0.0012597722234970806
                ],
                "qudits_frequency": {
                    "1": 6413110709.314483
                }
            },
            "t1": [
                26072.522340808315,
                1073.4542474219932
            ],
            "t2": [
                24440.956869869122,
                1189.375268414338
            ],
            "t2_spin_echo": [
                35965.070644802654,
                4993.30264145931
            ],
            "rb_fidelity": [
                0.9988628916151323,
                0.00009216073730392898
            ]
        },
        "1": {
            "resonator": {
                "bare_frequency": 6586791000.0,
                "dressed_frequency": 6597284951.0,
                "depletion_time": null,
                "bare_frequency_amplitude": null
            },
            "qubit": {
                "frequency_01": 4540844316.908109,
                "frequency_12": null,
                "maximum_frequency": null,
                "asymmetry": null,
                "sweetspot": 0.0,
                "flux_coefficients": null
            },
            "readout": {
                "fidelity": 0.29427254772876893,
                "coupling": 63516218.72400406,
                "effective_temperature": 0.4605834834283609,
                "ground_state": [
                    -0.0011588289459520213,
                    0.003733874641815612
                ],
                "excited_state": [
                    -0.0010415235138237673,
                    0.00391965805797533
                ],
                "qudits_frequency": {
                    "1": 6593361366.547768
                }
            },
            "t1": [
                17182.593128549564,
                629.6659125159769
            ],
            "t2": [
                23535.54362537063,
                1379.00833370591
            ],
            "t2_spin_echo": [
                20522.104321059087,
                1330.824258148749
            ],
            "rb_fidelity": [
                0.9978901943437323,
                0.00005251145039536625
            ]
        },
        "2": {
            "resonator": {
                "bare_frequency": 6766301027.24265,
                "dressed_frequency": 6782535582.27897,
                "depletion_time": null,
                "bare_frequency_amplitude": null
            },
            "qubit": {
                "frequency_01": 5006151086.0,
                "frequency_12": null,
                "maximum_frequency": null,
                "asymmetry": null,
                "sweetspot": 0.0,
                "flux_coefficients": null
            },
            "readout": {
                "fidelity": 0.1986090678079444,
                "coupling": 4233532.62966047,
                "effective_temperature": 0.0806928387480796,
                "ground_state": [
                    -0.00031450156443822296,
                    -0.0004782561570798148
                ],
                "excited_state": [
                    -0.0003593526905163638,
                    -0.00046833156762123745
                ],
                "qudits_frequency": {
                    "1": 6782106599.118525
                }
            },
            "t1": [
                16350.0,
                null
            ],
            "t2": [
                13102.0,
                null
            ],
            "t2_spin_echo": [
                0.0,
                null
            ],
            "rb_fidelity": [
                0.0,
                null
            ]
        }
    },
    "two_qubits": {
        "0-1": {
            "rb_fidelity": [
                0.0,
                null
            ],
            "cz_fidelity": [
                0.0,
                null
            ],
            "coupling": null
        },
        "1-0": {
            "rb_fidelity": [
                0.0,
                null
            ],
            "cz_fidelity": [
                0.0,
                null
            ],
            "coupling": null
        },
        "1-2": {
            "rb_fidelity": [
                0.0,
                null
            ],
            "cz_fidelity": [
                0.0,
                null
            ],
            "coupling": null
        },
        "2-1": {
            "rb_fidelity": [
                0.0,
                null
            ],
            "cz_fidelity": [
                0.0,
                null
            ],
            "coupling": null
        }
    },
    "readout_mitigation_matrix": null,
    "flux_crosstalk_matrix": null
}