{
    "single_qubits": {
        "0": {
            "resonator": {
                "bare_frequency": 6407873622.85168,
                "dressed_frequency": 6416382631.0,
                "depletion_time": null,
                "bare_frequency_amplitude": null
            },
            "qubit": {
                "frequency_01": 4245767128.2725987,
                "frequency_12": null,
                "maximum_frequency": null,
                "asymmetry": null,
                "sweetspot": 0.0,
                "flux_coefficients": null
            },
            "readout": {
                "fidelity": 0.30213191205862766,
                "coupling": 59640266.98507888,
                "effective_temperature": 0.6649913694185384,
                "ground_state": [
                    4.473649924639625e-6,
                    -0.0007581577845678241
                ],
                "excited_state": [
                    0.0001036633553106256,
                    -0.0007258008800690211
                ],
                "qudits_frequency": {
                    "1": 6413105255.642322
                }
            },
            "t1": [
                26072.522340808315,
                1073.4542474219932
            ],
            "t2": [
                17078.1354316812,
                1211.94029525457
            ],
            "t2_spin_echo": [
                28784.25824163394,
                2094.861676703114
            ],
            "rb_fidelity": [
                0.9988628916151323,
                0.00009216073730392898
            ]
        },
        "1": {
            "resonator": {
                "bare_frequency": 6586791000.0,
                "dressed_frequency": 6597489515.0,
                "depletion_time": null,
                "bare_frequency_amplitude": null
            },
            "qubit": {
                "frequency_01": 4540844316.908109,
                "frequency_12": null,
                "maximum_frequency": null,
                "asymmetry": null,
                "sweetspot": 0.0,
                "flux_coefficients": null
            },
            "readout": {
                "fidelity": 0.3740053050397878,
                "coupling": 64302970.47287328,
                "effective_temperature": 0.25014905825801276,
                "ground_state": [
                    0.00020047460979814505,
                    0.0009193932163172049
                ],
                "excited_state": [
                    0.00021963981560750096,
                    0.0010907526031650346
                ],
                "qudits_frequency": {
                    "1": 6593482005.500543
                }
            },
            "t1": [
                17182.593128549564,
                629.6659125159769
            ],
            "t2": [
                13664.563162440822,
                1088.8587408795545
            ],
            "t2_spin_echo": [
                22829.39814940787,
                2128.779348422705
            ],
            "rb_fidelity": [
                0.9978901943437323,
                0.00005251145039536625
            ]
        },
        "2": {
            "resonator": {
                "bare_frequency": 6766301027.24265,
                "dressed_frequency": 6782535582.27897,
                "depletion_time": null,
                "bare_frequency_amplitude": null
            },
            "qubit": {
                "frequency_01": 5006151086.0,
                "frequency_12": null,
                "maximum_frequency": null,
                "asymmetry": null,
                "sweetspot": 0.0,
                "flux_coefficients": null
            },
            "readout": {
                "fidelity": 0.1986090678079444,
                "coupling": 4233532.62966047,
                "effective_temperature": 0.0806928387480796,
                "ground_state": [
                    -0.00031450156443822296,
                    -0.0004782561570798148
                ],
                "excited_state": [
                    -0.0003593526905163638,
                    -0.00046833156762123745
                ],
                "qudits_frequency": {
                    "1": 6782106599.118525
                }
            },
            "t1": [
                16350.0,
                null
            ],
            "t2": [
                13102.0,
                null
            ],
            "t2_spin_echo": [
                0.0,
                null
            ],
            "rb_fidelity": [
                0.0,
                null
            ]
        }
    },
    "two_qubits": {
        "0-1": {
            "rb_fidelity": [
                0.0,
                null
            ],
            "cz_fidelity": [
                0.0,
                null
            ],
            "coupling": null
        },
        "1-0": {
            "rb_fidelity": [
                0.0,
                null
            ],
            "cz_fidelity": [
                0.0,
                null
            ],
            "coupling": null
        },
        "1-2": {
            "rb_fidelity": [
                0.0,
                null
            ],
            "cz_fidelity": [
                0.0,
                null
            ],
            "coupling": null
        },
        "2-1": {
            "rb_fidelity": [
                0.0,
                null
            ],
            "cz_fidelity": [
                0.0,
                null
            ],
            "coupling": null
        }
    },
    "readout_mitigation_matrix": null,
    "flux_crosstalk_matrix": null
}