{
    "single_qubits": {
        "0": {
            "resonator": {
                "bare_frequency": 6407873622.85168,
                "dressed_frequency": 6416162119.0,
                "depletion_time": null,
                "bare_frequency_amplitude": null
            },
            "qubit": {
                "frequency_01": 4245767128.2725987,
                "frequency_12": null,
                "maximum_frequency": null,
                "asymmetry": null,
                "sweetspot": 0.00,
                "flux_coefficients": null
            },
            "readout": {
                "fidelity": 0.39854111405835546,
                "coupling": 56932841.4892355,
                "effective_temperature": 0.05430204354963593,
                "ground_state": [
                    -0.0007429035710065998,
                    -0.0011196425609070878
                ],
                "excited_state": [
                    -0.000637000350069146,
                    -0.001208717030638567
                ],
                "qudits_frequency": {
                    "1": 6412948571.133554
                }
            },
            "t1": [
                26072.522340808315,
                1073.4542474219932
            ],
            "t2": [
                18991.388446964687,
                1886.3942770386889
            ],
            "t2_spin_echo": [
                28784.25824163394,
                2094.861676703114
            ],
            "rb_fidelity": [
                0.9961177418413025,
                0.004113859935790652
            ]
        },
        "1": {
            "resonator": {
                "bare_frequency": 6586791000.0,
                "dressed_frequency": 6597389015.0,
                "depletion_time": null,
                "bare_frequency_amplitude": null
            },
            "qubit": {
                "frequency_01": 4539549554.896015,
                "frequency_12": null,
                "maximum_frequency": null,
                "asymmetry": null,
                "sweetspot": 0.0,
                "flux_coefficients": null
            },
            "readout": {
                "fidelity": 0.45689655172413796,
                "coupling": 33244827.100827545,
                "effective_temperature": 0.036129280279233844,
                "ground_state": [
                    0.0009505305833735031,
                    0.0011379970612139228
                ],
                "excited_state": [
                    0.0011129669687001712,
                    0.0012890125059124961
                ],
                "qudits_frequency": {
                    "1": 6593358505.999498
                }
            },
            "t1": [
                17884.723341220626,
                774.4303704609987
            ],
            "t2": [
                7468.554559182436,
                696.9305494754758
            ],
            "t2_spin_echo": [
                25718.593445709397,
                2416.3781419278816
            ],
            "rb_fidelity": [
                0.9932292119177519,
                0.0007496706983210041
            ]
        },
        "2": {
            "resonator": {
                "bare_frequency": 6766301027.24265,
                "dressed_frequency": 6782535582.27897,
                "depletion_time": null,
                "bare_frequency_amplitude": null
            },
            "qubit": {
                "frequency_01": 5006151086.0,
                "frequency_12": null,
                "maximum_frequency": null,
                "asymmetry": null,
                "sweetspot": 0.0,
                "flux_coefficients": null
            },
            "readout": {
                "fidelity": 0.1986090678079444,
                "coupling": 4233532.62966047,
                "effective_temperature": 0.0806928387480796,
                "ground_state": [
                    -0.00031450156443822296,
                    -0.0004782561570798148
                ],
                "excited_state": [
                    -0.0003593526905163638,
                    -0.00046833156762123745
                ],
                "qudits_frequency": {
                    "1": 6782106599.118525
                }
            },
            "t1": [
                16350.0,
                null
            ],
            "t2": [
                13102.0,
                null
            ],
            "t2_spin_echo": [
                0.0,
                null
            ],
            "rb_fidelity": [
                0.0,
                null
            ]
        }
    },
    "two_qubits": {
        "0-1": {
            "rb_fidelity": [
                0.0,
                null
            ],
            "cz_fidelity": [
                0.0,
                null
            ],
            "coupling": null
        },
        "1-0": {
            "rb_fidelity": [
                0.0,
                null
            ],
            "cz_fidelity": [
                0.0,
                null
            ],
            "coupling": null
        },
        "1-2": {
            "rb_fidelity": [
                0.0,
                null
            ],
            "cz_fidelity": [
                0.0,
                null
            ],
            "coupling": null
        },
        "2-1": {
            "rb_fidelity": [
                0.0,
                null
            ],
            "cz_fidelity": [
                0.0,
                null
            ],
            "coupling": null
        }
    },
    "readout_mitigation_matrix": null,
    "flux_crosstalk_matrix": null
}