{
    "single_qubits": {
        "0": {
            "resonator": {
                "bare_frequency": 6407873622.85168,
                "dressed_frequency": 6416162119.0,
                "depletion_time": null,
                "bare_frequency_amplitude": null
            },
            "qubit": {
                "frequency_01": 4245767128.2725987,
                "frequency_12": null,
                "maximum_frequency": null,
                "asymmetry": null,
                "sweetspot": 0.0,
                "flux_coefficients": null
            },
            "readout": {
                "fidelity": 0.48806366047745353,
                "coupling": 56932841.4892355,
                "effective_temperature": 0.15840310639738203,
                "ground_state": [
                    0.000551782096498933,
                    0.0011489054053302745
                ],
                "excited_state": [
                    0.0004000681346228015,
                    0.0010506556139621558
                ],
                "qudits_frequency": {
                    "1": 6412948571.133554
                }
            },
            "t1": [
                26072.522340808315,
                1073.4542474219932
            ],
            "t2": [
                18991.388446964687,
                1886.3942770386889
            ],
            "t2_spin_echo": [
                28784.25824163394,
                2094.861676703114
            ],
            "rb_fidelity": [
                0.9961177418413025,
                0.004113859935790652
            ]
        },
        "1": {
            "resonator": {
                "bare_frequency": 6586791000.0,
                "dressed_frequency": 6597500441.0,
                "depletion_time": null,
                "bare_frequency_amplitude": null
            },
            "qubit": {
                "frequency_01": 4539549554.896015,
                "frequency_12": null,
                "maximum_frequency": null,
                "asymmetry": null,
                "sweetspot": 0.0,
                "flux_coefficients": null
            },
            "readout": {
                "fidelity": 0.3481432360742706,
                "coupling": 64302970.47287328,
                "effective_temperature": 0.3307898064015669,
                "ground_state": [
                    0.00013494694071145225,
                    0.0009514555040417344
                ],
                "excited_state": [
                    0.00011651689527600766,
                    0.0011085336805575722
                ],
                "qudits_frequency": {
                    "1": 6593482005.500543
                }
            },
            "t1": [
                17182.593128549564,
                629.6659125159769
            ],
            "t2": [
                18094.90615900776,
                1672.337642158483
            ],
            "t2_spin_echo": [
                22936.155930911867,
                1925.101348154997
            ],
            "rb_fidelity": [
                0.9932292119177519,
                0.0007496706983210041
            ]
        },
        "2": {
            "resonator": {
                "bare_frequency": 6766301027.24265,
                "dressed_frequency": 6782535582.27897,
                "depletion_time": null,
                "bare_frequency_amplitude": null
            },
            "qubit": {
                "frequency_01": 5006151086.0,
                "frequency_12": null,
                "maximum_frequency": null,
                "asymmetry": null,
                "sweetspot": 0.0,
                "flux_coefficients": null
            },
            "readout": {
                "fidelity": 0.1986090678079444,
                "coupling": 4233532.62966047,
                "effective_temperature": 0.0806928387480796,
                "ground_state": [
                    -0.00031450156443822296,
                    -0.0004782561570798148
                ],
                "excited_state": [
                    -0.0003593526905163638,
                    -0.00046833156762123745
                ],
                "qudits_frequency": {
                    "1": 6782106599.118525
                }
            },
            "t1": [
                16350.0,
                null
            ],
            "t2": [
                13102.0,
                null
            ],
            "t2_spin_echo": [
                0.0,
                null
            ],
            "rb_fidelity": [
                0.0,
                null
            ]
        }
    },
    "two_qubits": {
        "0-1": {
            "rb_fidelity": [
                0.0,
                null
            ],
            "cz_fidelity": [
                0.0,
                null
            ],
            "coupling": null
        },
        "1-0": {
            "rb_fidelity": [
                0.0,
                null
            ],
            "cz_fidelity": [
                0.0,
                null
            ],
            "coupling": null
        },
        "1-2": {
            "rb_fidelity": [
                0.0,
                null
            ],
            "cz_fidelity": [
                0.0,
                null
            ],
            "coupling": null
        },
        "2-1": {
            "rb_fidelity": [
                0.0,
                null
            ],
            "cz_fidelity": [
                0.0,
                null
            ],
            "coupling": null
        }
    },
    "readout_mitigation_matrix": null,
    "flux_crosstalk_matrix": null
}