{
    "single_qubits": {
        "0": {
            "resonator": {
                "bare_frequency": 6407873622.85168,
                "dressed_frequency": 6416301414.594469,
                "depletion_time": null,
                "bare_frequency_amplitude": null
            },
            "qubit": {
                "frequency_01": 4245038715.2602954,
                "frequency_12": null,
                "maximum_frequency": null,
                "asymmetry": null,
                "sweetspot": 0.0,
                "flux_coefficients": null
            },
            "readout": {
                "fidelity": 0.8060719539922429,
                "coupling": 59664802.840849146,
                "effective_temperature": 0.014853969330330917,
                "ground_state": [
                    0.006696794324675947,
                    -0.001376349256621164
                ],
                "excited_state": [
                    0.006967024802683317,
                    -0.0007007780385333076
                ],
                "qudits_frequency": {
                    "1": 6413041455.604969
                }
            },
            "t1": [
                28166.885955595502,
                194.0874215756305
            ],
            "t2": [
                24140.27277523727,
                820.7829772445178
            ],
            "t2_spin_echo": [
                30155.445348719324,
                455.884600869952
            ],
            "rb_fidelity": [
                0.9961177418413025,
                0.004113859935790652
            ]
        },
        "1": {
            "resonator": {
                "bare_frequency": 6586791000.0,
                "dressed_frequency": 6597477890.099017,
                "depletion_time": null,
                "bare_frequency_amplitude": null
            },
            "qubit": {
                "frequency_01": 4539549554.896015,
                "frequency_12": null,
                "maximum_frequency": null,
                "asymmetry": null,
                "sweetspot": 0.0,
                "flux_coefficients": null
            },
            "readout": {
                "fidelity": 0.8194463019927779,
                "coupling": 33244827.100827545,
                "effective_temperature": 0.01435551727690446,
                "ground_state": [
                    0.007205304795303957,
                    -0.004597885263547703
                ],
                "excited_state": [
                    0.007698804433052116,
                    -0.004113442289533503
                ],
                "qudits_frequency": {
                    "1": 6590723923.371471
                }
            },
            "t1": [
                16572.765307489128,
                492.7032200986161
            ],
            "t2": [
                17612.654204955423,
                2724.647088820362
            ],
            "t2_spin_echo": [
                0.0,
                null
            ],
            "rb_fidelity": [
                0.9932292119177519,
                0.0007496706983210041
            ]
        },
        "2": {
            "resonator": {
                "bare_frequency": 6766301027.24265,
                "dressed_frequency": 6782535582.27897,
                "depletion_time": null,
                "bare_frequency_amplitude": null
            },
            "qubit": {
                "frequency_01": 5006151086.0,
                "frequency_12": null,
                "maximum_frequency": null,
                "asymmetry": null,
                "sweetspot": 0.0,
                "flux_coefficients": null
            },
            "readout": {
                "fidelity": 0.1986090678079444,
                "coupling": 4233532.62966047,
                "effective_temperature": 0.0806928387480796,
                "ground_state": [
                    -0.00031450156443822296,
                    -0.0004782561570798148
                ],
                "excited_state": [
                    -0.0003593526905163638,
                    -0.00046833156762123745
                ],
                "qudits_frequency": {
                    "1": 6782106599.118525
                }
            },
            "t1": [
                16350.0,
                null
            ],
            "t2": [
                13102.0,
                null
            ],
            "t2_spin_echo": [
                0.0,
                null
            ],
            "rb_fidelity": [
                0.0,
                null
            ]
        }
    },
    "two_qubits": {
        "0-1": {
            "rb_fidelity": [
                0.0,
                null
            ],
            "cz_fidelity": [
                0.0,
                null
            ],
            "coupling": null
        },
        "1-0": {
            "rb_fidelity": [
                0.0,
                null
            ],
            "cz_fidelity": [
                0.0,
                null
            ],
            "coupling": null
        },
        "1-2": {
            "rb_fidelity": [
                0.0,
                null
            ],
            "cz_fidelity": [
                0.0,
                null
            ],
            "coupling": null
        },
        "2-1": {
            "rb_fidelity": [
                0.0,
                null
            ],
            "cz_fidelity": [
                0.0,
                null
            ],
            "coupling": null
        }
    },
    "readout_mitigation_matrix": null,
    "flux_crosstalk_matrix": null
}