{
    "single_qubits": {
        "0": {
            "resonator": {
                "bare_frequency": 6390834000.0,
                "dressed_frequency": 6414617832.0,
                "depletion_time": null,
                "bare_frequency_amplitude": null
            },
            "qubit": {
                "frequency_01": 4244928852.8395777,
                "frequency_12": null,
                "maximum_frequency": null,
                "asymmetry": null,
                "sweetspot": 0.0,
                "flux_coefficients": null
            },
            "readout": {
                "fidelity": 0.7560518924702421,
                "coupling": 43169768.78040965,
                "effective_temperature": 0.01756903723684062,
                "ground_state": [
                    0.0013632561199869166,
                    -0.0038293023476983486
                ],
                "excited_state": [
                    0.0016434237060021378,
                    -0.003747272064668443
                ],
                "qudits_frequency": {
                    "1": 6412899955.931703
                }
            },
            "t1": [
                25038.99444704417,
                1028.5841669707445
            ],
            "t2": [
                20186.13359743556,
                3226.256396028759
            ],
            "t2_spin_echo": [
                0.0,
                null
            ],
            "rb_fidelity": [
                0.9961177418413025,
                0.004113859935790652
            ]
        },
        "1": {
            "resonator": {
                "bare_frequency": 6586525000.0,
                "dressed_frequency": 6595991965.0,
                "depletion_time": null,
                "bare_frequency_amplitude": null
            },
            "qubit": {
                "frequency_01": 4539175927.87839,
                "frequency_12": null,
                "maximum_frequency": null,
                "asymmetry": null,
                "sweetspot": 0.0,
                "flux_coefficients": null
            },
            "readout": {
                "fidelity": 0.831349471713254,
                "coupling": 88012157.09320393,
                "effective_temperature": 0.014487932356880565,
                "ground_state": [
                    -0.0032681827906929682,
                    -0.0019410216283817232
                ],
                "excited_state": [
                    -0.003177529572842672,
                    -0.0022506343605119116
                ],
                "qudits_frequency": {
                    "1": 6588459799.802691
                }
            },
            "t1": [
                16572.765307489128,
                492.7032200986161
            ],
            "t2": [
                17612.654204955423,
                2724.647088820362
            ],
            "t2_spin_echo": [
                0.0,
                null
            ],
            "rb_fidelity": [
                0.9932292119177519,
                0.0007496706983210041
            ]
        },
        "2": {
            "resonator": {
                "bare_frequency": 6770004000.0,
                "dressed_frequency": 6782126748.0,
                "depletion_time": null,
                "bare_frequency_amplitude": null
            },
            "qubit": {
                "frequency_01": 5006151086.0,
                "frequency_12": null,
                "maximum_frequency": null,
                "asymmetry": null,
                "sweetspot": 0.0,
                "flux_coefficients": null
            },
            "readout": {
                "fidelity": 0.1986090678079444,
                "coupling": 4233532.62966047,
                "effective_temperature": 0.0806928387480796,
                "ground_state": [
                    -0.00031450156443822296,
                    -0.0004782561570798148
                ],
                "excited_state": [
                    -0.0003593526905163638,
                    -0.00046833156762123745
                ],
                "qudits_frequency": {
                    "1": 6782106599.118525
                }
            },
            "t1": [
                16350.0,
                null
            ],
            "t2": [
                13102.0,
                null
            ],
            "t2_spin_echo": [
                0.0,
                null
            ],
            "rb_fidelity": [
                0.0,
                null
            ]
        }
    },
    "two_qubits": {
        "0-1": {
            "rb_fidelity": [
                0.0,
                null
            ],
            "cz_fidelity": [
                0.0,
                null
            ],
            "coupling": null
        },
        "1-0": {
            "rb_fidelity": [
                0.0,
                null
            ],
            "cz_fidelity": [
                0.0,
                null
            ],
            "coupling": null
        },
        "1-2": {
            "rb_fidelity": [
                0.0,
                null
            ],
            "cz_fidelity": [
                0.0,
                null
            ],
            "coupling": null
        },
        "2-1": {
            "rb_fidelity": [
                0.0,
                null
            ],
            "cz_fidelity": [
                0.0,
                null
            ],
            "coupling": null
        }
    },
    "readout_mitigation_matrix": null,
    "flux_crosstalk_matrix": null
}
