{
    "single_qubits": {
        "0": {
            "resonator": {
                "bare_frequency": 6408075019.0,
                "dressed_frequency": 6416075019.0,
                "depletion_time": null,
                "bare_frequency_amplitude": null
            },
            "qubit": {
                "frequency_01": 4240350282.9566708,
                "frequency_12": null,
                "maximum_frequency": null,
                "asymmetry": null,
                "sweetspot": 0.0,
                "flux_coefficients": null
            },
            "readout": {
                "fidelity": 0.6536043867861441,
                "coupling": 60551732.166397475,
                "effective_temperature": 0.12914886788497218,
                "ground_state": [
                    -0.0024305205122139408,
                    -0.0013835544291757058
                ],
                "excited_state": [
                    -0.0032881870140242576,
                    -0.0014485432251152403
                ],
                "qudits_frequency": {
                    "1": 6412955127.459563
                }
            },
            "t1": [
                27441.14676594109,
                1181.7270811595051
            ],
            "t2": [
                26407.362040376524,
                1431.3983807232353
            ],
            "t2_spin_echo": [
                35965.070644802654,
                4993.30264145931
            ],
            "rb_fidelity": [
                0.9988628916151323,
                0.00009216073730392898
            ]
        },
        "1": {
            "resonator": {
                "bare_frequency": 6586751335.0,
                "dressed_frequency": 6597251335.0,
                "depletion_time": null,
                "bare_frequency_amplitude": null
            },
            "qubit": {
                "frequency_01": 4536219218.522777,
                "frequency_12": null,
                "maximum_frequency": null,
                "asymmetry": null,
                "sweetspot": 0.0,
                "flux_coefficients": null
            },
            "readout": {
                "fidelity": 0.5389317034281159,
                "coupling": 64763135.25915782,
                "effective_temperature": 0.18169793386911712,
                "ground_state": [
                    0.0012959922683933231,
                    0.007538557701873235
                ],
                "excited_state": [
                    0.0018942576011692286,
                    0.00834159982894666
                ],
                "qudits_frequency": {
                    "1": 6593584018.016974
                }
            },
            "t1": [
                17182.593128549564,
                629.6659125159769
            ],
            "t2": [
                11017.344080399133,
                622.7051147672885
            ],
            "t2_spin_echo": [
                20522.104321059087,
                1330.824258148749
            ],
            "rb_fidelity": [
                0.9978901943437323,
                0.00005251145039536625
            ]
        },
        "2": {
            "resonator": {
                "bare_frequency": 6780861114.0,
                "dressed_frequency": 6782361114.0,
                "depletion_time": null,
                "bare_frequency_amplitude": null
            },
            "qubit": {
                "frequency_01": 5129714421.310028,
                "frequency_12": null,
                "maximum_frequency": null,
                "asymmetry": null,
                "sweetspot": 0.0,
                "flux_coefficients": null
            },
            "readout": {
                "fidelity": 0.987509965453096,
                "coupling": 4233532.62966047,
                "effective_temperature": 0.04137854483751984,
                "ground_state": [
                    -0.004025855207023487,
                    -0.005931138580526489
                ],
                "excited_state": [
                    -0.0068615472874299635,
                    -0.003292359942623916
                ],
                "qudits_frequency": {
                    "1": 6782106599.118525
                }
            },
            "t1": [
                12942.28526844846,
                748.327208073534
            ],
            "t2": [
                13646.67103335856,
                1347.8024144537726
            ],
            "t2_spin_echo": [
                13744.50621732044,
                1578.5542041591223
            ],
            "rb_fidelity": [
                0.0,
                null
            ]
        }
    },
    "two_qubits": {
        "0-1": {
            "rb_fidelity": [
                0.0,
                null
            ],
            "cz_fidelity": [
                0.0,
                null
            ],
            "coupling": null
        },
        "1-0": {
            "rb_fidelity": [
                0.0,
                null
            ],
            "cz_fidelity": [
                0.0,
                null
            ],
            "coupling": null
        },
        "1-2": {
            "rb_fidelity": [
                0.0,
                null
            ],
            "cz_fidelity": [
                0.0,
                null
            ],
            "coupling": null
        },
        "2-1": {
            "rb_fidelity": [
                0.0,
                null
            ],
            "cz_fidelity": [
                0.0,
                null
            ],
            "coupling": null
        }
    },
    "readout_mitigation_matrix": null,
    "flux_crosstalk_matrix": null
}