{
    "single_qubits": {
        "0": {
            "resonator": {
                "bare_frequency": 6407873622.85168,
                "dressed_frequency": 6416325019.0,
                "depletion_time": null,
                "bare_frequency_amplitude": null
            },
            "qubit": {
                "frequency_01": 4240283478.2423763,
                "frequency_12": null,
                "maximum_frequency": null,
                "asymmetry": null,
                "sweetspot": 0.0,
                "flux_coefficients": null
            },
            "readout": {
                "fidelity": 0.27984084880636606,
                "coupling": 60551732.166397475,
                "effective_temperature": 0.4230203943303238,
                "ground_state": [
                    0.0005980898144257932,
                    0.000024156959542640094
                ],
                "excited_state": [
                    0.0005060347335645311,
                    0.000059887727312447225
                ],
                "qudits_frequency": {
                    "1": 6412955127.459563
                }
            },
            "t1": [
                27441.14676594109,
                1181.7270811595051
            ],
            "t2": [
                26407.362040376524,
                1431.3983807232353
            ],
            "t2_spin_echo": [
                35965.070644802654,
                4993.30264145931
            ],
            "rb_fidelity": [
                0.9988628916151323,
                0.00009216073730392898
            ]
        },
        "1": {
            "resonator": {
                "bare_frequency": 6586791000.0,
                "dressed_frequency": 6597251335.0,
                "depletion_time": null,
                "bare_frequency_amplitude": null
            },
            "qubit": {
                "frequency_01": 4540844316.908109,
                "frequency_12": null,
                "maximum_frequency": null,
                "asymmetry": null,
                "sweetspot": 0.0,
                "flux_coefficients": null
            },
            "readout": {
                "fidelity": 0.6087533156498675,
                "coupling": 64763135.25915782,
                "effective_temperature": 0.1253253669309372,
                "ground_state": [
                    0.0007239756631307883,
                    0.0028447330412492357
                ],
                "excited_state": [
                    0.0011807270471589635,
                    0.0031066926057877844
                ],
                "qudits_frequency": {
                    "1": 6593584018.016974
                }
            },
            "t1": [
                17182.593128549564,
                629.6659125159769
            ],
            "t2": [
                11017.344080399133,
                622.7051147672885
            ],
            "t2_spin_echo": [
                20522.104321059087,
                1330.824258148749
            ],
            "rb_fidelity": [
                0.9978901943437323,
                0.00005251145039536625
            ]
        },
        "2": {
            "resonator": {
                "bare_frequency": 6766301027.24265,
                "dressed_frequency": 6782711114.0,
                "depletion_time": null,
                "bare_frequency_amplitude": null
            },
            "qubit": {
                "frequency_01": 5006151086.0,
                "frequency_12": null,
                "maximum_frequency": null,
                "asymmetry": null,
                "sweetspot": 0.0,
                "flux_coefficients": null
            },
            "readout": {
                "fidelity": 0.1986090678079444,
                "coupling": 4233532.62966047,
                "effective_temperature": 0.0806928387480796,
                "ground_state": [
                    -0.00031450156443822296,
                    -0.0004782561570798148
                ],
                "excited_state": [
                    -0.0003593526905163638,
                    -0.00046833156762123745
                ],
                "qudits_frequency": {
                    "1": 6782106599.118525
                }
            },
            "t1": [
                16350.0,
                null
            ],
            "t2": [
                13102.0,
                null
            ],
            "t2_spin_echo": [
                0.0,
                null
            ],
            "rb_fidelity": [
                0.0,
                null
            ]
        }
    },
    "two_qubits": {
        "0-1": {
            "rb_fidelity": [
                0.0,
                null
            ],
            "cz_fidelity": [
                0.0,
                null
            ],
            "coupling": null
        },
        "1-0": {
            "rb_fidelity": [
                0.0,
                null
            ],
            "cz_fidelity": [
                0.0,
                null
            ],
            "coupling": null
        },
        "1-2": {
            "rb_fidelity": [
                0.0,
                null
            ],
            "cz_fidelity": [
                0.0,
                null
            ],
            "coupling": null
        },
        "2-1": {
            "rb_fidelity": [
                0.0,
                null
            ],
            "cz_fidelity": [
                0.0,
                null
            ],
            "coupling": null
        }
    },
    "readout_mitigation_matrix": null,
    "flux_crosstalk_matrix": null
}