{
    "modes": {
        "1": {
            "octave_name": "octave1",
            "octave_channel": 1
        },
        "2": {
            "octave_name": "octave2",
            "octave_channel": 1
        },
        "3": {
            "octave_name": "octave2",
            "octave_channel": 4
        },
        "4": {
            "octave_name": "octave2",
            "octave_channel": 3
        }
    },
    "lo_modes": {
        "1": {
            "mode_id": 1,
            "lo_freq": 6670000000.0,
            "gain": -10.0,
            "latest": 1
        },
        "2": {
            "mode_id": 2,
            "lo_freq": 4350000000.0,
            "gain": -4.0,
            "latest": 2
        },
        "3": {
            "mode_id": 3,
            "lo_freq": 4700000000.0,
            "gain": -2.0,
            "latest": 3
        },
        "4": {
            "mode_id": 4,
            "lo_freq": 5200000000.0,
            "gain": 0.0,
            "latest": 4
        }
    },
    "lo_cal": {
        "1": {
            "i0": -0.0016490026935308795,
            "q0": 0.025978670813409183,
            "lo_mode_id": 1,
            "dc_gain": 0.00502898738097346,
            "dc_phase": -0.07244263146885997,
            "temperature": 54.6875,
            "timestamp": 1754918448.8114192,
            "method": "auto"
        },
        "2": {
            "i0": -0.008117959645450343,
            "q0": 0.01751315170966291,
            "lo_mode_id": 2,
            "dc_gain": -0.0008331381589774534,
            "dc_phase": 0.14091648304734125,
            "temperature": 37.4375,
            "timestamp": 1754918461.4712129,
            "method": "auto"
        },
        "3": {
            "i0": 0.03868942414189998,
            "q0": 0.037856393915264935,
            "lo_mode_id": 3,
            "dc_gain": -0.005873114186293438,
            "dc_phase": 0.15481936203472466,
            "temperature": 36.75,
            "timestamp": 1754918472.8713884,
            "method": "auto"
        },
        "4": {
            "i0": 0.008737271667780074,
            "q0": 0.030500023369837294,
            "lo_mode_id": 4,
            "dc_gain": 0.015524106275186078,
            "dc_phase": 0.15861993922629877,
            "temperature": 38.5,
            "timestamp": 1754918485.2898023,
            "method": "auto"
        }
    },
    "if_modes": {
        "1": {
            "lo_mode_id": 1,
            "if_freq": -254980192.0,
            "latest": 1
        },
        "2": {
            "lo_mode_id": 1,
            "if_freq": -106006556.65287685,
            "latest": 2
        },
        "3": {
            "lo_mode_id": 1,
            "if_freq": 113085618.4294653,
            "latest": 3
        },
        "4": {
            "lo_mode_id": 2,
            "if_freq": -105003688.0,
            "latest": 4
        },
        "5": {
            "lo_mode_id": 2,
            "if_freq": 105003688.0,
            "latest": 5
        },
        "6": {
            "lo_mode_id": 3,
            "if_freq": -160299051.0,
            "latest": 6
        },
        "7": {
            "lo_mode_id": 3,
            "if_freq": 160299051.0,
            "latest": 7
        },
        "8": {
            "lo_mode_id": 4,
            "if_freq": -193848914.0,
            "latest": 8
        },
        "9": {
            "lo_mode_id": 4,
            "if_freq": 193848914.0,
            "latest": 9
        }
    },
    "if_cal": {
        "1": {
            "if_mode_id": 1,
            "gain": 0.011817175523267576,
            "phase": -0.06311519271126395,
            "temperature": 54.6875,
            "timestamp": 1754918448.8162153,
            "method": "auto"
        },
        "2": {
            "if_mode_id": 2,
            "gain": 0.006508268270046747,
            "phase": -0.06997947976772154,
            "temperature": 54.6875,
            "timestamp": 1754918448.8209047,
            "method": "auto"
        },
        "3": {
            "if_mode_id": 3,
            "gain": 0.00047160192541562655,
            "phase": -0.08995770144724437,
            "temperature": 54.6875,
            "timestamp": 1754918448.8243678,
            "method": "auto"
        },
        "4": {
            "if_mode_id": 4,
            "gain": -0.0012119056551025704,
            "phase": 0.1702795765571301,
            "temperature": 37.4375,
            "timestamp": 1754918461.4772265,
            "method": "auto"
        },
        "5": {
            "if_mode_id": 5,
            "gain": -0.006676984355160975,
            "phase": 0.11823837728282868,
            "temperature": 37.4375,
            "timestamp": 1754918461.4805396,
            "method": "auto"
        },
        "6": {
            "if_mode_id": 6,
            "gain": -0.009956343715903555,
            "phase": 0.23000689918355902,
            "temperature": 36.75,
            "timestamp": 1754918472.878236,
            "method": "auto"
        },
        "7": {
            "if_mode_id": 7,
            "gain": -0.005388383317885017,
            "phase": 0.10053546590071566,
            "temperature": 36.75,
            "timestamp": 1754918472.8854303,
            "method": "auto"
        },
        "8": {
            "if_mode_id": 8,
            "gain": 0.01555683644600223,
            "phase": 0.20856715410537952,
            "temperature": 38.5,
            "timestamp": 1754918485.297956,
            "method": "auto"
        },
        "9": {
            "if_mode_id": 9,
            "gain": 0.015899109930442044,
            "phase": 0.10720151421883398,
            "temperature": 38.5,
            "timestamp": 1754918485.3034573,
            "method": "auto"
        }
    }
}