{
    "modes": {
        "1": {
            "octave_name": "octave1",
            "octave_channel": 1
        },
        "2": {
            "octave_name": "octave2",
            "octave_channel": 1
        },
        "3": {
            "octave_name": "octave2",
            "octave_channel": 4
        },
        "4": {
            "octave_name": "octave2",
            "octave_channel": 3
        }
    },
    "lo_modes": {
        "1": {
            "mode_id": 1,
            "lo_freq": 6550000000.0,
            "gain": -20.0,
            "latest": 1
        },
        "2": {
            "mode_id": 2,
            "lo_freq": 4310000000.0,
            "gain": -10.0,
            "latest": 2
        },
        "3": {
            "mode_id": 3,
            "lo_freq": 4460000000.0,
            "gain": -5.0,
            "latest": 3
        },
        "4": {
            "mode_id": 4,
            "lo_freq": 5200000000.0,
            "gain": 0.0,
            "latest": 4
        }
    },
    "lo_cal": {
        "1": {
            "i0": 0.023594218938449846,
            "q0": 0.012867079977375535,
            "dc_gain": 0.0004236145191094387,
            "dc_phase": -0.07728059459943282,
            "temperature": 54.75,
            "timestamp": 1750753914.713786,
            "method": "auto"
        },
        "2": {
            "i0": 0.014929224388053887,
            "q0": 0.01661447847539133,
            "dc_gain": -0.0049683735287670006,
            "dc_phase": 0.1377143950509525,
            "temperature": 58.75,
            "timestamp": 1750753925.7092571,
            "method": "auto"
        },
        "3": {
            "i0": 0.0033680197314636096,
            "q0": 0.01846543045733144,
            "dc_gain": -0.018021665915040286,
            "dc_phase": 0.13949820796481743,
            "temperature": 54.5625,
            "timestamp": 1750753936.4573226,
            "method": "auto"
        },
        "4": {
            "i0": 0.00571770252412132,
            "q0": 0.04145603425095642,
            "dc_gain": 0.0026166201430104508,
            "dc_phase": 0.1662351995225035,
            "temperature": 57.5,
            "timestamp": 1750753946.6645448,
            "method": "auto"
        }
    },
    "if_modes": {
        "1": {
            "lo_mode_id": 1,
            "if_freq": -136287221.0,
            "latest": 1
        },
        "2": {
            "lo_mode_id": 1,
            "if_freq": 47534678.0,
            "latest": 2
        },
        "3": {
            "lo_mode_id": 1,
            "if_freq": 232375262.75851917,
            "latest": 3
        },
        "4": {
            "lo_mode_id": 2,
            "if_freq": -64836733.0,
            "latest": 4
        },
        "5": {
            "lo_mode_id": 2,
            "if_freq": 64836733.0,
            "latest": 5
        },
        "6": {
            "lo_mode_id": 3,
            "if_freq": 79958738.0,
            "latest": 6
        },
        "7": {
            "lo_mode_id": 3,
            "if_freq": -79958738.0,
            "latest": 7
        },
        "8": {
            "lo_mode_id": 4,
            "if_freq": -193848914.0,
            "latest": 8
        },
        "9": {
            "lo_mode_id": 4,
            "if_freq": 193848914.0,
            "latest": 9
        }
    },
    "if_cal": {
        "1": {
            "gain": 0.002297043585528022,
            "phase": -0.02404653967160267,
            "temperature": 54.75,
            "timestamp": 1750753914.7182121,
            "method": "auto"
        },
        "2": {
            "gain": -0.0040652719047081275,
            "phase": -0.10800384887853999,
            "temperature": 54.75,
            "timestamp": 1750753914.7226734,
            "method": "auto"
        },
        "3": {
            "gain": -0.00043127132799101764,
            "phase": -0.2193972084150864,
            "temperature": 54.75,
            "timestamp": 1750753914.7248442,
            "method": "auto"
        },
        "4": {
            "gain": -0.006153383520273798,
            "phase": 0.17294670757699704,
            "temperature": 58.75,
            "timestamp": 1750753925.7128327,
            "method": "auto"
        },
        "5": {
            "gain": -0.01003797667656504,
            "phase": 0.10651694145031974,
            "temperature": 58.75,
            "timestamp": 1750753925.7150977,
            "method": "auto"
        },
        "6": {
            "gain": -0.01785257581846587,
            "phase": 0.1154849629953582,
            "temperature": 54.5625,
            "timestamp": 1750753936.4625187,
            "method": "auto"
        },
        "7": {
            "gain": -0.018235973041649436,
            "phase": 0.1593759034423908,
            "temperature": 54.5625,
            "timestamp": 1750753936.4649882,
            "method": "auto"
        },
        "8": {
            "gain": 0.002475618386640493,
            "phase": 0.2074757200551651,
            "temperature": 57.5,
            "timestamp": 1750753946.6724596,
            "method": "auto"
        },
        "9": {
            "gain": 0.0028806534065967514,
            "phase": 0.1247349343109666,
            "temperature": 57.5,
            "timestamp": 1750753946.6802065,
            "method": "auto"
        }
    }
}
