{
    "modes": {
        "1": {
            "octave_name": "octave1",
            "octave_channel": 1
        },
        "2": {
            "octave_name": "octave2",
            "octave_channel": 1
        },
        "3": {
            "octave_name": "octave2",
            "octave_channel": 4
        },
        "4": {
            "octave_name": "octave2",
            "octave_channel": 3
        }
    },
    "lo_modes": {
        "1": {
            "mode_id": 1,
            "lo_freq": 6670000000.0,
            "gain": -10.0,
            "latest": 1
        },
        "2": {
            "mode_id": 2,
            "lo_freq": 4350000000.0,
            "gain": -4.0,
            "latest": 10
        },
        "3": {
            "mode_id": 3,
            "lo_freq": 4700000000.0,
            "gain": -2.0,
            "latest": 11
        },
        "4": {
            "mode_id": 4,
            "lo_freq": 5200000000.0,
            "gain": 0.0,
            "latest": 4
        },
        "5": {
            "mode_id": 1,
            "lo_freq": 6550000000.0,
            "gain": -20.0,
            "latest": 9
        },
        "6": {
            "mode_id": 4,
            "lo_freq": 6000000000.0,
            "gain": 0.0,
            "latest": 12
        }
    },
    "lo_cal": {
        "1": {
            "i0": -0.0016490026935308795,
            "q0": 0.025978670813409183,
            "lo_mode_id": 1,
            "dc_gain": 0.00502898738097346,
            "dc_phase": -0.07244263146885997,
            "temperature": 54.6875,
            "timestamp": 1754918448.8114192,
            "method": "auto"
        },
        "2": {
            "i0": -0.008117959645450343,
            "q0": 0.01751315170966291,
            "lo_mode_id": 2,
            "dc_gain": -0.0008331381589774534,
            "dc_phase": 0.14091648304734125,
            "temperature": 37.4375,
            "timestamp": 1754918461.4712129,
            "method": "auto"
        },
        "3": {
            "i0": 0.03868942414189998,
            "q0": 0.037856393915264935,
            "lo_mode_id": 3,
            "dc_gain": -0.005873114186293438,
            "dc_phase": 0.15481936203472466,
            "temperature": 36.75,
            "timestamp": 1754918472.8713884,
            "method": "auto"
        },
        "4": {
            "i0": 0.008737271667780074,
            "q0": 0.030500023369837294,
            "lo_mode_id": 4,
            "dc_gain": 0.015524106275186078,
            "dc_phase": 0.15861993922629877,
            "temperature": 38.5,
            "timestamp": 1754918485.2898023,
            "method": "auto"
        },
        "5": {
            "i0": -0.0022593094428687765,
            "q0": 0.02581719642214856,
            "dc_gain": 0.0031997724696355423,
            "dc_phase": -0.06740245452120527,
            "temperature": 55.0,
            "timestamp": 1755004803.0014408,
            "method": "auto"
        },
        "6": {
            "i0": -0.009266227906780052,
            "q0": 0.01846259399806438,
            "dc_gain": -0.0012611119759367018,
            "dc_phase": 0.14178808127232048,
            "temperature": 58.3125,
            "timestamp": 1755004813.946181,
            "method": "auto"
        },
        "7": {
            "i0": 0.03701561223242163,
            "q0": 0.03715761644104084,
            "dc_gain": 0.0012289952405843962,
            "dc_phase": 0.16896050649932629,
            "temperature": 48.5625,
            "timestamp": 1755004825.0820308,
            "method": "auto"
        },
        "8": {
            "i0": 0.006622902409675242,
            "q0": 0.020079551230344016,
            "dc_gain": 0.00713733527573801,
            "dc_phase": -0.0011044122830703392,
            "temperature": 50.5625,
            "timestamp": 1755004836.0823524,
            "method": "auto"
        },
        "9": {
            "i0": -0.002150584409589803,
            "q0": 0.025801203481568544,
            "dc_gain": 0.003194830765590906,
            "dc_phase": -0.0678546228316192,
            "temperature": 54.9375,
            "timestamp": 1755005283.6472168,
            "method": "auto"
        },
        "10": {
            "i0": -0.009224083909749709,
            "q0": 0.018485860141245126,
            "dc_gain": -0.0007416286570703923,
            "dc_phase": 0.14175272398880398,
            "temperature": 58.375,
            "timestamp": 1755005295.2658694,
            "method": "auto"
        },
        "11": {
            "i0": 0.03705006796371969,
            "q0": 0.03717055260379872,
            "dc_gain": 0.0012539338625665586,
            "dc_phase": 0.16890632790099358,
            "temperature": 48.625,
            "timestamp": 1755005305.1432858,
            "method": "auto"
        },
        "12": {
            "i0": 0.006625322896784095,
            "q0": 0.020089864227022303,
            "dc_gain": 0.007092227840095333,
            "dc_phase": -0.0012769684967915574,
            "temperature": 50.5625,
            "timestamp": 1755005316.321861,
            "method": "auto"
        }
    },
    "if_modes": {
        "1": {
            "lo_mode_id": 1,
            "if_freq": -254980192.0,
            "latest": 1
        },
        "2": {
            "lo_mode_id": 1,
            "if_freq": -106006556.65287685,
            "latest": 2
        },
        "3": {
            "lo_mode_id": 1,
            "if_freq": 113085618.4294653,
            "latest": 3
        },
        "4": {
            "lo_mode_id": 2,
            "if_freq": -105003688.0,
            "latest": 4
        },
        "5": {
            "lo_mode_id": 2,
            "if_freq": 105003688.0,
            "latest": 5
        },
        "6": {
            "lo_mode_id": 3,
            "if_freq": -160299051.0,
            "latest": 6
        },
        "7": {
            "lo_mode_id": 3,
            "if_freq": 160299051.0,
            "latest": 7
        },
        "8": {
            "lo_mode_id": 4,
            "if_freq": -193848914.0,
            "latest": 8
        },
        "9": {
            "lo_mode_id": 4,
            "if_freq": 193848914.0,
            "latest": 9
        },
        "10": {
            "lo_mode_id": 5,
            "if_freq": -136823689.0,
            "latest": 19
        },
        "11": {
            "lo_mode_id": 5,
            "if_freq": 47477890.09901714,
            "latest": 20
        },
        "12": {
            "lo_mode_id": 5,
            "if_freq": 233034563.47931957,
            "latest": 21
        },
        "13": {
            "lo_mode_id": 2,
            "if_freq": -104873307.0,
            "latest": 13
        },
        "14": {
            "lo_mode_id": 2,
            "if_freq": 104873307.0,
            "latest": 14
        },
        "15": {
            "lo_mode_id": 3,
            "if_freq": -160379000.0,
            "latest": 24
        },
        "16": {
            "lo_mode_id": 3,
            "if_freq": 160379000.0,
            "latest": 25
        },
        "17": {
            "lo_mode_id": 6,
            "if_freq": -200000000.0,
            "latest": 26
        },
        "18": {
            "lo_mode_id": 6,
            "if_freq": 200000000.0,
            "latest": 27
        },
        "19": {
            "lo_mode_id": 2,
            "if_freq": -104867028.0,
            "latest": 22
        },
        "20": {
            "lo_mode_id": 2,
            "if_freq": 104867028.0,
            "latest": 23
        }
    },
    "if_cal": {
        "1": {
            "if_mode_id": 1,
            "gain": 0.011817175523267576,
            "phase": -0.06311519271126395,
            "temperature": 54.6875,
            "timestamp": 1754918448.8162153,
            "method": "auto"
        },
        "2": {
            "if_mode_id": 2,
            "gain": 0.006508268270046747,
            "phase": -0.06997947976772154,
            "temperature": 54.6875,
            "timestamp": 1754918448.8209047,
            "method": "auto"
        },