{
    "modes": {
        "1": {
            "octave_name": "oct1",
            "octave_channel": 1
        },
        "2": {
            "octave_name": "oct2",
            "octave_channel": 1
        },
        "3": {
            "octave_name": "oct2",
            "octave_channel": 4
        },
        "4": {
            "octave_name": "oct2",
            "octave_channel": 3
        }
    },
    "lo_modes": {
        "1": {
            "mode_id": 1,
            "lo_freq": 6550000000.0,
            "gain": -20.0,
            "latest": 1
        },
        "2": {
            "mode_id": 2,
            "lo_freq": 4170000000.0,
            "gain": -2.0,
            "latest": 2
        },
        "3": {
            "mode_id": 3,
            "lo_freq": 4450000000.0,
            "gain": -2.0,
            "latest": 3
        },
        "4": {
            "mode_id": 4,
            "lo_freq": 5600000000.0,
            "gain": -2.0,
            "latest": 4
        }
    },
    "lo_cal": {
        "1": {
            "i0": -0.002618169702163806,
            "q0": 0.02588604695562405,
            "dc_gain": 0.003076273998336765,
            "dc_phase": -0.0683540908620629,
            "temperature": 48.4375,
            "timestamp": 1771333675.9570289,
            "method": "auto"
        },
        "2": {
            "i0": -0.00154584843518976,
            "q0": 0.01432835708141375,
            "dc_gain": -0.00014385783351167358,
            "dc_phase": 0.08664236048518235,
            "temperature": 38.1875,
            "timestamp": 1771333688.771309,
            "method": "auto"
        },
        "3": {
            "i0": 0.02623766650204924,
            "q0": 0.03216134135939056,
            "dc_gain": -0.009551644861792163,
            "dc_phase": 0.13834905267018585,
            "temperature": 37.375,
            "timestamp": 1771333701.158382,
            "method": "auto"
        },
        "4": {
            "i0": 0.01185245880735708,
            "q0": 0.020534292637632623,
            "dc_gain": 0.0030171787464874367,
            "dc_phase": 0.017543076604119516,
            "temperature": 38.9375,
            "timestamp": 1771333714.132179,
            "method": "auto"
        }
    },
    "if_modes": {
        "1": {
            "lo_mode_id": 1,
            "if_freq": -133600796.0,
            "latest": 1
        },
        "2": {
            "lo_mode_id": 1,
            "if_freq": 47662418.0,
            "latest": 2
        },
        "3": {
            "lo_mode_id": 1,
            "if_freq": 233034563.47931957,
            "latest": 3
        },
        "4": {
            "lo_mode_id": 2,
            "if_freq": 75157833.0,
            "latest": 4
        },
        "5": {
            "lo_mode_id": 2,
            "if_freq": -75157833.0,
            "latest": 5
        },
        "6": {
            "lo_mode_id": 3,
            "if_freq": 89919463.0,
            "latest": 6
        },
        "7": {
            "lo_mode_id": 3,
            "if_freq": -89919463.0,
            "latest": 7
        },
        "8": {
            "lo_mode_id": 4,
            "if_freq": 200000000.0,
            "latest": 8
        },
        "9": {
            "lo_mode_id": 4,
            "if_freq": -200000000.0,
            "latest": 9
        }
    },
    "if_cal": {
        "1": {
            "gain": 0.0,
            "phase": 0.0,
            "temperature": 48.4375,
            "timestamp": 1771333675.9624624,
            "method": "auto"
        },
        "2": {
            "gain": -0.000533815838252863,
            "phase": -0.08588912969374111,
            "temperature": 48.4375,
            "timestamp": 1771333675.9676206,
            "method": "auto"
        },
        "3": {
            "gain": -0.0006354545049705715,
            "phase": -0.1407068403112991,
            "temperature": 48.4375,
            "timestamp": 1771333675.972113,
            "method": "auto"
        },
        "4": {
            "gain": -0.0025542572385126214,
            "phase": 0.07129559786981285,
            "temperature": 38.1875,
            "timestamp": 1771333688.777917,
            "method": "auto"
        },
        "5": {
            "gain": -0.005470367360739379,
            "phase": 0.10790175473083517,
            "temperature": 38.1875,
            "timestamp": 1771333688.7849188,
            "method": "auto"
        },
        "6": {
            "gain": -0.015662793244231244,
            "phase": 0.10874403389485107,
            "temperature": 37.375,
            "timestamp": 1771333701.165376,
            "method": "auto"
        },
        "7": {
            "gain": -0.015318943765080629,
            "phase": 0.17491260160750186,
            "temperature": 37.375,
            "timestamp": 1771333701.172493,
            "method": "auto"
        },
        "8": {
            "gain": 0.005453805332803561,
            "phase": -0.003272300785563746,
            "temperature": 38.9375,
            "timestamp": 1771333714.1405268,
            "method": "auto"
        },
        "9": {
            "gain": 0.001924491487455943,
            "phase": 0.04158843670960828,
            "temperature": 38.9375,
            "timestamp": 1771333714.148915,
            "method": "auto"
        }
    }
}