{
    "single_qubits": {
        "0": {
            "resonator": {
                "bare_frequency": 6407873622.85168,
                "dressed_frequency": 6416399203.0,
                "depletion_time": null,
                "bare_frequency_amplitude": null
            },
            "qubit": {
                "frequency_01": 4245767128.2725987,
                "frequency_12": null,
                "maximum_frequency": null,
                "asymmetry": null,
                "sweetspot": 0.0,
                "flux_coefficients": null
            },
            "readout": {
                "fidelity": 0.6438446346280448,
                "coupling": 59741576.28922513,
                "effective_temperature": 0.13133364672555825,
                "ground_state": [
                    -0.000016817490305645966,
                    0.0016205046858807969
                ],
                "excited_state": [
                    0.00013582763054246884,
                    0.001980002454486311
                ],
                "qudits_frequency": {
                    "1": 6413110709.314483
                }
            },
            "t1": [
                26072.522340808315,
                1073.4542474219932
            ],
            "t2": [
                24762.38337892429,
                1390.2404249541719
            ],
            "t2_spin_echo": [
                35965.070644802654,
                4993.30264145931
            ],
            "rb_fidelity": [
                0.9988628916151323,
                0.00009216073730392898
            ]
        },
        "1": {
            "resonator": {
                "bare_frequency": 6586791000.0,
                "dressed_frequency": 6597662418.0,
                "depletion_time": null,
                "bare_frequency_amplitude": null
            },
            "qubit": {
                "frequency_01": 4540844316.908109,
                "frequency_12": null,
                "maximum_frequency": null,
                "asymmetry": null,
                "sweetspot": 0.0,
                "flux_coefficients": null
            },
            "readout": {
                "fidelity": 0.6076366030283081,
                "coupling": 64763135.25915782,
                "effective_temperature": 0.19091802450537337,
                "ground_state": [
                    0.0007183379963305567,
                    0.0028522321727217697
                ],
                "excited_state": [
                    0.0011436255615623944,
                    0.003129580897512681
                ],
                "qudits_frequency": {
                    "1": 6593584018.016974
                }
            },
            "t1": [
                17182.593128549564,
                629.6659125159769
            ],
            "t2": [
                21877.014045817035,
                1421.022762304672
            ],
            "t2_spin_echo": [
                20522.104321059087,
                1330.824258148749
            ],
            "rb_fidelity": [
                0.9978901943437323,
                0.00005251145039536625
            ]
        },
        "2": {
            "resonator": {
                "bare_frequency": 6766301027.24265,
                "dressed_frequency": 6782535582.27897,
                "depletion_time": null,
                "bare_frequency_amplitude": null
            },
            "qubit": {
                "frequency_01": 5006151086.0,
                "frequency_12": null,
                "maximum_frequency": null,
                "asymmetry": null,
                "sweetspot": 0.0,
                "flux_coefficients": null
            },
            "readout": {
                "fidelity": 0.1986090678079444,
                "coupling": 4233532.62966047,
                "effective_temperature": 0.0806928387480796,
                "ground_state": [
                    -0.00031450156443822296,
                    -0.0004782561570798148
                ],
                "excited_state": [
                    -0.0003593526905163638,
                    -0.00046833156762123745
                ],
                "qudits_frequency": {
                    "1": 6782106599.118525
                }
            },
            "t1": [
                16350.0,
                null
            ],
            "t2": [
                13102.0,
                null
            ],
            "t2_spin_echo": [
                0.0,
                null
            ],
            "rb_fidelity": [
                0.0,
                null
            ]
        }
    },
    "two_qubits": {
        "0-1": {
            "rb_fidelity": [
                0.0,
                null
            ],
            "cz_fidelity": [
                0.0,
                null
            ],
            "coupling": null
        },
        "1-0": {
            "rb_fidelity": [
                0.0,
                null
            ],
            "cz_fidelity": [
                0.0,
                null
            ],
            "coupling": null
        },
        "1-2": {
            "rb_fidelity": [
                0.0,
                null
            ],
            "cz_fidelity": [
                0.0,
                null
            ],
            "coupling": null
        },
        "2-1": {
            "rb_fidelity": [
                0.0,
                null
            ],
            "cz_fidelity": [
                0.0,
                null
            ],
            "coupling": null
        }
    },
    "readout_mitigation_matrix": null,
    "flux_crosstalk_matrix": null
}