{
    "single_qubits": {
        "0": {
            "resonator": {
                "bare_frequency": 6390834000.0,
                "dressed_frequency": 6416319808.0,
                "depletion_time": null,
                "bare_frequency_amplitude": null
            },
            "qubit": {
                "frequency_01": 4244565266.8499403,
                "frequency_12": null,
                "maximum_frequency": null,
                "asymmetry": null,
                "sweetspot": 0.0,
                "flux_coefficients": null
            },
            "readout": {
                "fidelity": 0.62936142198815,
                "coupling": 59664802.840849146,
                "effective_temperature": 0.020176056899358436,
                "ground_state": [
                    0.0023840032100441743,
                    0.00018052502621846838
                ],
                "excited_state": [
                    0.002402587452262071,
                    0.0003828181467651144
                ],
                "qudits_frequency": {
                    "1": 6413041455.604969
                }
            },
            "t1": [
                26260.9023190589,
                2222.2710220906233
            ],
            "t2": [
                29654.893430701883,
                3008.0403315938956
            ],
            "t2_spin_echo": [
                0.0,
                null
            ],
            "rb_fidelity": [
                0.9961177418413025,
                0.004113859935790652
            ]
        },
        "1": {
            "resonator": {
                "bare_frequency": 6586991000.0,
                "dressed_frequency": 6589645862.0,
                "depletion_time": null,
                "bare_frequency_amplitude": null
            },
            "qubit": {
                "frequency_01": 4539262721.550236,
                "frequency_12": null,
                "maximum_frequency": null,
                "asymmetry": null,
                "sweetspot": 0.0,
                "flux_coefficients": null
            },
            "readout": {
                "fidelity": 0.7353522053982884,
                "coupling": 33244827.100827545,
                "effective_temperature": 0.015803541503271706,
                "ground_state": [
                    0.0034878078329971768,
                    -0.0005438893532470094
                ],
                "excited_state": [
                    0.0035853993571887603,
                    -0.0002849906722207537
                ],
                "qudits_frequency": {
                    "1": 6590723923.371471
                }
            },
            "t1": [
                16572.765307489128,
                492.7032200986161
            ],
            "t2": [
                17612.654204955423,
                2724.647088820362
            ],
            "t2_spin_echo": [
                0.0,
                null
            ],
            "rb_fidelity": [
                0.9932292119177519,
                0.0007496706983210041
            ]
        },
        "2": {
            "resonator": {
                "bare_frequency": 6770004000.0,
                "dressed_frequency": 6782126748.0,
                "depletion_time": null,
                "bare_frequency_amplitude": null
            },
            "qubit": {
                "frequency_01": 5006151086.0,
                "frequency_12": null,
                "maximum_frequency": null,
                "asymmetry": null,
                "sweetspot": 0.0,
                "flux_coefficients": null
            },
            "readout": {
                "fidelity": 0.1986090678079444,
                "coupling": 4233532.62966047,
                "effective_temperature": 0.0806928387480796,
                "ground_state": [
                    -0.00031450156443822296,
                    -0.0004782561570798148
                ],
                "excited_state": [
                    -0.0003593526905163638,
                    -0.00046833156762123745
                ],
                "qudits_frequency": {
                    "1": 6782106599.118525
                }
            },
            "t1": [
                16350.0,
                null
            ],
            "t2": [
                13102.0,
                null
            ],
            "t2_spin_echo": [
                0.0,
                null
            ],
            "rb_fidelity": [
                0.0,
                null
            ]
        }
    },
    "two_qubits": {
        "0-1": {
            "rb_fidelity": [
                0.0,
                null
            ],
            "cz_fidelity": [
                0.0,
                null
            ],
            "coupling": null
        },
        "1-0": {
            "rb_fidelity": [
                0.0,
                null
            ],
            "cz_fidelity": [
                0.0,
                null
            ],
            "coupling": null
        },
        "1-2": {
            "rb_fidelity": [
                0.0,
                null
            ],
            "cz_fidelity": [
                0.0,
                null
            ],
            "coupling": null
        },
        "2-1": {
            "rb_fidelity": [
                0.0,
                null
            ],
            "cz_fidelity": [
                0.0,
                null
            ],
            "coupling": null
        }
    },
    "readout_mitigation_matrix": null,
    "flux_crosstalk_matrix": null
}
