{
    "settings": {
        "nshots": 1000,
        "relaxation_time": 120000
    },
    "configs": {
        "qblox/bounds": {
            "kind": "bounds",
            "waveforms": 40000.0,
            "readout": 1000000,
            "instructions": 1000000
        },
        "qrm_rf0/o1/lo": {
            "kind": "oscillator",
            "frequency": 6550000000.0,
            "power": -44.0
        },
        "qcm_rf0/o1/lo": {
            "kind": "oscillator",
            "frequency": 4900000000.0,
            "power": -10.0
        },
        "qcm_rf0/o2/lo": {
            "kind": "oscillator",
            "frequency": 4350000000.0,
            "power": -10.0
        },
        "qcm_rf1/o1/lo": {
            "kind": "oscillator",
            "frequency": 4600000000.0,
            "power": 0.0
        },
        "qrm_rf0/o1/mixer": {
            "kind": "iq-mixer",
            "offset_i": -8.05293655395508,
            "offset_q": -6.27674865722656,
            "scale_q": 0.9751265048980713,
            "phase_q": -1.615902304649353
        },
        "qcm_rf0/o1/mixer": {
            "kind": "iq-mixer",
            "offset_i": -11.182580947876,
            "offset_q": -3.1377956867218,
            "scale_q": 0.9577882885932922,
            "phase_q": -17.532501220703125
        },
        "qcm_rf0/o2/mixer": {
            "kind": "iq-mixer",
            "offset_i": -8.96257781982422,
            "offset_q": -5.1904091835022,
            "scale_q": 0.9816960692405701,
            "phase_q": -3.739400625228882
        },
        "qcm_rf1/o1/mixer": {
            "kind": "iq-mixer",
            "offset_i": -13.7545757293701,
            "offset_q": -5.20697355270386,
            "scale_q": 0.9738867878913879,
            "phase_q": 1.063210368156433
        },
        "0/drive": {
            "kind": "iq",
            "frequency": 4240350282.9566708
        },
        "0/probe": {
            "kind": "iq",
            "frequency": 6416075019.0
        },
        "1/drive": {
            "kind": "iq",
            "frequency": 4536256076.235055
        },
        "01/drive": {
            "kind": "iq",
            "frequency": 4540554996.0
        },
        "12/drive": {
            "kind": "iq",
            "frequency": 4540554996.0
        },
        "1/probe": {
            "kind": "iq",
            "frequency": 6597251335.25557
        },
        "2/drive": {
            "kind": "iq",
            "frequency": 5130011714.0
        },
        "2/probe": {
            "kind": "iq",
            "frequency": 6782361114.36993
        },
        "0/acquisition": {
            "kind": "acquisition",
            "delay": 248.0,
            "smearing": 0.0,
            "threshold": 0.002962018467124542,
            "iq_angle": 3.065963209496696,
            "kernel": null
        },
        "1/acquisition": {
            "kind": "acquisition",
            "delay": 248.0,
            "smearing": 0.0,
            "threshold": 0.007623520331223652,
            "iq_angle": -0.9419767895432146,
            "kernel": null
        },
        "2/acquisition": {
            "kind": "acquisition",
            "delay": 248.0,
            "smearing": 0.0,
            "threshold": 0.004963001990058444,
            "iq_angle": 2.7792855014902,
            "kernel": null
        }
    },
    "native_gates": {
        "single_qubit": {
            "0": {
                "RX": [
                    [
                        "0/drive",
                        {
                            "kind": "pulse",
                            "duration": 20.0,
                            "amplitude": 0.10748505191628233,
                            "envelope": {
                                "kind": "drag",
                                "rel_sigma": 0.3,
                                "beta": -0.5735890718681362
                            },
                            "relative_phase": 0.0
                        }
                    ]
                ],
                "RX90": [
                    [
                        "0/drive",
                        {
                            "kind": "pulse",
                            "duration": 20.0,
                            "amplitude": 0.0835274883616533,
                            "envelope": {
                                "kind": "drag",
                                "rel_sigma": 0.3,
                                "beta": -0.6581851661344
                            },
                            "relative_phase": 0.0
                        }
                    ]
                ],
                "RX12": null,
                "MZ": [
                    [
                        "0/acquisition",
                        {
                            "kind": "readout",
                            "acquisition": {
                                "kind": "acquisition",
                                "duration": 2000.0
                            },
                            "probe": {
                                "kind": "pulse",
                                "duration": 1000.0,
                                "amplitude": 0.05,
                                "envelope": {
                                    "kind": "rectangular"
                                },
                                "relative_phase": 0.0
                            }
                        }
                    ]
                ],
                "CP": null
            },
            "1": {
                "RX": [
                    [
                        "1/drive",
                        {
                            "kind": "pulse",
                            "duration": 120.0,
                            "amplitude": 0.8762154864557566,
                            "envelope": {
                                "kind": "rectangular"
                            },
                            "relative_phase": 0.0
                        }
                    ]
                ],
                "RX90": null,
                "RX12": null,
                "MZ": [
                    [
                        "1/acquisition",
                        {
                            "kind": "readout",
                            "acquisition": {
                                "kind": "acquisition",
                                "duration": 1000.0
                            },
                            "probe": {
                                "kind": "pulse",
                                "duration": 1000.0,
                                "amplitude": 0.058,
                                "envelope": {
                                    "kind": "rectangular"
                                },
                                "relative_phase": 0.0
                            }
                        }
                    ]
                ],
                "CP": null
            },
            "2": {
                "RX": [
                    [
                        "2/drive",
                        {
                            "kind": "pulse",
                            "duration": 50.0,
                            "amplitude": 0.487,
                            "envelope": {
                                "kind": "gaussian",
                                "rel_sigma": 5.0
                            },
                            "relative_phase": 0.0
                        }
                    ]
                ],
                "RX90": null,
                "RX12": null,
                "MZ": [
                    [
                        "2/acquisition",
                        {
                            "kind": "readout",
                            "acquisition": {
                                "kind": "acquisition",
                                "duration": 1000.0
                            },
                            "probe": {
                                "kind": "pulse",