{
    "settings": {
        "nshots": 1000,
        "relaxation_time": 120000
    },
    "configs": {
        "qblox/bounds": {
            "kind": "bounds",
            "waveforms": 40000.0,
            "readout": 1000000,
            "instructions": 1000000
        },
        "qrm_rf0/o1/lo": {
            "kind": "oscillator",
            "frequency": 6550000000.0,
            "power": -44.0
        },
        "qcm_rf0/o1/lo": {
            "kind": "oscillator",
            "frequency": 5200000000.0,
            "power": 0.0
        },
        "qcm_rf0/o2/lo": {
            "kind": "oscillator",
            "frequency": 4350000000.0,
            "power": -10.0
        },
        "qcm_rf1/o1/lo": {
            "kind": "oscillator",
            "frequency": 4600000000.0,
            "power": 0.0
        },
        "qrm_rf0/o1/mixer": {
            "kind": "iq-mixer",
            "offset_i": -8.04171848297119,
            "offset_q": -6.24586820602417,
            "scale_q": 0.9752762913703918,
            "phase_q": -1.6823710203170776
        },
        "qcm_rf0/o1/mixer": {
            "kind": "iq-mixer",
            "offset_i": -9.03014183044434,
            "offset_q": -1.61047828197479,
            "scale_q": 0.9577851295471191,
            "phase_q": -19.970109939575195
        },
        "qcm_rf0/o2/mixer": {
            "kind": "iq-mixer",
            "offset_i": -8.9466495513916,
            "offset_q": -5.08462476730347,
            "scale_q": 0.9794647097587585,
            "phase_q": -3.6885714530944824
        },
        "qcm_rf1/o1/mixer": {
            "kind": "iq-mixer",
            "offset_i": -10.6643724441528,
            "offset_q": -10.8468074798584,
            "scale_q": 0.9179041385650635,
            "phase_q": -19.392702102661133
        },
        "0/drive": {
            "kind": "iq",
            "frequency": 4240350282.9566708
        },
        "0/probe": {
            "kind": "iq",
            "frequency": 6416075019.0
        },
        "1/drive": {
            "kind": "iq",
            "frequency": 4536256076.235055
        },
        "01/drive": {
            "kind": "iq",
            "frequency": 4540554996.0
        },
        "12/drive": {
            "kind": "iq",
            "frequency": 4540554996.0
        },
        "1/probe": {
            "kind": "iq",
            "frequency": 6597251335.25557
        },
        "2/drive": {
            "kind": "iq",
            "frequency": 5129714421.310028
        },
        "2/probe": {
            "kind": "iq",
            "frequency": 6776861114.0
        },
        "0/acquisition": {
            "kind": "acquisition",
            "delay": 248.0,
            "smearing": 0.0,
            "threshold": 0.002962018467124542,
            "iq_angle": 3.065963209496696,
            "kernel": null
        },
        "1/acquisition": {
            "kind": "acquisition",
            "delay": 248.0,
            "smearing": 0.0,
            "threshold": 0.007326323354185199,
            "iq_angle": -0.9305037478338632,
            "kernel": null
        },
        "2/acquisition": {
            "kind": "acquisition",
            "delay": 248.0,
            "smearing": 0.0,
            "threshold": -0.004043621146655373,
            "iq_angle": -0.4599287591434075,
            "kernel": null
        }
    },
    "native_gates": {
        "single_qubit": {
            "0": {
                "RX": [
                    [
                        "0/drive",
                        {
                            "kind": "pulse",
                            "duration": 20.0,
                            "amplitude": 0.10748505191628233,
                            "envelope": {
                                "kind": "drag",
                                "rel_sigma": 0.3,
                                "beta": -0.5735890718681362
                            },
                            "relative_phase": 0.0
                        }
                    ]
                ],
                "RX90": [
                    [
                        "0/drive",
                        {
                            "kind": "pulse",
                            "duration": 20.0,
                            "amplitude": 0.0835274883616533,
                            "envelope": {
                                "kind": "drag",
                                "rel_sigma": 0.3,
                                "beta": -0.6581851661344
                            },
                            "relative_phase": 0.0
                        }
                    ]
                ],
                "RX12": null,
                "MZ": [
                    [
                        "0/acquisition",
                        {
                            "kind": "readout",
                            "acquisition": {
                                "kind": "acquisition",
                                "duration": 1000.0
                            },
                            "probe": {
                                "kind": "pulse",
                                "duration": 1000.0,
                                "amplitude": 0.05,
                                "envelope": {
                                    "kind": "rectangular"
                                },
                                "relative_phase": 0.0
                            }
                        }
                    ]
                ],
                "CP": null
            },
            "1": {
                "RX": [
                    [
                        "1/drive",
                        {
                            "kind": "pulse",
                            "duration": 120.0,
                            "amplitude": 0.8830533011934822,
                            "envelope": {
                                "kind": "rectangular"
                            },
                            "relative_phase": 0.0
                        }
                    ]
                ],
                "RX90": null,
                "RX12": null,
                "MZ": [
                    [
                        "1/acquisition",
                        {
                            "kind": "readout",
                            "acquisition": {
                                "kind": "acquisition",
                                "duration": 1000.0
                            },
                            "probe": {
                                "kind": "pulse",
                                "duration": 1000.0,
                                "amplitude": 0.058,
                                "envelope": {
                                    "kind": "rectangular"
                                },
                                "relative_phase": 0.0
                            }
                        }
                    ]
                ],
                "CP": null
            },
            "2": {
                "RX": [
                    [
                        "2/drive",
                        {
                            "kind": "pulse",
                            "duration": 30.0,
                            "amplitude": 0.6818968658734158,
                            "envelope": {
                                "kind": "gaussian",
                                "rel_sigma": 0.2
                            },
                            "relative_phase": 0.0
                        }
                    ]
                ],
                "RX90": null,
                "RX12": null,
                "MZ": [
                    [
                        "2/acquisition",
                        {
                            "kind": "readout",
                            "acquisition": {
                                "kind": "acquisition",
                                "duration": 1000.0
                            },