{
    "single_qubits": {
        "0": {
            "resonator": {
                "bare_frequency": 5221992000,
                "dressed_frequency": 5226976330
            },
            "qubit": {
                "frequency_01": 4107069248,
                "sweetspot": -0.0016229057855406503
            },
            "readout": {
                "fidelity": 0.8865855289554634,
                "ground_state": [
                    -0.00047468118641087444,
                    0.0006090297812827418
                ],
                "excited_state": [
                    -0.002849275937428792,
                    0.003612874764746109
                ]
            },
            "t1": [
                23128,
                null
            ],
            "t2": [
                10680,
                null
            ],
            "t2_spin_echo": [
                28205,
                null
            ],
            "rb_fidelity": [
                0.0,
                null
            ]
        },
        "1": {
            "resonator": {
                "bare_frequency": 4927992000,
                "dressed_frequency": 4928845888
            },
            "qubit": {
                "frequency_01": 4264082173,
                "sweetspot": 0.00043051222276122323
            },
            "readout": {
                "fidelity": 0.7731710579109269,
                "ground_state": [
                    7.352226459703797e-05,
                    9.448476955762375e-05
                ],
                "excited_state": [
                    -0.0018669512209796514,
                    -0.00027390591708637387
                ]
            },
            "t1": [
                18407,
                null
            ],
            "t2": [
                11505,
                null
            ],
            "t2_spin_echo": [
                10905,
                null
            ],
            "rb_fidelity": [
                0.0,
                null
            ]
        },
        "2": {
            "resonator": {
                "bare_frequency": 6078000000,
                "dressed_frequency": 6114827652
            },
            "qubit": {
                "frequency_01": 4556652119,
                "sweetspot": -0.010436105811582838
            },
            "readout": {
                "fidelity": 0.8988899291159557,
                "ground_state": [
                    -0.004032558888542423,
                    0.00024028430294349538
                ],
                "excited_state": [
                    -0.004966204318289762,
                    0.004080991814413737
                ]
            },
            "t1": [
                8507,
                null
            ],
            "t2": [
                3595,
                null
            ],
            "t2_spin_echo": [
                15091,
                null
            ],
            "rb_fidelity": [
                0.0,
                null
            ]
        },
        "3": {
            "resonator": {
                "bare_frequency": 5778500000,
                "dressed_frequency": 5808431510
            },
            "qubit": {
                "frequency_01": 4101313618,
                "sweetspot": -0.06
            },
            "readout": {
                "fidelity": 0.8701350809148054,
                "ground_state": [
                    -0.002529545200411399,
                    -0.007103022859003043
                ],
                "excited_state": [
                    -0.005168027922569168,
                    -0.004643851733279827
                ]
            },
            "t1": [
                23964,
                null
            ],
            "t2": [
                3255,
                null
            ],
            "t2_spin_echo": [
                5900,
                null
            ],
            "rb_fidelity": [
                0.0,
                null
            ]
        },
        "4": {
            "resonator": {
                "bare_frequency": 5516492000,
                "dressed_frequency": 5532640418
            },
            "qubit": {
                "frequency_01": 4358134069,
                "sweetspot": -0.01191603900477246
            },
            "readout": {
                "fidelity": 0.891400294235656,
                "ground_state": [
                    0.0007366633479541909,
                    -0.0006603052471317902
                ],
                "excited_state": [
                    0.0009096024454948995,
                    -0.0028394861886544267
                ]
            },
            "t1": [
                7030,
                null
            ],
            "t2": [
                9573,
                null
            ],
            "t2_spin_echo": [
                10557,
                null
            ],
            "rb_fidelity": [
                0.0,
                null
            ]
        }
    },
    "two_qubits": {
        "0-2": {
            "rb_fidelity": [
                0.0,
                null
            ],
            "cz_fidelity": [
                0.0,
                null
            ]
        },
        "2-0": {
            "rb_fidelity": [
                0.0,
                null
            ],
            "cz_fidelity": [
                0.0,
                null
            ]
        },
        "1-2": {
            "rb_fidelity": [
                0.0,
                null
            ],
            "cz_fidelity": [
                0.0,
                null
            ]
        },
        "2-1": {
            "rb_fidelity": [
                0.0,
                null
            ],
            "cz_fidelity": [
                0.0,
                null
            ]
        },
        "2-3": {
            "rb_fidelity": [
                0.0,
                null
            ],
            "cz_fidelity": [
                0.0,
                null
            ]
        },
        "3-2": {
            "rb_fidelity": [
                0.0,
                null
            ],
            "cz_fidelity": [
                0.0,
                null
            ]
        },
        "2-4": {
            "rb_fidelity": [
                0.0,
                null
            ],
            "cz_fidelity": [
                0.0,
                null
            ]
        },
        "4-2": {
            "rb_fidelity": [
                0.0,
                null
            ],
            "cz_fidelity": [
                0.0,
                null
            ]
        }
    }
}
