{
    "single_qubits": {
        "0": {
            "resonator": {
                "bare_frequency": 5221992000.0,
                "dressed_frequency": 5226976330.0,
                "depletion_time": null,
                "bare_frequency_amplitude": null
            },
            "qubit": {
                "frequency_01": 4106848222.0,
                "frequency_12": null,
                "maximum_frequency": null,
                "asymmetry": null,
                "sweetspot": 0.000899265657818477,
                "flux_coefficients": null
            },
            "readout": {
                "fidelity": 0.9024714323677916,
                "coupling": null,
                "effective_temperature": 0.050111630362627155,
                "ground_state": [
                    0.00023674344305659392,
                    0.00015997535962154549
                ],
                "excited_state": [
                    -0.001367023888916079,
                    0.0008251503889269217
                ],
                "qudits_frequency": {}
            },
            "t1": [
                23128.0,
                null
            ],
            "t2": [
                10680.0,
                null
            ],
            "t2_spin_echo": [
                27529.0,
                null
            ],
            "rb_fidelity": [
                0.0,
                null
            ]
        },
        "1": {
            "resonator": {
                "bare_frequency": 4927992000.0,
                "dressed_frequency": 4928845888.0,
                "depletion_time": null,
                "bare_frequency_amplitude": null
            },
            "qubit": {
                "frequency_01": 4264109688.0,
                "frequency_12": null,
                "maximum_frequency": null,
                "asymmetry": null,
                "sweetspot": 0.0023976004181763973,
                "flux_coefficients": null
            },
            "readout": {
                "fidelity": 0.7810619232312426,
                "coupling": null,
                "effective_temperature": null,
                "ground_state": [
                    0.00005834395194214067,
                    0.00008677844703293782
                ],
                "excited_state": [
                    -0.0018830868177225713,
                    -0.0003548772384203413
                ],
                "qudits_frequency": {}
            },
            "t1": [
                18407.0,
                null
            ],
            "t2": [
                11505.0,
                null
            ],
            "t2_spin_echo": [
                13542.0,
                null
            ],
            "rb_fidelity": [
                0.0,
                null
            ]
        },
        "2": {
            "resonator": {
                "bare_frequency": 6078000000.0,
                "dressed_frequency": 6114827652.0,
                "depletion_time": null,
                "bare_frequency_amplitude": null
            },
            "qubit": {
                "frequency_01": 4556619068.0,
                "frequency_12": null,
                "maximum_frequency": null,
                "asymmetry": null,
                "sweetspot": -0.008346954748958205,
                "flux_coefficients": null
            },
            "readout": {
                "fidelity": 0.8896616289955865,
                "coupling": null,
                "effective_temperature": null,
                "ground_state": [
                    -0.0041441307777274556,
                    0.0000652283757053139
                ],
                "excited_state": [
                    -0.005322162873072615,
                    0.003875668773442831
                ],
                "qudits_frequency": {}
            },
            "t1": [
                8507.0,
                null
            ],
            "t2": [
                3595.0,
                null
            ],
            "t2_spin_echo": [
                14121.0,
                null
            ],
            "rb_fidelity": [
                0.0,
                null
            ]
        },
        "3": {
            "resonator": {
                "bare_frequency": 5778500000.0,
                "dressed_frequency": 5808431510.0,
                "depletion_time": null,
                "bare_frequency_amplitude": null
            },
            "qubit": {
                "frequency_01": 4101313618.0,
                "frequency_12": null,
                "maximum_frequency": null,
                "asymmetry": null,
                "sweetspot": -0.06,
                "flux_coefficients": null
            },
            "readout": {
                "fidelity": 0.8701350809148054,
                "coupling": null,
                "effective_temperature": null,
                "ground_state": [
                    -0.002529545200411399,
                    -0.007103022859003043
                ],
                "excited_state": [
                    -0.005168027922569168,
                    -0.004643851733279827
                ],
                "qudits_frequency": {}
            },
            "t1": [
                23964.0,
                null
            ],
            "t2": [
                3255.0,
                null
            ],
            "t2_spin_echo": [
                5900.0,
                null
            ],
            "rb_fidelity": [
                0.0,
                null
            ]
        },
        "4": {
            "resonator": {
                "bare_frequency": 5516492000.0,
                "dressed_frequency": 5532640418.0,
                "depletion_time": null,
                "bare_frequency_amplitude": null
            },
            "qubit": {
                "frequency_01": 4358114655.0,
                "frequency_12": null,
                "maximum_frequency": null,
                "asymmetry": null,
                "sweetspot": -0.009373475164799153,
                "flux_coefficients": null
            },
            "readout": {
                "fidelity": 0.8579644242343185,
                "coupling": null,
                "effective_temperature": null,
                "ground_state": [
                    0.0006515258994429122,
                    -0.0005329945732580831
                ],
                "excited_state": [
                    0.0009039271961622637,
                    -0.00232330085856834
                ],
                "qudits_frequency": {}
            },
            "t1": [
                7030.0,
                null
            ],
            "t2": [
                9573.0,
                null
            ],
            "t2_spin_echo": [
                8313.0,
                null
            ],
            "rb_fidelity": [
                0.0,
                null
            ]
        }
    },
    "two_qubits": {
        "0-2": {
            "rb_fidelity": [
                0.0,
                null
            ],
            "cz_fidelity": [
                0.0,
                null
            ],
            "coupling": null
        },
        "2-0": {
            "rb_fidelity": [
                0.0,
                null
            ],
            "cz_fidelity": [
                0.0,
                null
            ],
            "coupling": null
        },
        "1-2": {
            "rb_fidelity": [
                0.0,
                null
            ],
            "cz_fidelity": [
                0.0,
                null
            ],
            "coupling": null
        },
        "2-1": {
            "rb_fidelity": [
                0.0,
                null
            ],
            "cz_fidelity": [
                0.0,
                null
            ],
            "coupling": null
        },
        "2-3": {
            "rb_fidelity": [
                0.0,
                null
            ],